id,projeto,campanha,comunidade,comunidade_id,id_mensagem,texto_preview,tipo,data_evento,remetente_nome,remetente_id,responsavel_nome,created_at
2,Testes do Sendflow,#1 Teste,#1 Teste,120363409597036474@g.us,3EB0FD218E67D692149D7C9461AFF0570CD81669,Opa minha joia,mensagem simples,2026-04-17 22:25:25.209+00,Central de Engajamento,28806983217244@lid,Central,2026-04-18 01:37:29.964716+00
3,Testes do Sendflow,#1 Teste,#1 Teste,120363409597036474@g.us,3EB089261BBBC062AE7387FDB82C4938EBB32618,📊 ENQUETE: Vamos ver (Opções: Eita | Ok),enquete,2026-04-17 22:39:35.773+00,Central de Engajamento,28806983217244@lid,Central,2026-04-18 01:39:35.907327+00
4,Testes do Sendflow,#1 Teste,#1 Teste,120363409597036474@g.us,3EB0E91AE668C35F3477E31F0664AA1AD6C5E76D,Mais um teste,mensagem simples,2026-04-19 11:03:45.289+00,Central de Engajamento,28806983217244@lid,Central,2026-04-19 14:05:10.848911+00
5,Testes do Sendflow,#1 Teste,#1 Teste,120363409597036474@g.us,3EB04BA0B3B03551D9BF7C4746EB7DB61047281B,Oia eu de novo,mensagem simples,2026-04-19 11:06:19.559+00,Central de Engajamento,28806983217244@lid,Central,2026-04-19 14:06:20.019605+00
6,Testes do Sendflow,#1 Teste,#1 Teste,120363409597036474@g.us,3EB041C3BDB65238A8E5839C93E20197B17498C3,Vamos testar,mensagem simples,2026-04-20 01:48:20.059+00,Central de Engajamento,28806983217244@lid,Central de Engajamento,2026-04-20 04:48:20.561297+00
7,Escalada,Conexão Escalada - Nível 2,Conexão Escalada - Nível 2,120363407337623196@g.us,ACF778BD2C8B323FB2948801F715A092,"Bom dia, Camila! Vou te enviar uma mensagem e podemos solucionar isso!!",mensagem simples,2026-04-20 10:27:18.163+00,Central Escalada,194674308468846@lid,Central Escalada,2026-04-20 13:27:18.849424+00
8,Escalada,Conexão Escalada - Nível 2,Conexão Escalada - Nível 2,120363407337623196@g.us,ACA6818EDA7262CF5E4A0AEB205A9523,"Que massa, Ramon! Realmente esses momentos nos ajudam a se conectar mais. Faz toda a diferença!",mensagem simples,2026-04-20 10:28:16.673+00,Central Escalada,194674308468846@lid,Central Escalada,2026-04-20 13:28:17.571002+00
9,Escalada,Conexão Escalada - Nível 2,Conexão Escalada - Nível 2,120363407337623196@g.us,3EB0E19D530AD9E9792E5B,"Já começamos a semana por aqui a todo vapor e uma segunda-feira sem plano é só mais um dia no calendário. 🗓️ 

Muita gente abre a plataforma e trava sem saber como mudar o jogo da rotina, é conhecer e o primeiro passo para mudar isso, é conhecendo métodos, hábidos...

*Missão check-in (+10 pontos):*
1️⃣ Acesse o post: https://escaladaedu.circle.so/c/novidades/ultima-semana-do-mes-flash

2️⃣ Comente qual a sua estratégia de organização, hábito ou método que você utiliza (vale tudo, cronograma, papel...).

3️⃣ Poste o seu comentário e já estará valendo!

🛑 Regra: Válido até 22/04!

Não deixa pra amanhã e conta pra gente aqui: qual dica de organização você descobriu hoje? 👇",mensagem simples,2026-04-20 10:31:18.52+00,Central Escalada,194674308468846@lid,Central Escalada,2026-04-20 13:31:19.145935+00
10,Escalada,Rota de Crescimento - Nível 3,Rota de Crescimento - Nível 3,120363423283283910@g.us,3EB0F6FF9379FEE1995A0A,"*Nessa última semana do Mês Flash, essa é a estratégia que vai colocar você no Top 20!* 🏆

Esses mês vocês descobriram que a constância não é sobre dar um salto impossível, é sobre ser *1% melhor a cada dia*. E a nossa amiga Camila trouxe essa reflexão massa! 

*Sua missão de hoje (+15 pontos):*

1️⃣ Entre na plataforma e identifique uma trilha ou desafio que você estava enrolando para começar.

2️⃣ Realize a atividade válida (um vídeo, um quiz…).

3️⃣ Vá ao post e comente: *""Hoje o meu 1% foi [nome da atividade que você fez]""*.

🛑 *Regra:* Válido até 22/04.

*Conta pra gente aqui, qual foi o tema do seu 1% hoje?* 👇",mensagem simples,2026-04-20 10:39:20.687+00,Central Escalada,194674308468846@lid,Central Escalada,2026-04-20 13:39:23.385893+00
11,Escalada,Conselho Escalada - Nível 5,Conselho Escalada - Nível 5,120363425561018159@g.us,3EB06444BD37ABA768687A,"Bom dia, grandes mentes! 🚀

O que você aprendeu aqui é o combustível, e o Escalada pode ser a sua pista de decolagem. Sua jornada de impacto está só começando! 

🎯 *Missão da semana (+15 pontos):*

1️⃣ Poste na plataforma: O que você quer ser?

2️⃣ Use a hashtag #metafutura. No texto, conte qual é o seu objetivo e qual é o seu plano de ação para conquistar essa meta.

3️⃣ Vá ao post de um colega, leia a meta dele e comente como esse objetivo te inspira!

🛑 Regra: Para pontuar, adicione #metafutura. Válido até 22/04.

Postou o seu objetivo? Manda o link aqui no grupo e diz pra gente: qual é a sua meta principal? 👇",mensagem simples,2026-04-20 10:59:16.031+00,Central Escalada,194674308468846@lid,Central Escalada,2026-04-20 13:59:16.457602+00
12,Escalada,Laboratório de Projetos - Nível 4,Laboratório de Projetos - Nível 4,120363406643406079@g.us,3EB079051ED4469169AFA5,"Fala galera, hora de analisar realidade ao seu redor e treinar a sua mira. Sustentabilidade não é apenas discurso, é prática aplicada!

🎯 *MISSÃO (+15 pontos):*

1️⃣ Observe uma pequena ação ou hábito sustentável na sua casa ou comunidade (ex: reciclagem, consumo consciente, economia de água).

2️⃣ Poste na plataforma com a hashtag #FuturoSustentavel. Explique como você solucionaria ou melhoraria esse impacto através de uma ideia prática.

🛑 Regra: Para pontuar, adicione a hashtag #FuturoSustentavel. Válido até 22/04.

Postou sua ideia? Manda o link aqui e diz: qual hábito sustentável você trouxe para o seu projeto? 👇",mensagem simples,2026-04-20 11:12:38.971+00,Central Escalada,194674308468846@lid,Central Escalada,2026-04-20 14:12:39.593462+00
13,Pernambuco,Mobiliza PE,Mobiliza PE,120363405595256912@g.us,3EB0CEB4BC028612B0E546,"Boraaa, meu povo! Deu meio-dia e eu já tô sentindo o cheiro do almoço daqui, visse?

Mas antes de focar no prato, vim dar um recado: amanhã é feriado, mas pra quem tem a missão de ver Pernambuco brilhar, o trabalho não para! Tiradentes que nos perdoe, mas essa folga é só pra tu chegar com o tanque cheio e muita energia no nosso encontro de quarta-feira. Tá sabendo, né?
Então cuida em almoçar bem, que a gente segue firme por aqui. Vamos juntos! 🚀 #PEpraFrente",mensagem simples,2026-04-20 12:05:28.561+00,Mobiliza PE,111055674052635@lid,Mobiliza PE,2026-04-20 15:05:29.165233+00
14,Pernambuco,Mobiliza,Mobiliza,120363425016992076@g.us,3EB0221862758870376F55,"Meio-dia e eu já tô sentindo o cheiro do almoço daqui! 🍛🤤 Garante logo o teu prato e simbora de foco total!

Amanhã é feriado, mas o nosso sonho de mudar Pernambuco não tira folga. Aproveita esse descanso de amanhã pra pegar aquele fôlego que faltava pra gente mostrar que a nossa força é diferente. Vamos pra cima com João! #PEpraFrente",mensagem simples,2026-04-20 12:05:47.602+00,Mobiliza PE,111055674052635@lid,Mobiliza PE,2026-04-20 15:05:48.376733+00
15,Pará,Engaja 2.0,Engaja 2.0 (Azul),120363422002705740@g.us,3AF265CC459CBF7695DD,"https://engaja.pro/20-04-engaja-01-a

Boa tarde!

Vamos lá!
Curtir, comentar, compartilhar e salvar! 🚀

*Exemplos de comentários para usar como base (não copie, apenas se inspire).*

1. Parabéns, governadora Hana! Resposta rápida e compromisso com a vida das pessoas, é isso que faz a diferença.
2. Governadora Hana, liderança firme em momentos difíceis. Parabéns pelo cuidado e pela dedicação com a população.
3. Parabéns, governadora Hana! É reconfortante ver uma gestão presente e atuando desde o primeiro momento.
4. Governadora Hana, trabalho sério e humano, colocando as pessoas em primeiro lugar.",mensagem simples,2026-04-20 13:47:51.535+00,Engaja,251015655874706@lid,Engaja,2026-04-20 17:04:43.86007+00
16,Pará,Engaja 2.0,Engaja 2.0 (Vermelha),120363419511068404@g.us,3AE01FFCA5FC2792E694,"https://engaja.pro/20-04-engaja-01-b

Boa tarde!

Vamos lá!
Curtir, comentar, compartilhar e salvar! 🚀

*Exemplos de comentários para usar como base (não copie, apenas se inspire).*

1. Parabéns, governadora Hana! Resposta rápida e compromisso com a vida das pessoas, é isso que faz a diferença.
2. Governadora Hana, liderança firme em momentos difíceis. Parabéns pelo cuidado e pela dedicação com a população.
3. Parabéns, governadora Hana! É reconfortante ver uma gestão presente e atuando desde o primeiro momento.
4. Governadora Hana, trabalho sério e humano, colocando as pessoas em primeiro lugar.",mensagem simples,2026-04-20 13:48:11.935+00,Engaja,251015655874706@lid,Engaja,2026-04-20 17:05:49.268699+00
17,Mato Grosso do Sul,Senador Nelsinho | CANAL OFICIAL,Senador Nelsinho | CANAL OFICIAL,120363423242767408@g.us,3EB0588720D6726A635888,"Boa tarde, meus amigos! 
Passando para compartilhar um resumo da nossa última semana, que foi de muito trabalho e vitórias importantes.

Destravamos o novo piso da saúde após décadas de espera, garantimos investimentos históricos para nossas estradas, recarreguei as energias na cavalgada com a nossa gente e muito mais. 

*Foi uma semana de entregas reais para o nosso MS!*
Confira os detalhes no vídeo: https://www.instagram.com/reel/DXXEq4HAKrB/
*Boa semana para todos. Vamos juntos!*",mensagem simples,2026-04-20 15:21:13.772+00,Senador Nelsinho Trad,148155450556608@lid,Senador Nelsinho Trad,2026-04-20 18:21:14.354354+00
18,Mato Grosso do Sul,Senador Nelsinho | CANAL OFICIAL,Senador Nelsinho | CANAL OFICIAL,120363423242767408@g.us,3EB0F7C35CFAB68B4324,📊 ENQUETE: Qual ação teve impacto direto na sua região? (Opções: Destravar o piso salarial de profissionais da saúde | Garantir R$ 1 bilhão para nossas estradas | Estruturação viária em Dourados),enquete,2026-04-20 15:21:44.994+00,Senador Nelsinho Trad,148155450556608@lid,Senador Nelsinho Trad,2026-04-20 18:21:45.45553+00
19,Escalada,Rede Escalada,Rede Escalada,120363406995389389@g.us,3EB0496BF7CCCDCDFAC918,"🚨 *CONTAGEM REGRESSIVA: Vai mesmo deixar o iPhone escapar?*

Fala, galera! A semana mal começou e o aviso é seríssimo: o acúmulo de pontos do *Mês Flash* acaba *DEPOIS DE AMANHÃ* (quarta, 22/04)! ⏳

Ainda dá tempo! Cumpra suas missões e garanta seus últimos pontos. O relógio tá correndo, bora pro topo! 
👉 https://escaladaedu.circle.so/rank-flash-estudantes",mensagem simples,2026-04-20 16:52:58.613+00,Central Escalada,194674308468846@lid,Central Escalada,2026-04-20 19:52:58.873353+00
20,Pará,Engaja 2.0,Engaja 2.0 (Azul),120363422002705740@g.us,3EB0F4F8B023E46CB5F0F7,"Segundou, pessoal! 

Mesmo com o ritmo mais leve por conta do feriado, seguimos juntos e as *missões continuam ativas por aqui.* Se precisar de qualquer ajuda, pode me chamar no privado, tá bom?",mensagem simples,2026-04-20 16:54:41.068+00,Engaja 2.0,14406041767997@lid,Engaja 2.0,2026-04-20 19:54:41.300978+00
21,Pará,Engaja 2.0,Engaja 2.0 (Azul),120363422002705740@g.us,3EB054C680CEEE0CEE70F9,"📊 ENQUETE: Como tá o seu ritmo nesse comecinho de semana? (Opções: Tô seguindo firme, acompanhando e participando das missões🎯 | Por aqui tá mais tranquilo, mas sigo de olho em tudo💪 | Ainda não consegui acompanhar direito, mas depois do feriado volto com tudo🙏)",enquete,2026-04-20 16:54:44.687+00,Engaja 2.0,14406041767997@lid,Engaja 2.0,2026-04-20 19:54:44.899784+00
22,Pernambuco,Mobiliza PE,Mobiliza PE,120363405595256912@g.us,3EB01492EF2493C0C15E6C,"E aí, galera! 💛

Passando mais uma vez os *perfis de apoio a João Campos* nos municípios de Pernambuco!

É *muito importante que todos se sigam* e *façam collabs entre si*. Isso aumenta o alcance da nossa rede e fortalece a presença digital no estado inteiro.

-----

*Perfis Regionais*

*Sertão*
instagram.com/joaocamposnosertao

*Mata Sul*
instagram.com/matasulcomjoaocampos

-----

*Perfis @TOCOMJOÃO, por município*

*Afogados da Ingazeira*
instagram.com/tocomjoaoafdaingazeira

*Água Preta*
instagram.com/agua_preta_com_joao_campos

*Águas Belas*
instagram.com/aguasbelas_com_joaocampos

*Amaraji*
instagram.com/amaraji_com_joaocampos

*Arcoverde*
instagram.com/tocomjoaoarcoverde

*Belém de Maria*
instagram.com/belemdemariacomjoaocampos

*Bezerros*
instagram.com/bezerroscomjoao

*Buíque*
instagram.com/tocomjoaobuique

*Cabo de Santo Agostinho*
instagram.com/cabo_com_joaocampos

*Caetés*
instagram.com/tocomjoaocaetes

*Catende* _(2 perfis)_
instagram.com/catendecomjoaocampos
instagram.com/catendecomjoao40

*Chã Grande*
instagram.com/chagrandecomjoaocampos

*Cortês*
instagram.com/cortescomjoaocampos

*Custódia*
instagram.com/custodia_com_joaocampos

*Escada*
instagram.com/escadacomjoaocampos

*Gameleira*
instagram.com/gameleiracomjoaocampos

*Goiana*
instagram.com/goianacomjoaocampos

*Gravatá*
instagram.com/tocomjoaogravata

*Ingazeira*
instagram.com/tocomjoaoingazeiraa

*Ipubi*
instagram.com/tocomjoaoipubii

*Jaqueira*
instagram.com/jaqueiracomjoaocampos

*Joaquim Nabuco*
instagram.com/joaquimnabucocomjoaocampos

*Jupi*
instagram.com/agrestecomjoao

*Manari*
instagram.com/manaricomjoaocampos

*Olinda*
instagram.com/olinda_com_joaocampos

*Panelas*
instagram.com/tocomjoaopanelas

*Paulista*
instagram.com/tocomjoaopaulista

*Pombos*
instagram.com/pomboscomjoaocampos

*Primavera*
instagram.com/primaveracomjoaocampos

*Riacho das Almas*
instagram.com/riacho.comjoao40

*Ribeirão*
instagram.com/ribeiraocomjoaocampos

*Rio Formoso*
instagram.com/tocomjoaorioformoso

*São José da Coroa Grande*
instagram.com/tocomjoaosanze

*São Lourenço da Mata*
instagram.com/tocomjoaosaolourenco

*Serra Talhada*
instagram.com/tocomjoaoserratalhada

*Sirinhaém*
instagram.com/sirinhaem_com_joaocampos

*Tacaimbó*
instagram.com/tocomjoaotacaimbo

*Tamandaré*
instagram.com/tamandarecomjoaocampos

*Triunfo*
instagram.com/tocomjoaotriunfo

*Vitória de Santo Antão*
instagram.com/vitoriacomjoaocampos

*Xexéu*
instagram.com/xexeucomjoaocampos",mensagem simples,2026-04-20 16:55:30.391+00,Mobiliza PE,270862800433165@lid,Mobiliza PE,2026-04-20 19:55:30.683692+00
23,Pernambuco,Mobiliza PE,Mobiliza PE,120363405595256912@g.us,3EB00C60FCE91E3E6A16,📊 ENQUETE: Como ta seu status nessa missão dos instagram? (Opções: Já to seguindo 🏃‍♀️ | Ainda vou seguir 😅),enquete,2026-04-20 16:56:07.38+00,Mobiliza PE,270862800433165@lid,Mobiliza PE,2026-04-20 19:56:07.931337+00
24,Pará,Engaja 2.0,Engaja 2.0 (Azul),120363422002705740@g.us,3A817712998577BBC2E5,"https://engaja.pro/20-04-engaja-02-a

Boa tarde!

Vamos lá!
Curtir, comentar, compartilhar e salvar! 🚀

*Exemplos de comentários para usar como base (não copie, apenas se inspire).*

1. Parabéns, governadora Hana! Presença e reconhecimento a quem está na linha de frente fazem toda a diferença.
2. Governadora Hana, liderança de verdade é estar junto nos momentos difíceis. Parabéns pela dedicação e sensibilidade.
3. Parabéns, governadora Hana! Valorizar nossos profissionais da segurança é valorizar a vida.
4. Governadora Hana, atitude firme e humana, reconhecendo quem cuida da nossa gente. Parabéns pelo trabalho.",mensagem simples,2026-04-20 16:56:56.826+00,Engaja,251015655874706@lid,Engaja,2026-04-20 19:56:57.079459+00
25,Pará,Engaja 2.0,Engaja 2.0 (Vermelha),120363419511068404@g.us,3A54B1B37357BCD3392F,"https://engaja.pro/20-04-engaja-02-b

Boa tarde!

Vamos lá!
Curtir, comentar, compartilhar e salvar! 🚀

*Exemplos de comentários para usar como base (não copie, apenas se inspire).*

1. Parabéns, governadora Hana! Presença e reconhecimento a quem está na linha de frente fazem toda a diferença.
2. Governadora Hana, liderança de verdade é estar junto nos momentos difíceis. Parabéns pela dedicação e sensibilidade.
3. Parabéns, governadora Hana! Valorizar nossos profissionais da segurança é valorizar a vida.
4. Governadora Hana, atitude firme e humana, reconhecendo quem cuida da nossa gente. Parabéns pelo trabalho.",mensagem simples,2026-04-20 16:57:14.262+00,Engaja,251015655874706@lid,Engaja,2026-04-20 19:57:14.533683+00
26,Pará,Engaja 2.0,Engaja 2.0 (Azul),120363422002705740@g.us,3AB6CF49E0A00D1C3564,"https://engaja.pro/20-04-engaja-03-a

Boa noite!

Vamos lá!
Curtir, comentar, compartilhar e salvar! 🚀

*Exemplos de comentários para usar como base (não copie, apenas se inspire).*

1. Parabéns, futuro senador Helder! Reconhecimento justo a quem está na linha de frente cuidando da nossa gente.
2. Futuro senador Helder, liderança firme e presença nos momentos difíceis fazem toda a diferença. Parabéns pelo trabalho.
3. Parabéns, futuro senador Helder! Compromisso verdadeiro com a população e com quem mais precisa.
4. Futuro senador Helder, é assim que se faz gestão: com respeito, responsabilidade e apoio às famílias. Parabéns.",mensagem simples,2026-04-20 19:06:08.521+00,Engaja,251015655874706@lid,Engaja,2026-04-20 22:06:08.755848+00
27,Pará,Engaja 2.0,Engaja 2.0 (Vermelha),120363419511068404@g.us,3A9AADE98793B6F08B32,"https://engaja.pro/20-04-engaja-03-b

Boa noite!

Vamos lá!
Curtir, comentar, compartilhar e salvar! 🚀

*Exemplos de comentários para usar como base (não copie, apenas se inspire).*

1. Parabéns, futuro senador Helder! Reconhecimento justo a quem está na linha de frente cuidando da nossa gente.
2. Futuro senador Helder, liderança firme e presença nos momentos difíceis fazem toda a diferença. Parabéns pelo trabalho.
3. Parabéns, futuro senador Helder! Compromisso verdadeiro com a população e com quem mais precisa.
4. Futuro senador Helder, é assim que se faz gestão: com respeito, responsabilidade e apoio às famílias. Parabéns.",mensagem simples,2026-04-20 19:06:22.699+00,Engaja,251015655874706@lid,Engaja,2026-04-20 22:06:23.061723+00
28,Pará,Engaja 2.0,Engaja 2.0 (Azul),120363422002705740@g.us,3A25A132C7772A1AA3FD,"https://engaja.pro/21-04-engaja-01-a

Bom dia!

Vamos lá!
Curtir, comentar, compartilhar e salvar! 🚀

*Exemplos de comentários para usar como base (não copie, apenas se inspire).*

1. Parabéns, futuro senador Helder! Reconhecer quem protege a nossa gente é valorizar o que realmente importa.
2. Futuro senador Helder, respeito e gratidão aos nossos policiais. Parabéns pela homenagem e pelo compromisso.
3. Parabéns, futuro senador Helder! Uma liderança que valoriza coragem, dedicação e serviço à população.
4. Futuro senador Helder, gesto importante de reconhecimento a quem está todos os dias cuidando do Pará. Parabéns.",mensagem simples,2026-04-21 09:05:41.442+00,Engaja,251015655874706@lid,Engaja,2026-04-21 12:05:41.779666+00
29,Pará,Engaja 2.0,Engaja 2.0 (Vermelha),120363419511068404@g.us,3AAF515169B4F683BF01,"https://engaja.pro/21-04-engaja-01-b

Bom dia!

Vamos lá!
Curtir, comentar, compartilhar e salvar! 🚀

*Exemplos de comentários para usar como base (não copie, apenas se inspire).*

1. Parabéns, futuro senador Helder! Reconhecer quem protege a nossa gente é valorizar o que realmente importa.
2. Futuro senador Helder, respeito e gratidão aos nossos policiais. Parabéns pela homenagem e pelo compromisso.
3. Parabéns, futuro senador Helder! Uma liderança que valoriza coragem, dedicação e serviço à população.
4. Futuro senador Helder, gesto importante de reconhecimento a quem está todos os dias cuidando do Pará. Parabéns.",mensagem simples,2026-04-21 09:05:48.014+00,Engaja,251015655874706@lid,Engaja,2026-04-21 12:05:48.374251+00
30,Pará,Engaja 2.0,Engaja 2.0 (Azul),120363422002705740@g.us,3A9228DD3DFC049DA71D,"https://engaja.pro/21-04-engaja-02-a

Bom dia!

Vamos lá!
Curtir, comentar, compartilhar e salvar! 🚀

*Exemplos de comentários para usar como base (não copie, apenas se inspire).*

1. Parabéns, governadora Hana! Uma homenagem justa a quem dedica a vida à segurança da nossa gente.
2. Governadora Hana, respeito e valorização aos nossos policiais. Parabéns pelo reconhecimento.
3. Parabéns, governadora Hana! Seu compromisso com a segurança do Pará é admirável.
4. Governadora Hana, gesto importante de reconhecimento a quem protege a sociedade. Parabéns.",mensagem simples,2026-04-21 10:48:53.453+00,Engaja,251015655874706@lid,Engaja,2026-04-21 13:48:53.668385+00
31,Pará,Engaja 2.0,Engaja 2.0 (Vermelha),120363419511068404@g.us,3A08073F9A3950342A64,"https://engaja.pro/21-04-engaja-02-b

Bom dia!

Vamos lá!
Curtir, comentar, compartilhar e salvar! 🚀

*Exemplos de comentários para usar como base (não copie, apenas se inspire).*

1. Parabéns, governadora Hana! Uma homenagem justa a quem dedica a vida à segurança da nossa gente.
2. Governadora Hana, respeito e valorização aos nossos policiais. Parabéns pelo reconhecimento.
3. Parabéns, governadora Hana! Seu compromisso com a segurança do Pará é admirável.
4. Governadora Hana, gesto importante de reconhecimento a quem protege a sociedade. Parabéns.",mensagem simples,2026-04-21 10:49:07.203+00,Engaja,251015655874706@lid,Engaja,2026-04-21 13:49:07.491403+00
32,Escalada,Conexão Escalada - Nível 2,Conexão Escalada - Nível 2,120363407337623196@g.us,3EB09E63DDED04B269D7A8,"Fala, galera! O *Mês Flash* está na reta final e é hora de olhar para trás e ver o que realmente marcou sua jornada 🏁. 

*Missão Final (+10 pontos)*:

1️⃣ Escolha o conteúdo que mais te impactou neste *Mês Flash* e escreva um post contando o porquê.
2️⃣ Adicione a hashtag *#flashfinal* no seu post para pontuar.

🛑 *Regra:* Válido até 22/04!

Qual conteúdo foi o ponto de virada para vocês este mês? 👇",mensagem simples,2026-04-21 12:52:40.468+00,Central Escalada,194674308468846@lid,Central Escalada,2026-04-21 15:52:40.854822+00
33,Escalada,Rota de Crescimento - Nível 3,Rota de Crescimento - Nível 3,120363423283283910@g.us,3EB060DDDAC0555B84DAC7,"Fala, galera! Chegamos à última linha de chegada do *Mês Flash*. Você não é o mesmo líder que começou essa jornada e agora, no nosso último dia de pontuação, é hora de mostrar a verdade: qual foi o momento real de mudança?

*Missão final (+25 pontos):*
1️⃣ Escreva um post contando: *Qual foi conteúdo que te fez ter um o insight (a ficha que caiu) que fez mudar a sua visão?* (Pode ser algo que você aprendeu, um erro que você corrigiu ou uma percepção que mudou tudo).

2️⃣ Poste na plataforma com a hashtag *#LegadoFlash*.

🛑 *Regra:* use *#LegadoFlash para pontuar!*

*Já revelou o seu insight?*",mensagem simples,2026-04-21 13:00:58.88+00,Central Escalada,194674308468846@lid,Central Escalada,2026-04-21 16:00:59.16496+00
34,Escalada,Conselho Escalada - Nível 5,Conselho Escalada - Nível 5,120363425561018159@g.us,3EB09BF191D58ABCF3CC39,"*CORRE AQUI!* 🚨

Último dia para pontuar no mês Flash! Você provou que tem consistência, visão e resultado. Agora, no último dia, seu papel não é apenas brilhar, é *iluminar o caminho de quem vem atrás*.

*Sua missão final (+30 pontos):*
1️⃣ Escreva um post curto e direto no feed com o título: *""O conselho que eu daria para quem está começando hoje""*. 
2️⃣ Poste com a hashtag *#FlashMentoria*.
3️⃣ Escolha *3 alunos* e comente no post com uma dica.

🛑 *Regra:* adicione #FlashMentoria para pontuar. Válido até 22/04.

*Já deixou seu legado do mês por lá?*",mensagem simples,2026-04-21 13:14:26.136+00,Central Escalada,194674308468846@lid,Central Escalada,2026-04-21 16:14:26.467497+00
35,Escalada,Laboratório de Projetos - Nível 4,Laboratório de Projetos - Nível 4,120363406643406079@g.us,3EB00F66041E9373E058CD,"Titãs, a jornada do mês flash finaliza amanhã, mas o jogo de vocês está apenas começando. Vocês já provaram que têm consistência, agora é hora de provar que têm visão de dono.

*Sua missão final (+25 pontos):*

1️⃣ O Pitch: Imagine que você tem apenas 30 segundos para convencer alguém a entrar no Mês Flash e transformar o projeto dela. Grave um vídeo curto ou escreva esse texto no feed.

2️⃣ O Registro: Poste com a hashtag #PitchFlash.

🛑 Regra: Adicione: #PitchFlash para pontuar. Válido até 22/04 às 23h59.

Já postou seu Pitch de Ouro?",mensagem simples,2026-04-21 13:23:12.545+00,Central Escalada,194674308468846@lid,Central Escalada,2026-04-21 16:23:12.880617+00
36,Pará,Engaja 2.0,Engaja 2.0 (Azul),120363422002705740@g.us,3A64A74C6E3CC1D680C4,"https://engaja.pro/21-04-engaja-03-a

Boa noite!

Vamos lá!
Curtir, comentar, compartilhar e salvar! 🚀

*Exemplos de comentários para usar como base (não copie, apenas se inspire).*

1. Parabéns, futuro senador Helder! Fé e valores que inspiram.
2. Futuro senador Helder, exemplo de fé e família. Parabéns.
3. Parabéns, futuro senador Helder! Uma lembrança cheia de significado.
4. Futuro senador Helder, respeito e sensibilidade. Parabéns.",mensagem simples,2026-04-21 18:12:20.214+00,Engaja,251015655874706@lid,Engaja,2026-04-21 21:12:20.474311+00
37,Pernambuco,Mobiliza PE,Mobiliza PE,120363405595256912@g.us,3EB0003504F06A1DCD9447,"O crime avançou porque faltou liderança. Com João governando, a história muda 🚀💛",mensagem simples,2026-04-14 08:19:11.113+00,Mobiliza PE,111055674052635@lid,Mobiliza PE,2026-04-18 01:39:35.907327+00
38,Pernambuco,Lideranças - Mobiliza PE,Lideranças - Mobiliza PE,120363404880079867@g.us,3EB0006905FD84266FDC7E,*O café tá coado e a xícara já tá no ponto! Pausa pro cafezinho da tarde porque eu quero perguntar uma coisa pra vocês.*,mensagem simples,2026-04-15 16:36:29.314+00,Mobiliza PE,111055674052635@lid,Mobiliza PE,2026-04-18 01:39:35.907327+00
39,Pernambuco,Mobiliza,Mobiliza,120363425016992076@g.us,3EB00075C40BD81FED5DFB,"Quem fez pelo Recife vai fazer pelo estado todo, simples assim 💛",mensagem simples,2026-04-16 14:08:59.222+00,Mobiliza PE,111055674052635@lid,Mobiliza PE,2026-04-18 01:39:35.907327+00
40,Pernambuco,Mobiliza PE,Mobiliza PE,120363405595256912@g.us,3EB000BE8CDD124F59A294,Liderança de verdade é assim: puxa pelo exemplo e não se esconde 💛🚀,mensagem simples,2026-04-15 12:10:53.878+00,Mobiliza PE,111055674052635@lid,Mobiliza PE,2026-04-18 01:39:35.907327+00
41,Pernambuco,Mobiliza PE,Mobiliza PE,120363405595256912@g.us,3EB000F1A7089F57273B9D,"*Feliz quarta-feira, turma! Lembrando que hoje é o nosso dia!*

Tô doido pra saber o que vocês estão ouvindo nas ruas e nas redes. Nosso encontro das 19h30 é pra isso: trocar essa bola, calibrar nossos argumentos e sair pronto pra fazer esse movimento crescer ainda mais.

Mas quero ouvir de vocês desde agora: *diz aí em uma palavra como tá teu dia hoje.* 💛🚀",mensagem simples,2026-03-04 11:13:48.594+00,Mobiliza PE,111055674052635@lid,Mobiliza PE,2026-04-18 01:39:35.907327+00
42,Pernambuco,Mobiliza PE,Mobiliza PE,120363405595256912@g.us,3EB001043FB8700AECC0AE,"*João foi lá e mandou a real:* nosso time tem lado, tem posição e tem compromisso com quem faz o Brasil avançar. 

*É foco total em Pernambuco e lealdade a quem trabalha junto com a gente.* Simbora que o ritmo é de entrega e o futuro é logo ali! 💛🚀

*MISSÃO:* Comentar bastante
*Link:* https://engaja.pro/missaope02-30-03",mensagem simples,2026-03-30 16:29:02.361+00,Mobiliza PE,111055674052635@lid,Mobiliza PE,2026-04-18 01:39:35.907327+00
43,Pernambuco,Mobiliza,Mobiliza,120363425016992076@g.us,3EB001466D6FC910EAEF87,"Meu povo, que coisa linda ver as redes cada vez mais cheias de amarelo!💛
*Mas a galera de lá não para e a gente não pode vacilar!*
Quem ainda não chegou junto hoje, corre que ainda dá tempo de deixar claro pra todo o estado que #VemJoão e não tem quem segure!

*Confere aí checklist do dia, e não pula nenhuma!*

📍 Missão 1 : https://engaja.pro/missaope1-02-04 
📍 Missão 2: https://engaja.pro/missaope2-02-04 
📍 Missão 3: https://engaja.pro/missaope3-02-04 
📍 Missão 4: https://engaja.pro/missaope4-02-04 
📍 Missão 5: https://engaja.pro/missaope5-02-04 
📍 Missão 6: https://engaja.pro/missaope6-02-04

As sugestões de comentários estão logo aqui em cima nos posts de mais cedo. 
É só adaptar e mandar ver!",mensagem simples,2026-04-02 18:09:25.929+00,Mobiliza PE,111055674052635@lid,Mobiliza PE,2026-04-18 01:39:35.907327+00
44,Pernambuco,Mobiliza PE,Mobiliza PE,120363405595256912@g.us,3EB001B68449559310D393,Isso é o que chama de gestão pública? Gastar 281 mil em pesquisa falsa? Vergonha desse governo de raquel,mensagem simples,2026-04-08 06:37:59.147+00,Mobiliza PE,111055674052635@lid,Mobiliza PE,2026-04-18 01:39:35.907327+00
45,Pernambuco,Mobiliza PE,Mobiliza PE,120363405595256912@g.us,3EB0021882733CBBE0B4BF,"Os doente lá dentro já tão mal e ainda tem que se preocupar com chuva dentro do quarto? E a Raquel falando que reformou o HR… reformou onde, meu Deus? kkkkk",mensagem simples,2026-04-07 16:31:59.486+00,Mobiliza PE,111055674052635@lid,Mobiliza PE,2026-04-18 01:39:35.907327+00
46,Pernambuco,Mobiliza PE,Mobiliza PE,120363405595256912@g.us,3EB0024BFB6544D2A9E092,Prometeu e cumpriu! É assim que se faz gestão. Quem faz pelo Recife vai fazer por Pernambuco inteiro! 💛,mensagem simples,2026-03-30 18:28:25.304+00,Mobiliza PE,111055674052635@lid,Mobiliza PE,2026-04-18 01:39:35.907327+00
47,Pernambuco,Mobiliza,Mobiliza,120363425016992076@g.us,3EB002BF844CBC59C71379,"Turma, viram essa? R$ 160 milhões pra uma empresa que nem podia assinar contrato com o governo. 🤡

*Enquanto aqui no Recife a gente vê obra entregue antes do prazo, lá no Estado é esse rolo de carona em licitação e pagamento sem comprovação.* O dinheiro da educação indo pra empresa inidônea.

Passa lá no link pra deixar aquele comentário esperto. Bora mostrar que Pernambuco tá vendo tudo! 🚀💛
https://engaja.pro/missaope1-11-03",mensagem simples,2026-03-11 20:16:19.715+00,Mobiliza PE,111055674052635@lid,Mobiliza PE,2026-04-18 01:39:35.907327+00
48,Pernambuco,Mobiliza,Mobiliza,120363425016992076@g.us,3EB002D139419859669EF6,Não vejo a hora de chegar na urna e escolher João 💛💛,mensagem simples,2026-03-19 12:47:32.32+00,Mobiliza PE,111055674052635@lid,Mobiliza PE,2026-04-18 01:39:35.907327+00
49,Pernambuco,Mobiliza PE,Mobiliza PE,120363405595256912@g.us,3EB002E034B541E52D304F,O nome desse time é trabalho! 💛,mensagem simples,2026-03-28 16:16:57.105+00,Mobiliza PE,111055674052635@lid,Mobiliza PE,2026-04-18 01:39:35.907327+00
50,Pernambuco,Mobiliza PE,Mobiliza PE,120363405595256912@g.us,3EB0031CFC5AE51AB3E4A1,"🚨*MISSÃO NOVA NA ÁREA*🚨

*É a Polícia Federal no encalço do Gabinete do Ódio de Raquel Lyra!*

*Link:* https://engaja.pro/missaope01-10-04

*Pernambuco sempre foi terra de liberdade e de gente que trabalha de cabeça erguida.* 
A gente sabe o valor da nossa democracia e do *respeito com a coisa pública.* 

*Vamos ocupar nosso espaço comentando muito e COMPARTILHAR esse vídeo pra mostrar que a gente tá de olho* e que o nosso estado merece o melhor sempre. 

É rapidinho, o *tempo de um cafezinho pra fortalecer nossa voz!* 💛🚀",mensagem simples,2026-04-10 18:52:07.411+00,Mobiliza PE,111055674052635@lid,Mobiliza PE,2026-04-18 01:39:35.907327+00
51,Pernambuco,Mobiliza PE,Mobiliza PE,120363405595256912@g.us,3EB0036D44F049329270AB,"Posso contar com vocês? *Reage aqui* só pra eu saber como ta o clima.
Lembrando que o nosso encontro é as *19h30!* 🚀",mensagem simples,2026-03-18 17:30:19.744+00,Mobiliza PE,111055674052635@lid,Mobiliza PE,2026-04-18 01:39:35.907327+00
52,Pernambuco,Mobiliza,Mobiliza,120363425016992076@g.us,3EB003FD2304429179EAA1,"*MISSÃO RÁPIDA:*
Entra no post, comenta e compartilha nos teus Stories, nos grupos, nos status, vamos fazer essa notícia circular! 
🔗 LINK DO POST: https://engaja.pro/pemissao1-03-03",mensagem simples,2026-03-03 08:38:28.948+00,Mobiliza PE,111055674052635@lid,Mobiliza PE,2026-04-18 01:39:35.907327+00
53,Pernambuco,Mobiliza PE,Mobiliza PE,120363405595256912@g.us,3EB00475DCA76ADE94BB1C,"Bom dia, turma! Março ta no nosso ritmo: *voando.* 💛

*O Mobiliza é o que faz a nossa verdade chegar mais longe,* e por isso nosso encontro de *quarta, às 19:30h* já ta marcado. 

Esse é o momento pra carregar as baterias e também uma chance de *quem ta chegando agora conhecer mais de pertinho*. Vamos ajustar a mira para que a segunda metade do mês seja ainda mais barulhenta (do jeito certo, com trabalho!).

Conto vocês da casa pra recepcionar o pessoal que ta chegando agora. 🚀",mensagem simples,2026-03-17 11:00:26.85+00,Mobiliza PE,111055674052635@lid,Mobiliza PE,2026-04-18 01:39:35.907327+00
54,Pernambuco,Mobiliza PE,Mobiliza PE,120363405595256912@g.us,3EB004B10E059334224F75,"*🚨NOVA MISSÃO🚨*

*O assunto é o mesmo, não podemos deixar eles criarem falsas narrativas.*

1️⃣ Vocês já estão ligados nos comentários!

*2️⃣ Bota pra moer:* https://engaja.pro/missaope04-08-04",mensagem simples,2026-04-08 13:07:22.99+00,Mobiliza PE,111055674052635@lid,Mobiliza PE,2026-04-18 01:39:35.907327+00
55,Pernambuco,Mobiliza,Mobiliza,120363425016992076@g.us,3EB0059864FEAAA2A285E1,"🚨*EI, SURGIU MISSÃO DUPLA AQUI, VAMOS NESSA!*🚨


*É PRIMEIRO TURNO!* A pesquisa do Datafolha mostrou que o nosso trabalho tá dando resultado, viu?  

Vamos seguir firmes, pra deixar Pernambuco na frente!  #PEPraFrente 🚀💛

*Vamos nos DOIS LINKS lotar tudo, galera!*

🔗Link 1️⃣: https://engaja.pro/missaope01-16-04

🔗Link 2️⃣: https://engaja.pro/missaope02-16-04",mensagem simples,2026-04-16 14:06:51.475+00,Mobiliza PE,111055674052635@lid,Mobiliza PE,2026-04-18 01:39:35.907327+00
56,Pernambuco,Mobiliza,Mobiliza,120363425016992076@g.us,3EB006417A4832D8C1A72E,"Quando aperta, ele responde com mais trabalho. É esse perfil que faz a diferença 🚀💛",mensagem simples,2026-04-15 12:11:16.9+00,Mobiliza PE,111055674052635@lid,Mobiliza PE,2026-04-18 01:39:35.907327+00
57,Pernambuco,Mobiliza PE,Mobiliza PE,120363405595256912@g.us,3EB006AAB1060B6F29F36B,"Lamentável como tudo que essa governadora bota a mão vira escândalo, tá repreendido! Vem logo, João!",mensagem simples,2026-03-25 15:54:06.422+00,Mobiliza PE,111055674052635@lid,Mobiliza PE,2026-04-18 01:39:35.907327+00
58,Pernambuco,Lideranças - Mobiliza PE,Lideranças - Mobiliza PE,120363404880079867@g.us,3EB006FE51391817F27DD0,"Bora minha liderança massa!
O cheiro do almoço já tá tomando conta dor ar por aqui.

*Nosso encontro oficial é às 19h, mas às 18h45 eu já tô com a cadeira puxada.*
É o tempo de dar aquele ajuste fino e garantir que tudo fique o mais lindo possível pro nosso time.

Se avexe não, mas chegue cedo! Bora moer que o projeto é gigante! #PEpraFrente!",mensagem simples,2026-04-15 12:26:33.65+00,Mobiliza PE,111055674052635@lid,Mobiliza PE,2026-04-18 01:39:35.907327+00
59,Pernambuco,Mobiliza,Mobiliza,120363425016992076@g.us,3EB0070C85F09B149D4186,Pernambuco inteiro vai sentir essa entrega. Tô com muito orgulho 💛💛,mensagem simples,2026-04-14 18:14:22.178+00,Mobiliza PE,111055674052635@lid,Mobiliza PE,2026-04-18 01:39:35.907327+00
60,Pernambuco,Mobiliza,Mobiliza,120363425016992076@g.us,3EB0075CB790AAC9EC4E05,"Simbora que a semana começou com a força do Sertão!

*João Campos já amanheceu no Araripe,* refazendo os passos de Arraes e Eduardo pra buscar a bênção do Padre Cícero. *É Pernambuco unido, do litoral ao sertão, com o coração cheio de esperança e muito trabalho pela frente.* 

*A vontade de fazer mais pelo nosso estado só aumenta.* É pé na estrada e fé no futuro! 🟡✨

*1️⃣MISSÃO: vamos lá dar o nosso apoio, galera massa!*

*2️⃣Link:* https://engaja.pro/missaope01-06-04",mensagem simples,2026-04-06 09:33:09.115+00,Mobiliza PE,111055674052635@lid,Mobiliza PE,2026-04-18 01:39:35.907327+00
61,Pernambuco,Mobiliza PE,Mobiliza PE,120363405595256912@g.us,3EB007B79DB77D10E6590D,"É esperar outubro pra Pernambuco voltar a ter manchete positiva de novo, porque o negócio tá feio com Raquel",mensagem simples,2026-03-25 15:54:37.331+00,Mobiliza PE,111055674052635@lid,Mobiliza PE,2026-04-18 01:39:35.907327+00
62,Pernambuco,Lideranças - Mobiliza PE,Lideranças - Mobiliza PE,120363404880079867@g.us,3EB007D943A526308CA88E,"Bom dia, turma! 

Se o ritmo lá fora tá acelerado, por aqui a gente segue naquela base: foco no que o Recife tá mostrando e olho aberto com as ""novidades"" que chegam do Estado.

Que os próximos dias sejam leves e cheios daquela ocupação inteligente que só esse grupo sabe fazer.

Bora pra cima! 🚀💛",mensagem simples,2026-02-23 09:49:27.969+00,Mobiliza PE,111055674052635@lid,Mobiliza PE,2026-04-18 01:39:35.907327+00
63,Pernambuco,Mobiliza PE,Mobiliza PE,120363405595256912@g.us,3EB00811906DF7BBF95DDD,"Guarda treinada, câmera corporal, Polícia Federal no processo. Sério, responsável e eficiente. É João pra governador! 💛💛🚀",mensagem simples,2026-03-30 18:28:22.312+00,Mobiliza PE,111055674052635@lid,Mobiliza PE,2026-04-18 01:39:35.907327+00
64,Pernambuco,Mobiliza PE,Mobiliza PE,120363405595256912@g.us,3EB00836CECDEB1C2D5DE4,(Mensagem de mídia sem texto),mensagem simples,2026-04-06 14:10:22.674+00,Mobiliza PE,111055674052635@lid,Mobiliza PE,2026-04-18 01:39:35.907327+00
65,Pernambuco,Mobiliza PE,Mobiliza PE,120363405595256912@g.us,3EB0089E5044B3FF0F6F50,"Psiu, tem alguém ai? 👀",mensagem simples,2026-02-21 21:15:24.214+00,Mobiliza PE,111055674052635@lid,Mobiliza PE,2026-04-18 01:39:35.907327+00
66,Pernambuco,Mobiliza,Mobiliza,120363425016992076@g.us,3EB008D407DCAC574E937F,"🚨 *MISSÃO NOVA NA ÁREA* 🚨

Pernambuco está se mobilizando! *A segurança pública é questão de liderança, coragem e compromisso de todos nós.* Vamos valorizar quem trabalha na linha de frente e garantir que nosso povo tenha as condições de viver tranquilo. Juntos, somos mais fortes! 

*1️⃣ Vamos compartilhar bastante, pessoal!*

*🔗Link:* https://engaja.pro/missaope01-13-04",mensagem simples,2026-04-13 15:30:02.284+00,Mobiliza PE,111055674052635@lid,Mobiliza PE,2026-04-18 01:39:35.907327+00
67,Pernambuco,Mobiliza,Mobiliza,120363425016992076@g.us,3EB009A919A0B472DE68AA,"Se gastasse esses 281 mil com saúde, talvez não precisasse de pesquisa falsa pra criar boa avaliação",mensagem simples,2026-04-08 06:39:31.979+00,Mobiliza PE,111055674052635@lid,Mobiliza PE,2026-04-18 01:39:35.907327+00
68,Pernambuco,Mobiliza PE,Mobiliza PE,120363405595256912@g.us,3EB00A14C7B9E41DD71401,"Ó galera, só pra não ter erro nessa missão que tá um pouco diferente:
Salva a foto, cria um textinho teu, mete a hashtag #PEPraFrente e o 💛, e depois solta em todo canto!

Vamo mostrar que o futuro de Pernambuco é amarelo!🚀💛",mensagem simples,2026-03-23 07:33:28.094+00,Mobiliza PE,111055674052635@lid,Mobiliza PE,2026-04-18 01:39:35.907327+00
69,Pernambuco,Mobiliza,Mobiliza,120363425016992076@g.us,3EB00AD2E372460F53C049,O sentimento nas ruas já diz tudo: tá chegando a hora do nosso governador! 💛,mensagem simples,2026-03-31 08:20:47.514+00,Mobiliza PE,111055674052635@lid,Mobiliza PE,2026-04-18 01:39:35.907327+00
70,Pernambuco,Mobiliza,Mobiliza,120363425016992076@g.us,3EB00AD40FC61CBD950B16,"*João foi lá e mandou a real:* nosso time tem lado, tem posição e tem compromisso com quem faz o Brasil avançar. 

*É foco total em Pernambuco e lealdade a quem trabalha junto com a gente.* Simbora que o ritmo é de entrega e o futuro é logo ali! 💛🚀

*MISSÃO:* Comentar bastante
*Link:* https://engaja.pro/missaope02-30-03",mensagem simples,2026-03-30 16:29:13.506+00,Mobiliza PE,111055674052635@lid,Mobiliza PE,2026-04-18 01:39:35.907327+00
71,Pernambuco,Mobiliza,Mobiliza,120363425016992076@g.us,3EB00B783A38465C8FFB0D,(Mensagem de mídia sem texto),mensagem simples,2026-04-06 14:12:15.266+00,Mobiliza PE,111055674052635@lid,Mobiliza PE,2026-04-18 01:39:35.907327+00
72,Pernambuco,Mobiliza,Mobiliza,120363425016992076@g.us,3EB00C361222DF62A2E327,"Esse é o perfil de governador que o estado precisa, que faz de verdade 💛💛💛💛💛",mensagem simples,2026-03-03 08:40:11.534+00,Mobiliza PE,111055674052635@lid,Mobiliza PE,2026-04-18 01:39:35.907327+00
73,Pernambuco,Mobiliza,Mobiliza,120363425016992076@g.us,3EB00D1D59ABF7D62B9686,A herança de Miguel Arraes chegando ao Sertão do Araripe com o bisneto. Isso é história se repetindo com força total. Tô com muito orgulho dessa candidatura. 💛💛🚀,mensagem simples,2026-04-06 09:38:40.891+00,Mobiliza PE,111055674052635@lid,Mobiliza PE,2026-04-18 01:39:35.907327+00
74,Pernambuco,Mobiliza,Mobiliza,120363425016992076@g.us,3EB00DCEC7D07A8BD0AE7A,(Mensagem de mídia sem texto),mensagem simples,2026-04-08 08:21:38.173+00,Mobiliza PE,111055674052635@lid,Mobiliza PE,2026-04-18 01:39:35.907327+00
75,Pernambuco,Mobiliza,Mobiliza,120363425016992076@g.us,3EB00DE7C13A56D9DBA961,"Encerrar o ciclo na prefeitura assim, com entrega, com emoção, com legado — só quem governa de verdade consegue 💛💛",mensagem simples,2026-04-02 16:28:13.726+00,Mobiliza PE,111055674052635@lid,Mobiliza PE,2026-04-18 01:39:35.907327+00
76,Pernambuco,Mobiliza,Mobiliza,120363425016992076@g.us,3EB00E154027330061FAB0,"É esse tipo de governador que Pernambuco precisa, toma conta logo de PE, meu prefeitoo 💛",mensagem simples,2026-03-03 08:39:59.002+00,Mobiliza PE,111055674052635@lid,Mobiliza PE,2026-04-18 01:39:35.907327+00
77,Pernambuco,Mobiliza PE,Mobiliza PE,120363405595256912@g.us,3EB00E6F744E7464855FB5,Braço forte contra o crime e oportunidade pra quem precisa. Gestão completa 💛🚀,mensagem simples,2026-04-14 08:18:48.627+00,Mobiliza PE,111055674052635@lid,Mobiliza PE,2026-04-18 01:39:35.907327+00
78,Pernambuco,Mobiliza PE,Mobiliza PE,120363405595256912@g.us,3EB00E757AA9D9FFA275FE,"*Nosso time ta pronto!* Esse é o recado que a gente precisa espalhar pra Pernambuco, então *bora lá compartilhar,* é rapidinho.

*Missão:* https://engaja.pro/missaope5-28-03 

Simbora! 💛🚀",mensagem simples,2026-03-28 16:15:45.478+00,Mobiliza PE,111055674052635@lid,Mobiliza PE,2026-04-18 01:39:35.907327+00
79,Pernambuco,Mobiliza PE,Mobiliza PE,120363405595256912@g.us,3EB00EAFBFCA43D1B73297,A herança de Miguel Arraes chegando ao Sertão do Araripe com o bisneto. Isso é história se repetindo com força total. Tô com muito orgulho dessa candidatura. 💛💛🚀,mensagem simples,2026-04-06 09:34:50.146+00,Mobiliza PE,111055674052635@lid,Mobiliza PE,2026-04-18 01:39:35.907327+00
80,Pernambuco,Mobiliza,Mobiliza,120363425016992076@g.us,3EB00F498700427CCD4B97,"Olhem como a oposição está se organizando nos posts. *Se a gente não ocupa os espaços, a narrativa deles vira verdade absoluta para quem está só de passagem.* Não podemos dar brecha! 
Lembrem-se: *o algoritmo entende que o que tem mais curtida é o mais relevante.* Passem lá, deem aquele like nos nossos.",mensagem simples,2026-04-02 19:35:54.753+00,Mobiliza PE,111055674052635@lid,Mobiliza PE,2026-04-18 01:39:35.907327+00
81,Pernambuco,Mobiliza PE,Mobiliza PE,120363405595256912@g.us,3EB0101C0E6C033B8B8C33,Muito importante ver ações que colocam a proteção das mulheres como prioridade. Que essa mensagem chegue a cada vez mais pessoas.,mensagem simples,2026-03-08 10:53:02.433+00,Mobiliza PE,111055674052635@lid,Mobiliza PE,2026-04-18 01:39:35.907327+00
82,Pernambuco,Lideranças - Mobiliza PE,Lideranças - Mobiliza PE,120363404880079867@g.us,3EB0109CA77BFD3163E16A,"Bora que o café já tá no bule! ☕️

Em *15 minutos* a gente abre a sala exclusiva aqui das lideranças para aquele alinhamento fino antes do grupão entrar. 

É o tempo de ajeitar o fone e separar o que a gente sentiu do clima da rua hoje. 

*Link da sala aqui:* https://meet.google.com/npz-izio-miu 

Vejo vocês já já! 🚀",mensagem simples,2026-03-18 18:45:11.827+00,Mobiliza PE,111055674052635@lid,Mobiliza PE,2026-04-18 01:39:35.907327+00
83,Pernambuco,Mobiliza PE,Mobiliza PE,120363405595256912@g.us,3EB010CA39DAE5D1A25C80,"*Já pega um comentário aqui pra se inspirar, cria o seu nas suas palavras e solta lá nos 3 links!*",mensagem simples,2026-04-02 12:28:54.755+00,Mobiliza PE,111055674052635@lid,Mobiliza PE,2026-04-18 01:39:35.907327+00
84,Pernambuco,Mobiliza,Mobiliza,120363425016992076@g.us,3EB0111D5B20B599A3EEF8,Pernambuco acaba de se encher de esperança 💛💛,mensagem simples,2026-03-28 14:59:45.966+00,Mobiliza PE,111055674052635@lid,Mobiliza PE,2026-04-18 01:39:35.907327+00
85,Pernambuco,Mobiliza PE,Mobiliza PE,120363405595256912@g.us,3EB011EAE063C68F53B323,"O povo só quer uma coisa: vem, João 💛",mensagem simples,2026-03-18 15:33:17.242+00,Mobiliza PE,111055674052635@lid,Mobiliza PE,2026-04-18 01:39:35.907327+00
86,Pernambuco,Mobiliza PE,Mobiliza PE,120363405595256912@g.us,3EB011FA8FCDE933A5EF3F,"Recife ganhou mais um espaço lindo e a gente já sabe que Pernambuco inteiro vai ganhar muito mais. Vai, João! 💛🚀",mensagem simples,2026-04-02 16:26:07.125+00,Mobiliza PE,111055674052635@lid,Mobiliza PE,2026-04-18 01:39:35.907327+00
87,Pernambuco,Mobiliza,Mobiliza,120363425016992076@g.us,3EB011FB9850476DF3FDAD,"Esse é o João que a gente conhece: dificuldade não intimida, só aumenta a disposição 💛",mensagem simples,2026-04-14 16:25:56.989+00,Mobiliza PE,111055674052635@lid,Mobiliza PE,2026-04-18 01:39:35.907327+00
88,Pernambuco,Mobiliza,Mobiliza,120363425016992076@g.us,3EB012038A037C12D101F0,"O trabalho não para e agora o estado todo precisa de você, João! 💛💛💛",mensagem simples,2026-03-27 16:24:13.362+00,Mobiliza PE,111055674052635@lid,Mobiliza PE,2026-04-18 01:39:35.907327+00
89,Pernambuco,Mobiliza PE,Mobiliza PE,120363405595256912@g.us,3EB01219756FE47E11DF46,"João já provou que sabe fazer, agora é ampliar pro estado inteiro 💛🚀",mensagem simples,2026-04-08 09:57:16.552+00,Mobiliza PE,111055674052635@lid,Mobiliza PE,2026-04-18 01:39:35.907327+00
90,Pernambuco,Mobiliza,Mobiliza,120363425016992076@g.us,3EB0125167597949C8E5E9,"*Já pega um comentário aqui pra se inspirar, cria o seu nas suas palavras e solta lá nos 3 links!*",mensagem simples,2026-04-02 12:30:55.488+00,Mobiliza PE,111055674052635@lid,Mobiliza PE,2026-04-18 01:39:35.907327+00
91,Pernambuco,Mobiliza PE,Mobiliza PE,120363405595256912@g.us,3EB0136D7A7566E2C6271A,"Galera, 30 minutinhos pra gente dar o start oficial! ⏳

Já avisou em casa que a partir das 19h30 você tá em **modo Mobiliza PE**? 
Hoje o papo pede atenção total porque vamos abrir o mapa da semana e entender como o ritmo de Recife vai ganhar corpo em cada canto de Pernambuco. 

Pega o link e já deixa no gatilho:  https://meet.google.com/tif-zugp-sqg

É hora de carregar a bateria, do celular e a nossa também, pra gente entrar com tudo. 
Quem já tá com o radar ligado por aí? Solta um ⚡️ aqui no grupo!",mensagem simples,2026-03-11 19:08:39.175+00,Mobiliza PE,111055674052635@lid,Mobiliza PE,2026-04-18 01:39:35.907327+00
92,Pernambuco,Mobiliza,Mobiliza,120363425016992076@g.us,3EB013A7C783B39D4897F0,"*🚨MISSÃO NOVA NA ÁREA🚨*

Tem gente que deve tá precisando de um chá de boldo hoje, viu? 

Olharam a pesquisa e o desespero bateu forte! Enquanto eles ficam aí procurando desculpa e roendo as unhas, *a gente segue trabalhando e comemorando o reconhecimento. A diferença é grande porque o trabalho é maior ainda.* 💛🚀

*1️⃣ Bora continuar nos comentários*

*2️⃣ Link:* https://engaja.pro/missaope03-08-04",mensagem simples,2026-04-08 11:14:41.801+00,Mobiliza PE,111055674052635@lid,Mobiliza PE,2026-04-18 01:39:35.907327+00
93,Pernambuco,Mobiliza,Mobiliza,120363425016992076@g.us,3EB013B0BB7A27E21A6044,"Quando a liderança dá o exemplo, o time inteiro levanta. É isso aqui 💛",mensagem simples,2026-04-14 16:26:20.773+00,Mobiliza PE,111055674052635@lid,Mobiliza PE,2026-04-18 01:39:35.907327+00
94,Pernambuco,Mobiliza PE,Mobiliza PE,120363405595256912@g.us,3EB01486A9F6FF92E850D4,"E pra facilitar, pega um comentário pra se inspirar:",mensagem simples,2026-03-31 08:21:05.253+00,Mobiliza PE,111055674052635@lid,Mobiliza PE,2026-04-18 01:39:35.907327+00
95,Pernambuco,Mobiliza,Mobiliza,120363425016992076@g.us,3EB0148E587823E69D2CB5,"Bom dia, turma! Como estamos? ☀️
Dizem que quem cedo madruga... *posta foto de esperança pelo nosso estado!* 😂

Vamos fazer um barulho silencioso?! *Bora postar essa foto aqui,* pode ser no status, em grupo, nos stories, no feed do Instagram… Em todo canto! O que importa *é postar* e *marcar o perfil de @joaocampos.* 
Bora mostrar que *João Campos é o futuro de Pernambuco* e que o AMARELO daqui combina com o sol de logo cedo.

*Podem usar a imaginação* e fazer aquela legenda caprichada do seu jeito, mas ó, *usa a #PEPraFrente* e o 💛, pra gente começar a semana fazendo aquela folia gostosa.",mensagem simples,2026-03-23 07:22:30.354+00,Mobiliza PE,111055674052635@lid,Mobiliza PE,2026-04-18 01:39:35.907327+00
96,Pernambuco,Mobiliza PE,Mobiliza PE,120363405595256912@g.us,3EB014D507816E6EE3B7EA,"Pessoal, passando aqui no final do dia pra relembrar que *tivemos missões hoje* e é importante voltar em cada link pra dar aquela reforçada.

Confere se já fez todas:
1️⃣  https://engaja.pro/pemissao02-03-03
2️⃣ https://engaja.pro/pemissao03-03-03
3️⃣https://engaja.pro/pemissao03-03-04 
4️⃣ https://engaja.pro/pemissao03-03-05

*Se ainda falta alguma, esse é o momento de finalizar.* 🚀💛",mensagem simples,2026-03-03 17:35:00.471+00,Mobiliza PE,111055674052635@lid,Mobiliza PE,2026-04-18 01:39:35.907327+00
97,Pernambuco,Mobiliza,Mobiliza,120363425016992076@g.us,3EB0155D41373E1D38B32A,"Quem mora no interior sabe bem o peso disso. A gente atravessa a divisa e parece outro mundo. Pernambuco merece muito mais, e com João Campos no governo vai ser diferente 💛",mensagem simples,2026-04-06 16:54:03.119+00,Mobiliza PE,111055674052635@lid,Mobiliza PE,2026-04-18 01:39:35.907327+00
98,Pernambuco,Mobiliza,Mobiliza,120363425016992076@g.us,3EB016878414DF11118A2C,"Quando o resultado aparece assim, não tem dúvida de pra onde vai o voto 💛💛🚀",mensagem simples,2026-04-01 18:49:56.282+00,Mobiliza PE,111055674052635@lid,Mobiliza PE,2026-04-18 01:39:35.907327+00
99,Pernambuco,Mobiliza PE,Mobiliza PE,120363405595256912@g.us,3EB016B0AD07C1FB4C904F,"Bom dia, pessoal! ☀️

*MISSÃO TRIPLA FRESQUINHA*

*Eles não param de tentar criar narrativas* sobre coisas que só existem na cabeça deles. Enquanto eles vão ficando cada vez mais roxos de raiva, *a gente vai pintando a nossa história com* o que realmente importa: *trabalho, seriedade e transparência.*

Falta pouco para nossa chapa ser oficializada, *vambora dar aquele apoio* de quem é gente de verdade e *amarelar os comentários.* 💛🚀

🔗Missão 1: https://engaja.pro/missaope1-19-03
🔗Missão 2: https://engaja.pro/missaope2-19-03
🔗MIssão 3: https://engaja.pro/missaope3-19-03",mensagem simples,2026-03-19 12:43:35.46+00,Mobiliza PE,111055674052635@lid,Mobiliza PE,2026-04-18 01:39:35.907327+00
100,Pernambuco,Mobiliza,Mobiliza,120363425016992076@g.us,3EB016FF0122FB1310144D,"Saúde precária, escola sem estrutura, e sobra 281 mil pra pesquisa fake? Triste",mensagem simples,2026-04-08 06:39:13.147+00,Mobiliza PE,111055674052635@lid,Mobiliza PE,2026-04-18 01:39:35.907327+00
101,Pernambuco,Lideranças - Mobiliza PE,Lideranças - Mobiliza PE,120363404880079867@g.us,3EB01814430F2E6B32B74D,"A fogueira já tá alta e as bandeirinhas já tão no céu!

Ainda não é junho, mas o calor do nosso movimento já tá aquecendo o estado todo! Faltam *15 minutinhos* pra gente começar o nosso encontro oficial.

Já puxei a cadeira e o salão tá pronto pra receber quem faz a diferença. Chega junto pra gente fazer o projeto crescer! *#PEpraFrente!*

🔗Link: https://engaja.pro/encontro-liderancas-mobilizape",mensagem simples,2026-04-15 18:46:53.247+00,Mobiliza PE,111055674052635@lid,Mobiliza PE,2026-04-18 01:39:35.907327+00
102,Pernambuco,Mobiliza PE,Mobiliza PE,120363405595256912@g.us,3EB01816951A01A7538454,"Bora decolar também, Pernambuco. Tá chegando a hora! 💛🚀",mensagem simples,2026-04-09 17:46:06.477+00,Mobiliza PE,111055674052635@lid,Mobiliza PE,2026-04-18 01:39:35.907327+00
103,Pernambuco,Mobiliza,Mobiliza,120363425016992076@g.us,3EB01880A45BF3C72CCEC4,O nome desse time é trabalho! 💛,mensagem simples,2026-03-28 14:59:44.113+00,Mobiliza PE,111055674052635@lid,Mobiliza PE,2026-04-18 01:39:35.907327+00
104,Pernambuco,Mobiliza PE,Mobiliza PE,120363405595256912@g.us,3EB018D2F85E1EE3A3259E,"*Aqui, o seu comentário orgânico é a nossa munição pra enterrar as mentiras do lado de lá, com o volume da nossa verdade.*",mensagem simples,2026-03-09 17:17:24.767+00,Mobiliza PE,111055674052635@lid,Mobiliza PE,2026-04-18 01:39:35.907327+00
105,Pernambuco,Mobiliza PE,Mobiliza PE,120363405595256912@g.us,3EB0194B1AB38C2E0CE390,"🚨 *MISSÃO NOVA NA ÁREA* 🚨

Pernambuco está se mobilizando! *A segurança pública é questão de liderança, coragem e compromisso de todos nós.* Vamos valorizar quem trabalha na linha de frente e garantir que nosso povo tenha as condições de viver tranquilo. Juntos, somos mais fortes! 

*1️⃣ Vamos compartilhar bastante, pessoal!*

*🔗Link:* https://engaja.pro/missaope01-13-04",mensagem simples,2026-04-13 15:29:40.233+00,Mobiliza PE,111055674052635@lid,Mobiliza PE,2026-04-18 01:39:35.907327+00
106,Pernambuco,Mobiliza PE,Mobiliza PE,120363405595256912@g.us,3EB019CF284172EA179555,*Ó os comentários pra inspiração aí:*,mensagem simples,2026-03-30 18:27:59.833+00,Mobiliza PE,111055674052635@lid,Mobiliza PE,2026-04-18 01:39:35.907327+00
107,Pernambuco,Mobiliza PE,Mobiliza PE,120363405595256912@g.us,3EB019F0FBBEDE96528FE9,*Vamos invadir aqueles comentários do jeito que só a gente sabe!* 🚀💛,mensagem simples,2026-04-16 18:31:03.734+00,Mobiliza PE,111055674052635@lid,Mobiliza PE,2026-04-18 01:39:35.907327+00
108,Pernambuco,Mobiliza,Mobiliza,120363425016992076@g.us,3EB019F7ABA237079D243E,"Galera, saiu *conteúdo novo* nestante lá no insta! 

Bora mostrar a força do nosso time e *encher aquilo de comentário positivo?* 

É jogo rápido, só pra deixar registrado o verdadeiro desejo do nosso Pernambuco. 💛

🔗 Link: https://engaja.pro/missaope5-18-03",mensagem simples,2026-03-18 16:43:41.801+00,Mobiliza PE,111055674052635@lid,Mobiliza PE,2026-04-18 01:39:35.907327+00
109,Pernambuco,Mobiliza,Mobiliza,120363425016992076@g.us,3EB01ACB124EEC684BFEFD,"*Gente, viram essa história* das imagens das deputadas no álbum de suspeitos aqui do Estado?

*🚨MISSÃO DUPLA:*
🔗Missão 1: https://engaja.pro/missao-pe1-25-03
🔗Missão 2: https://engaja.pro/missao-pe2-25-03

*João já se posicionou:* é inaceitável e tem que ter responsabilidade. *Não dá para tratar o absurdo como normal.*

*Bora lá no post mostrar que a gente preza pelo respeito e pela verdade?* Um comentário lá faz toda a diferença para não deixarem eles saírem impunes. Quem vem?",mensagem simples,2026-03-25 15:55:41.554+00,Mobiliza PE,111055674052635@lid,Mobiliza PE,2026-04-18 01:39:35.907327+00
110,Pernambuco,Lideranças - Mobiliza PE,Lideranças - Mobiliza PE,120363404880079867@g.us,3EB01B0BAF0EB93AE29597,"Fala, liderança! 📢 Ó o lero: reunião rápida pra alinhar os ponteiros.

*Lembrando que amanhã (quinta-Feira) vai sair o ranking dos top mobilizadores, em?!*

Daqui a pouco sai o link 💛🚀",mensagem simples,2026-04-08 18:20:53.453+00,Mobiliza PE,111055674052635@lid,Mobiliza PE,2026-04-18 01:39:35.907327+00
111,Pernambuco,Mobiliza,Mobiliza,120363425016992076@g.us,3EB01B16047471DBB664E8,"Boa tarde minha galeraaa, já passaram no link de hoje? 🧐🔥

Quem ainda não foi, *bora agora dar aquela força* pra manter o volume forte lá no topo! 🚀 *Amarelou, hein!* 💛

Conto com vocês! 👇
*O link é esse aqui:* https://engaja.pro/missaope01-30-03",mensagem simples,2026-03-30 11:55:30.919+00,Mobiliza PE,111055674052635@lid,Mobiliza PE,2026-04-18 01:39:35.907327+00
112,Pernambuco,Mobiliza PE,Mobiliza PE,120363405595256912@g.us,3EB01B32B1FBBCCC2074D8,"Pernambuco não pode mais esperar: João, vem arrumar a casa 💛",mensagem simples,2026-03-18 10:28:13.145+00,Mobiliza PE,111055674052635@lid,Mobiliza PE,2026-04-18 01:39:35.907327+00
113,Pernambuco,Mobiliza PE,Mobiliza PE,120363405595256912@g.us,3EB01BF09ECBF5803745FA,João chega com força porque tem resultado pra mostrar 💛🚀,mensagem simples,2026-04-08 09:57:09.959+00,Mobiliza PE,111055674052635@lid,Mobiliza PE,2026-04-18 01:39:35.907327+00
114,Pernambuco,Mobiliza PE,Mobiliza PE,120363405595256912@g.us,3EB01CDFBB03F049588C68,"*Boooooraa, pessoal!* ⏳
Passando para lembrar que nosso encontro é já já... *faltam 45 minutos*

Já to aqui com o café pronto esperando dar a hora (19:30).
Cuuuuuuidaaa! 🚀💛

*LINK LIBERADO:* https://engaja.pro/encontro-mobilizape",mensagem simples,2026-04-08 18:46:03.743+00,Mobiliza PE,111055674052635@lid,Mobiliza PE,2026-04-18 01:39:35.907327+00
115,Pernambuco,Mobiliza PE,Mobiliza PE,120363405595256912@g.us,3EB01CF7E3F5DE47180E46,*Cuida na sugestão de comentário:*,mensagem simples,2026-04-06 09:30:59.401+00,Mobiliza PE,111055674052635@lid,Mobiliza PE,2026-04-18 01:39:35.907327+00
116,Pernambuco,Mobiliza,Mobiliza,120363425016992076@g.us,3EB01DDADE7755341C08DE,"Triplicar as vagas de creche no Recife não foi sorte, foi planejamento e vontade política. Imagina isso multiplicado por todo Pernambuco. Tô ansioso demais pra ver 🚀💛",mensagem simples,2026-04-02 12:31:07.577+00,Mobiliza PE,111055674052635@lid,Mobiliza PE,2026-04-18 01:39:35.907327+00
117,Pernambuco,Mobiliza,Mobiliza,120363425016992076@g.us,3EB01E493F79AB94122B5B,Isso é o que chama de gestão pública? Gastar 281 mil em pesquisa falsa? Vergonha desse governo de raquel,mensagem simples,2026-04-08 06:39:39.737+00,Mobiliza PE,111055674052635@lid,Mobiliza PE,2026-04-18 01:39:35.907327+00
118,Pernambuco,Mobiliza,Mobiliza,120363425016992076@g.us,3EB01E533E2B3DC4EA15D9,João Campos vem forte demais. É resultado aparecendo nas pesquisas 💛🚀,mensagem simples,2026-04-08 09:56:43.407+00,Mobiliza PE,111055674052635@lid,Mobiliza PE,2026-04-18 01:39:35.907327+00
119,Pernambuco,Mobiliza,Mobiliza,120363425016992076@g.us,3EB01E87C33E0766622B8C,"Recife vai sentir saudade, mas Pernambuco vai ganhar. É a hora, João. A gente tá junto 💛💛",mensagem simples,2026-04-02 16:27:48.872+00,Mobiliza PE,111055674052635@lid,Mobiliza PE,2026-04-18 01:39:35.907327+00
120,Pernambuco,Mobiliza PE,Mobiliza PE,120363405595256912@g.us,3EB01EC23E8C132486F9F7,"Bom dia, meu povoo!  Hoje o dia já começa com notícia que enche a gente de orgulho: *Recife é a cidade que mais gerou vagas de creche em todo o Brasil!* Enquanto uns vivem de tapume, o homem entrega é serviço de verdade.",mensagem simples,2026-03-03 08:32:55.648+00,Mobiliza PE,111055674052635@lid,Mobiliza PE,2026-04-18 01:39:35.907327+00
121,Pernambuco,Mobiliza,Mobiliza,120363425016992076@g.us,3EB01F1A7C885EC3783360,"Essa história de 1817 não é só coisa de livro não; é o que a gente faz aqui todo dia quando não aceita conversa fiada e busca o melhor pra cá.

A nossa revolução é contínua: ocupando os espaços e não deixando a mentira vencer. *É massa demais estar no meio de tanta gente com esse mesmo sangue de luta e orgulho no peito.*

Bom feriado, time! 💛🚀
https://www.instagram.com/p/DViji2tEQTR/",mensagem simples,2026-03-06 15:28:00.016+00,Mobiliza PE,111055674052635@lid,Mobiliza PE,2026-04-18 01:39:35.907327+00
122,Pernambuco,Mobiliza,Mobiliza,120363425016992076@g.us,3EB01F68308ED2D92CA2D2,"O que Eduardo começou, João vai continuar. 🚀💛",mensagem simples,2026-03-27 16:24:02.361+00,Mobiliza PE,111055674052635@lid,Mobiliza PE,2026-04-18 01:39:35.907327+00
123,Pernambuco,Mobiliza PE,Mobiliza PE,120363405595256912@g.us,3EB01F7001EED52E179AC0,Trabalho dobrado quando tá difícil? É exatamente o que Pernambuco precisa 💛🚀,mensagem simples,2026-04-14 18:13:27.066+00,Mobiliza PE,111055674052635@lid,Mobiliza PE,2026-04-18 01:39:35.907327+00
124,Pernambuco,Mobiliza,Mobiliza,120363425016992076@g.us,3EB01FCF9B2A8275CF53B3,Quem conhece o interior sabe o peso de uma bênção do padim Cícero. João sabe disso também 💛,mensagem simples,2026-04-06 09:38:48.923+00,Mobiliza PE,111055674052635@lid,Mobiliza PE,2026-04-18 01:39:35.907327+00
125,Pernambuco,Mobiliza,Mobiliza,120363425016992076@g.us,3EB0200A58BC8724606F92,Do Recife pra todo Pernambuco… tá chegando a hora! 💛💛,mensagem simples,2026-03-31 08:20:55.312+00,Mobiliza PE,111055674052635@lid,Mobiliza PE,2026-04-18 01:39:35.907327+00
126,Pernambuco,Mobiliza PE,Mobiliza PE,120363405595256912@g.us,3EB020A67B88A31DF8E95B,E o escândalo da família de ônibus de Raquel?,mensagem simples,2026-03-02 17:23:11.831+00,Mobiliza PE,111055674052635@lid,Mobiliza PE,2026-04-18 01:39:35.907327+00
127,Pernambuco,Mobiliza,Mobiliza,120363425016992076@g.us,3EB021051EDA7B18648C58,"Se gastasse esses 281 mil com saúde, talvez não precisasse de pesquisa falsa pra criar boa avaliação",mensagem simples,2026-04-08 14:42:01.189+00,Mobiliza PE,111055674052635@lid,Mobiliza PE,2026-04-18 01:39:35.907327+00
128,Pernambuco,Mobiliza PE,Mobiliza PE,120363405595256912@g.us,3EB021BF74F5468967BA79,"Sugestões de comentários pra você dar seu molho:

R$ 160 milhões pra quem não podia nem assinar contrato? É a gestão da carona e do descaso.

Enquanto falta fardamento e merenda, sobra dinheiro pra empresa inidônea. Prioridades, né?

Engraçado que o contrato não passou pela PGE da prima. Coincidência grande demais... 🤔

A gente quer obra entregue, não contrato suspeito. Que saudade de uma gestão que sabe o que faz!

Pagar 90% do contrato em tempo recorde pra uma empresa suspensa? Isso aqui tá parecendo filme de terror.

O Detran é valente com o cidadão, mas o Governo é bonzinho com empresa proibida pela lei. Explica essa!",mensagem simples,2026-03-11 20:10:05.894+00,Mobiliza PE,111055674052635@lid,Mobiliza PE,2026-04-18 01:39:35.907327+00
129,Pernambuco,Mobiliza,Mobiliza,120363425016992076@g.us,3EB021E0361185C4294DD7,"Falou tudo! A gente tá aqui, firme e forte, esperando a hora de votar. Vai ser lindo!  💛",mensagem simples,2026-03-30 16:30:28.588+00,Mobiliza PE,111055674052635@lid,Mobiliza PE,2026-04-18 01:39:35.907327+00
130,Pernambuco,Mobiliza,Mobiliza,120363425016992076@g.us,3EB021EAAC7F3663D6725F,Pesquisa confirmando o que a gente já sentia nas ruas 💛,mensagem simples,2026-04-16 14:08:42.912+00,Mobiliza PE,111055674052635@lid,Mobiliza PE,2026-04-18 01:39:35.907327+00
131,Pernambuco,Mobiliza PE,Mobiliza PE,120363405595256912@g.us,3EB0221C21CA0F4B622526,Trabalho garantido no Recife e esperança renovada para todo o nosso Pernambuco! 💛💛🚀💛,mensagem simples,2026-03-27 16:24:02.937+00,Mobiliza PE,111055674052635@lid,Mobiliza PE,2026-04-18 01:39:35.907327+00
132,Pernambuco,Mobiliza PE,Mobiliza PE,120363405595256912@g.us,3EB022BDE949DEFACE1351,É o time da esperança entrando em campo 💛,mensagem simples,2026-03-28 16:16:31.444+00,Mobiliza PE,111055674052635@lid,Mobiliza PE,2026-04-18 01:39:35.907327+00
133,Pernambuco,Mobiliza PE,Mobiliza PE,120363405595256912@g.us,3EB0234D3D68B8D1214B8C,Se fosse essa a escalação da copa o hexa tava garantido! 💛💛,mensagem simples,2026-03-28 16:16:32.325+00,Mobiliza PE,111055674052635@lid,Mobiliza PE,2026-04-18 01:39:35.907327+00
134,Pernambuco,Mobiliza,Mobiliza,120363425016992076@g.us,3EB023D05C3C8186712B0C,"*Então bora fazer a informação rodar?*

Joga nos stories, manda no grupo da família, no grupo do churrasco, naquele grupo que só aparece em época de eleição… 👀

*Reage aqui com um ✅ e fechamos o dia do jeito certo.*",mensagem simples,2026-03-03 18:06:30.022+00,Mobiliza PE,111055674052635@lid,Mobiliza PE,2026-04-18 01:39:35.907327+00
135,Pernambuco,Mobiliza,Mobiliza,120363425016992076@g.us,3EB023D116E7D933772F91,"Vão abrir contra a CPI da empresa de ônibus do pai, da mãe e da irmã de Raquel?",mensagem simples,2026-03-02 17:26:06.705+00,Mobiliza PE,111055674052635@lid,Mobiliza PE,2026-04-18 01:39:35.907327+00
136,Pernambuco,Lideranças - Mobiliza PE,Lideranças - Mobiliza PE,120363404880079867@g.us,3EB023FA5DA9A8703C58EE,"Parabéns pela energia, turma! Todos fizeram uma boa mobilização essa semana, mas esses três se destacaram.

*Parabéns pela entrega, constância e energia* colocada em cada missão! Vocês fizeram a diferença nessa movimentação. 

Teve gente que ficou fora desse ranking por uma diferença bem pequena 👀

Na próxima semana, pode ser o seu nome aqui 💛🚀",mensagem simples,2026-02-27 14:35:13.324+00,Mobiliza PE,111055674052635@lid,Mobiliza PE,2026-04-18 01:39:35.907327+00
137,Pernambuco,Mobiliza PE,Mobiliza PE,120363405595256912@g.us,3EB0242DB1BD30701AC0E9,"Mas a gestão raquel isse que tava tudo em ordem hein. Tá em ordem não, tá em água! kkkkkk mentira descarada.",mensagem simples,2026-04-07 16:32:07.949+00,Mobiliza PE,111055674052635@lid,Mobiliza PE,2026-04-18 01:39:35.907327+00
138,Pernambuco,Mobiliza PE,Mobiliza PE,120363405595256912@g.us,3EB0244B3BCD40E76A430C,*SUGESTÕES DE COMENTÁRIOS (Adapte com seu jeito!)*👇🏼,mensagem simples,2026-02-21 17:14:11.099+00,Mobiliza PE,111055674052635@lid,Mobiliza PE,2026-04-18 01:39:35.907327+00
139,Pernambuco,Mobiliza,Mobiliza,120363425016992076@g.us,3EB024A938462634A57066,"*Cuida, pega um comentário pra tu se inspirar:*",mensagem simples,2026-04-08 17:50:38.129+00,Mobiliza PE,111055674052635@lid,Mobiliza PE,2026-04-18 01:39:35.907327+00
140,Pernambuco,Mobiliza,Mobiliza,120363425016992076@g.us,3EB024B74CB61812FE38F7,Sugestões de comentários pra tu se inspirar *(lembra de ajustar do teu jeito)*:,mensagem simples,2026-03-25 15:55:53.153+00,Mobiliza PE,111055674052635@lid,Mobiliza PE,2026-04-18 01:39:35.907327+00
141,Pernambuco,Mobiliza,Mobiliza,120363425016992076@g.us,3EB025067A8F66AA4CA7BE,"Quando o trabalho é bem feito, o reconhecimento vem. Simples assim 💛🚀",mensagem simples,2026-04-08 17:50:55.389+00,Mobiliza PE,111055674052635@lid,Mobiliza PE,2026-04-18 01:39:35.907327+00
142,Pernambuco,Mobiliza PE,Mobiliza PE,120363405595256912@g.us,3EB0253AA7B0DA6545D1EE,*COMENTÁRIOS PARA VOCÊ SE INSPIRAR (não copie e cole):*,mensagem simples,2026-03-27 16:23:14.019+00,Mobiliza PE,111055674052635@lid,Mobiliza PE,2026-04-18 01:39:35.907327+00
143,Pernambuco,Mobiliza,Mobiliza,120363425016992076@g.us,3EB026C466EBE64152305D,"Esse é o nosso prefeito! Posição clara, sem rodeio 💛 💛",mensagem simples,2026-03-30 16:29:41.608+00,Mobiliza PE,111055674052635@lid,Mobiliza PE,2026-04-18 01:39:35.907327+00
144,Pernambuco,Mobiliza,Mobiliza,120363425016992076@g.us,3EB026C7E07CA6E0CBEADB,"Ó galera, só pra não ter erro nessa missão que tá um pouco diferente:
Salva a foto, cria um textinho teu, mete a hashtag #PEPraFrente e o 💛, e depois solta em todo canto!

Vamo mostrar que o futuro de Pernambuco é amarelo!🚀💛",mensagem simples,2026-03-23 07:33:40.727+00,Mobiliza PE,111055674052635@lid,Mobiliza PE,2026-04-18 01:39:35.907327+00
145,Pernambuco,Mobiliza PE,Mobiliza PE,120363405595256912@g.us,3EB026E90D2BE59236D4A8,Esperança tem nome: João 💛💛💛,mensagem simples,2026-03-18 15:33:24.344+00,Mobiliza PE,111055674052635@lid,Mobiliza PE,2026-04-18 01:39:35.907327+00
146,Pernambuco,Mobiliza PE,Mobiliza PE,120363405595256912@g.us,3EB02732044AB57611988B,O povo de Pernambuco tá vendo esse ritmo e entendendo o recado. Aqui não tem dúvida de quem vai ser governador 🚀🚀💛,mensagem simples,2026-04-02 12:29:28.395+00,Mobiliza PE,111055674052635@lid,Mobiliza PE,2026-04-18 01:39:35.907327+00
147,Pernambuco,Mobiliza PE,Mobiliza PE,120363405595256912@g.us,3EB027B8A3EDB04EB08D3E,"🚨 *MISSÃO TRIPLA NA ÁREA* 🚨

O João é a prova que a dificuldade não derruba! 💪 Pernambuco merece um governador que trabalha em dobro, e a gente tá aqui pra somar nessa missão! Tô dentro e com muito orgulho! 💛🚀

*Vamos lotar os comentários NOS TRÊS links, hein!*

*1️⃣ Link:* https://engaja.pro/missaope03-14-04
*2️⃣ Link:* https://engaja.pro/missaope04-14-04
*3️⃣ Link:* https://engaja.pro/missaope05-14-04",mensagem simples,2026-04-14 16:24:18.851+00,Mobiliza PE,111055674052635@lid,Mobiliza PE,2026-04-18 01:39:35.907327+00
148,Pernambuco,Mobiliza PE,Mobiliza PE,120363405595256912@g.us,3EB027E22BDA6EE3A99898,"Quem fez pelo Recife vai fazer pelo estado todo, simples assim 💛",mensagem simples,2026-04-16 14:07:49.06+00,Mobiliza PE,111055674052635@lid,Mobiliza PE,2026-04-18 01:39:35.907327+00
149,Pernambuco,Mobiliza,Mobiliza,120363425016992076@g.us,3EB028D8041F1B3489BD11,"O povo do Sertão merece um governador que chega com respeito antes mesmo de chegar com promessa. João já começa assim. Tô dentro, de cabeça e de coração. 🚀💛",mensagem simples,2026-04-06 09:38:51.544+00,Mobiliza PE,111055674052635@lid,Mobiliza PE,2026-04-18 01:39:35.907327+00
150,Pernambuco,Mobiliza PE,Mobiliza PE,120363405595256912@g.us,3EB028DAFF655737966D81,"João, bora organizar esse estado que tá largado 💛💛",mensagem simples,2026-03-18 10:28:22.02+00,Mobiliza PE,111055674052635@lid,Mobiliza PE,2026-04-18 01:39:35.907327+00
151,Pernambuco,Lideranças - Mobiliza PE,Lideranças - Mobiliza PE,120363404880079867@g.us,3EB02975B66E06E86F9BA5,"📍*19h:* Nosso papo exclusivo entre lideranças (abertura da sala).
📍*19h30:* Reunião geral com todo o Mobiliza PE.",mensagem simples,2026-03-17 10:55:43.208+00,Mobiliza PE,111055674052635@lid,Mobiliza PE,2026-04-18 01:39:35.907327+00
152,Pernambuco,Mobiliza,Mobiliza,120363425016992076@g.us,3EB029868B893D93981114,"*E os comentários já estão no gatilho por aí, né?*",mensagem simples,2026-04-16 17:00:39.393+00,Mobiliza PE,111055674052635@lid,Mobiliza PE,2026-04-18 01:39:35.907327+00
153,Pernambuco,Mobiliza PE,Mobiliza PE,120363405595256912@g.us,3EB029DDD4CFBF16D5BC2B,"MISSÃO DUPLA GALERA! 
VAMO CHEGAR JUNTO!

*A turma do contra tentou o tapetão, mas não colou!* ❌

Lembram daquela ""polêmica"" que a oposição tentou criar? O próprio João já tinha resolvido o erro antes de qualquer barulho. O presidente da Câmara arquivou a CPI hoje porque, simplesmente, não tem o que investigar. *É puro desespero de quem não tem obra pra mostrar e tenta ganhar no grito.*

*Bora ocupar o espaço e mostrar que o Recife não cai em fake news?*

Passa nos links e deixa teu comentário:
1️⃣ https://engaja.pro/pemissao02-03-03
2️⃣ https://engaja.pro/pemissao03-03-03",mensagem simples,2026-03-03 11:17:44.684+00,Mobiliza PE,111055674052635@lid,Mobiliza PE,2026-04-18 01:39:35.907327+00
154,Pernambuco,Mobiliza,Mobiliza,120363425016992076@g.us,3EB02A62BAC24E0A1F7F90,"Bora decolar também, Pernambuco. Tá chegando a hora! 💛🚀",mensagem simples,2026-03-31 08:20:40.714+00,Mobiliza PE,111055674052635@lid,Mobiliza PE,2026-04-18 01:39:35.907327+00
155,Pernambuco,Mobiliza,Mobiliza,120363425016992076@g.us,3EB02A728CEA647E6D842E,"*Dica de ouro:* Além de comentar, curte os comentários da nossa galera também. 
Isso joga a gente pro topo e esconde o barulho deles. 
Simbora que o ritmo é de vitória! 🏁💛",mensagem simples,2026-04-02 18:10:51.537+00,Mobiliza PE,111055674052635@lid,Mobiliza PE,2026-04-18 01:39:35.907327+00
156,Pernambuco,Mobiliza PE,Mobiliza PE,120363405595256912@g.us,3EB02A8AA873AF4A8545B5,"*O pódio da semana está formado e o peso aqui é grande,* vamos aos *TOP 3 mobilizadores: Edcarlos Bezerra, Lucilla Azevedo e Paulo Henrique.* Essa galera tirou onda demais. Parabéns e vamos com tudo! *#PEPraFrente!*🚀🚀🚀",mensagem simples,2026-04-17 12:01:55.194+00,Mobiliza PE,111055674052635@lid,Mobiliza PE,2026-04-18 01:39:35.907327+00
157,Pernambuco,Mobiliza,Mobiliza,120363425016992076@g.us,3EB02AF51605857F625C5A,"*🚨MISSÃO NOVA, GALERA🚨*

*Pernambuco já decidiu que quer seguir em frente!*

Ver João com todas essas intenções de voto é a prova de que o trabalho que ele fez no Recife *o povo quer ver no estado todo. 💛🚀*

*1️⃣ Vamos lotar os comentários*

*2️⃣ Link:* https://engaja.pro/missaope02-09-04",mensagem simples,2026-04-09 17:45:27.073+00,Mobiliza PE,111055674052635@lid,Mobiliza PE,2026-04-18 01:39:35.907327+00
158,Pernambuco,Mobiliza,Mobiliza,120363425016992076@g.us,3EB02B3A5010249284CADC,"54% não é pesquisa, é recado dado pelo povo! 💛🚀",mensagem simples,2026-04-16 14:08:25.042+00,Mobiliza PE,111055674052635@lid,Mobiliza PE,2026-04-18 01:39:35.907327+00
159,Pernambuco,Mobiliza,Mobiliza,120363425016992076@g.us,3EB02B83308BFC6E3C3675,"Parabéns pela energia, turma! Todos fizeram uma boa mobilização essa semana, mas esses três se destacaram.

*Parabéns pela entrega, constância e energia* colocada em cada missão! Vocês fizeram a diferença nessa movimentação. 

Teve gente que ficou fora desse ranking por uma diferença bem pequena 👀

Na próxima semana, pode ser o seu nome aqui 💛🚀",mensagem simples,2026-02-27 14:36:08.722+00,Mobiliza PE,111055674052635@lid,Mobiliza PE,2026-04-18 01:39:35.907327+00
160,Pernambuco,Mobiliza PE,Mobiliza PE,120363405595256912@g.us,3EB02BEDE1B490D303ECC0,"Já mostrou no Recife que sabe fazer acontecer. No estado não vai ser diferente! Bora, João 💛💛",mensagem simples,2026-04-15 12:10:46.469+00,Mobiliza PE,111055674052635@lid,Mobiliza PE,2026-04-18 01:39:35.907327+00
161,Pernambuco,Mobiliza,Mobiliza,120363425016992076@g.us,3EB02C94DC05CC2FABAB01,"Pessoal, passando aqui no final do dia pra relembrar que *tivemos missões hoje* e é importante voltar em cada link pra dar aquela reforçada.

Confere se já fez todas:
1️⃣  https://engaja.pro/pemissao02-03-03
2️⃣ https://engaja.pro/pemissao03-03-03
3️⃣https://engaja.pro/pemissao03-03-04 
4️⃣ https://engaja.pro/pemissao03-03-05

*Se ainda falta alguma, esse é o momento de finalizar.* 🚀💛",mensagem simples,2026-03-03 17:36:15.388+00,Mobiliza PE,111055674052635@lid,Mobiliza PE,2026-04-18 01:39:35.907327+00
162,Pernambuco,Mobiliza,Mobiliza,120363425016992076@g.us,3EB02CF445117F36CE76B6,"Chapas se formando e Pernambuco de olho em você, meu prefeito 💛💛💛",mensagem simples,2026-03-18 15:37:56.682+00,Mobiliza PE,111055674052635@lid,Mobiliza PE,2026-04-18 01:39:35.907327+00
163,Pernambuco,Mobiliza PE,Mobiliza PE,120363405595256912@g.us,3EB02D19E12711B1712BA9,"*Ó a resposta na ponta da língua: a gente é Mobiliza porque acredita no poder do conjunto.* Se uma pessoa sozinha curte um post ou faz um comentário solto, é só um pingo d’água. Mas quando mil pessoas decidem ocupar o mesmo post ao mesmo tempo, vira uma onda que ninguém segura. 
*Esse é o poder da mobilização!*",mensagem simples,2026-03-09 17:17:05.683+00,Mobiliza PE,111055674052635@lid,Mobiliza PE,2026-04-18 01:39:35.907327+00
164,Pernambuco,Mobiliza PE,Mobiliza PE,120363405595256912@g.us,3EB02D226516B1C0CB261B,"***🚨 Alerta:** Verificamos aqui e faltam apenas 30 minutos para o nosso encontro de hoje! 🚨*

Cuida que amanhã é feriadão, vamos renovar as energias pra comemorar essa data linda.

Já deixa o link guardado aí: https://engaja.pro/encontro-mobilizape",mensagem simples,2026-04-01 19:00:08.709+00,Mobiliza PE,111055674052635@lid,Mobiliza PE,2026-04-18 01:39:35.907327+00
165,Pernambuco,Mobiliza PE,Mobiliza PE,120363405595256912@g.us,3EB02D717803B2C6895A69,"Ranking: *OS DONOS DO JOGO*
Esse aqui é pra quem não dormiu no ponto. O TOP 3 mostra quem ativou a base com força total, cumpriu as missões e teve gente que marcou ponto pela presença na nossa reunião pra mostrar que o grupo tá unido.

*1º Lugar: Rafale Calado* – Esse aí tá voando, ativou até quem tava de resguardo!

*2º Lugar: Gabriel Vinícius* – Coladinho, sem dar trégua.

*3º Lugar: Silvio Dantas* – Fechando o pódio na moral.",mensagem simples,2026-03-27 19:34:07.389+00,Mobiliza PE,111055674052635@lid,Mobiliza PE,2026-04-18 01:39:35.907327+00
166,Pernambuco,Mobiliza,Mobiliza,120363425016992076@g.us,3EB02E0A2C739780AAA9E6,"*🚨Lembrete super importante:* agora que o ano começou oficialmente, a gente vai precisar de todo mundo no 220v! ⚡️

*Hora de engajar as bases, trazer quem ainda não entrou e fortalecer nosso Mobiliza*. Se tiver alguém que ainda não está aqui, a hora de puxar pra cá é agora. Bora crescer essa corrente que o trabalho não espera!

Chama a gente aqui no privado. Estamos à disposição para ajudar a trazer todo mundo pra dentro da comunidade. Bora ocupar os espaços!💛🚀",mensagem simples,2026-02-23 10:16:00.925+00,Mobiliza PE,111055674052635@lid,Mobiliza PE,2026-04-18 01:39:35.907327+00
167,Pernambuco,Mobiliza PE,Mobiliza PE,120363405595256912@g.us,3EB02E2E69DD4C974D783E,"Bom dia, turma! Como estamos? ☀️
Dizem que quem cedo madruga... *posta foto de esperança pelo nosso estado!* 😂

Vamos fazer um barulho silencioso?! *Bora postar essa foto aqui,* pode ser no status, em grupo, nos stories, no feed do Instagram… Em todo canto! O que importa *é postar* e *marcar o perfil de @joaocampos.* 
Bora mostrar que *João Campos é o futuro de Pernambuco* e que o AMARELO daqui combina com o sol de logo cedo.

*Podem usar a imaginação* e fazer aquela legenda caprichada do seu jeito, mas ó, *usa a #PEPraFrente* e o 💛, pra gente começar a semana fazendo aquela folia gostosa.",mensagem simples,2026-03-23 07:22:03.971+00,Mobiliza PE,111055674052635@lid,Mobiliza PE,2026-04-18 01:39:35.907327+00
168,Pernambuco,Mobiliza PE,Mobiliza PE,120363405595256912@g.us,3EB02EA3D5975A5A60F796,"Bom dia, minha turma! É *dia de celebrar* duas das cidades mais encantadoras do mundo. Hoje nosso *Recife* completa 489 anos e nossa *Olinda* 491 anos. Digo mais: elas vão além do status de cidade! São *identidade,* são *nossa história.* Quem não é daqui não entende por que *a gente vibra de orgulho pelo amor à nossa cultura e por toda a nossa vida.*

Eu sou suspeito pra falar, mas *não troco o compasso do frevo e o calor humano* de Recife e Olinda por canto nenhum do mundo! *É um privilégio* viver a magia que une essas pontes, rios e histórias. *Um brinde a essa lindeza, com gosto de tapioca e muito bolo de rolo! 🥂💛*

https://www.instagram.com/p/DVyAvCJEXiU/",mensagem simples,2026-03-12 11:10:11.274+00,Mobiliza PE,111055674052635@lid,Mobiliza PE,2026-04-18 01:39:35.907327+00
169,Pernambuco,Mobiliza,Mobiliza,120363425016992076@g.us,3EB02EF837F9F3CD391BFD,"Tô sentindo que o pessoal da vingancinha tá meio sem argumento nos comentários hoje... *quem já passou lá nas missões pra equilibrar o debate?*

🔗 Missão 1 : https://engaja.pro/missaope-18-03 
🔗Missão 2 : https://engaja.pro/missaope2-18-03",mensagem simples,2026-03-18 13:49:46.025+00,Mobiliza PE,111055674052635@lid,Mobiliza PE,2026-04-18 01:39:35.907327+00
170,Pernambuco,Mobiliza,Mobiliza,120363425016992076@g.us,3EB02F0985591AC5F4B716,Nem precisa de segundo turno. O povo escolheu e ponto final 🚀💛,mensagem simples,2026-04-16 14:08:33.648+00,Mobiliza PE,111055674052635@lid,Mobiliza PE,2026-04-18 01:39:35.907327+00
171,Pernambuco,Mobiliza,Mobiliza,120363425016992076@g.us,3EB02F7291EF0B25C5F8CA,Chega de politicagem na segurança! João vai tratar isso com seriedade do primeiro dia 🚀💛,mensagem simples,2026-04-14 08:21:43.878+00,Mobiliza PE,111055674052635@lid,Mobiliza PE,2026-04-18 01:39:35.907327+00
172,Pernambuco,Mobiliza PE,Mobiliza PE,120363405595256912@g.us,3EB02FB63F452AA1962C6B,O sentimento nas ruas já diz tudo: tá chegando a hora do nosso governador! 💛,mensagem simples,2026-03-31 08:21:40.382+00,Mobiliza PE,111055674052635@lid,Mobiliza PE,2026-04-18 01:39:35.907327+00
173,Pernambuco,Mobiliza PE,Mobiliza PE,120363405595256912@g.us,3EB0309A66FAA19D6F79A1,"Ei, boy, quem passa pela PE-585 sabe o sufoco. É um pula-pula que não acaba mais, acabando com o carro da gente e botando a segurança em risco. 
A gente que é daqui sabe que essa estrada é fundamental pra ir pra Ouricuri, Ipubi e toda a região. 

*Merecemos rodar num tapete, visse? O povo do Sertão trabalha dobrado e não pode ficar nesse prejuízo.* Vamos dar aquele grau na cobrança porque nosso dia a dia precisa de fluidez e estrada de verdade!

*1️⃣ Bora chegar junto do nosso governador:* https://engaja.pro/missaope02-06-04",mensagem simples,2026-04-06 16:52:12.143+00,Mobiliza PE,111055674052635@lid,Mobiliza PE,2026-04-18 01:39:35.907327+00
174,Pernambuco,Lideranças - Mobiliza PE,Lideranças - Mobiliza PE,120363404880079867@g.us,3EB030CAE2139241C102B9,"Turma, as cadeiras já estão sendo puxadas. Em 10 minutos a gente abre a sala exclusiva aqui para o nosso alinhamento de lideranças.

*Link:* https://engaja.pro/encontro-liderancas-mobilizape",mensagem simples,2026-04-08 18:50:31.131+00,Mobiliza PE,111055674052635@lid,Mobiliza PE,2026-04-18 01:39:35.907327+00
175,Pernambuco,Mobiliza,Mobiliza,120363425016992076@g.us,3EB031556E68F146445343,Cada entrega dessa gestão é um argumento que não precisa nem de debate. Os fatos falam sozinhos 🚀💛,mensagem simples,2026-04-02 16:28:32.27+00,Mobiliza PE,111055674052635@lid,Mobiliza PE,2026-04-18 01:39:35.907327+00
176,Pernambuco,Lideranças - Mobiliza PE,Lideranças - Mobiliza PE,120363404880079867@g.us,3EB0316ED193DFE84FA69A,"*Quem vai liderar o ranking de amanhã?* 👀 🏆
Turma, não pensem que esquecemos do Desafio +2 que foi lançado semana passada! 
Nosso encontro de hoje às 19h30 tem tudo pra ser gigante, e o segredo tá nesse gás que vocês vão dar com as galeras de vocês. 🚀

Atenção: *amanhã a gente solta a lista oficial dos Top Mobilizadores pra reunião aqui no grupo. Quem abraçou o desafio e tiver alguém da sua base lá hoje já ganha destaque, e quem trouxer mais vai aparecer no TOPO!*",mensagem simples,2026-04-01 12:18:51.916+00,Mobiliza PE,111055674052635@lid,Mobiliza PE,2026-04-18 01:39:35.907327+00
177,Pernambuco,Mobiliza,Mobiliza,120363425016992076@g.us,3EB0316F1B4BFCE19A5B9B,Pernambuco inteiro tá pronto pra essa virada de página 💛💛🚀,mensagem simples,2026-04-16 14:09:08.817+00,Mobiliza PE,111055674052635@lid,Mobiliza PE,2026-04-18 01:39:35.907327+00
178,Pernambuco,Mobiliza PE,Mobiliza PE,120363405595256912@g.us,3EB031DD1DA343ABBA4149,"O povo internado já tá sofrendo com doença e ainda leva chuva em cima. Mas calma, que o hospital foi ""reformado"" viu. kkkkk que reforma, raquel?",mensagem simples,2026-04-07 16:32:15.754+00,Mobiliza PE,111055674052635@lid,Mobiliza PE,2026-04-18 01:39:35.907327+00
179,Pernambuco,Mobiliza,Mobiliza,120363425016992076@g.us,3EB031F5493A955D0176F4,Meu governador tá chegando! 💛,mensagem simples,2026-04-09 17:45:31.197+00,Mobiliza PE,111055674052635@lid,Mobiliza PE,2026-04-18 01:39:35.907327+00
180,Pernambuco,Mobiliza,Mobiliza,120363425016992076@g.us,3EB032354F88B330E02D57,Time tá formado pra transformar Pernambuco de verdade. Bora com João! 💛,mensagem simples,2026-03-27 16:24:11.728+00,Mobiliza PE,111055674052635@lid,Mobiliza PE,2026-04-18 01:39:35.907327+00
181,Pernambuco,Mobiliza PE,Mobiliza PE,120363405595256912@g.us,3EB0327B98FCA609C1F8D7,"A gente sabe que o dia é corrido, mas a ocupação hoje nas redes tá bonita de ver, e num tema como esse a gente não pode dar nem chance deles controlarem a narrativa com falsidades.

Por isso vamo lá mais uma vez garantir que o que vai ser visto nas redes é o que tá na boca do povo: Vem João!

🔗 Missão 1: https://engaja.pro/missaope3-18-03
🔗 Missão 2: https://engaja.pro/missaope4-18-03
🔗 Missão 3:  https://engaja.pro/missaope5-18-03

Quem ainda não conseguiu passar lá antes, chega junto agora e vamo dominar as redes! 💛",mensagem simples,2026-03-18 18:30:40.578+00,Mobiliza PE,111055674052635@lid,Mobiliza PE,2026-04-18 01:39:35.907327+00
182,Pernambuco,Mobiliza PE,Mobiliza PE,120363405595256912@g.us,3EB0329FF6BECFCF819AD3,"54% não é pesquisa, é recado dado pelo povo! 💛🚀",mensagem simples,2026-04-16 14:07:21.647+00,Mobiliza PE,111055674052635@lid,Mobiliza PE,2026-04-18 01:39:35.907327+00
183,Pernambuco,Mobiliza PE,Mobiliza PE,120363405595256912@g.us,3EB032AD8E501E11AC9451,"Bom dia meu time! ☀️

*Bora começar a quarta-feira mostrando que a gente não cai em conversa fiada?*

A turma do lado de lá gastou R$ 281 mil de dinheiro público pra encomendar uma pesquisa que não tá enganando ninguém. Enquanto o teto de hospital cai, eles pagam pra tentar fabricar número. *É o desespero batendo!*

Vamos passar lá na postagem e mostrar que a gente não nasceu ontem, nem se criou num cesto.

🔗 https://engaja.pro/missaope-01-08-04

Vamos pra cima! Deixa teu like e comenta a verdade pra derrubar essa galhofa que eles estão empurrando. 🚀💛",mensagem simples,2026-04-08 06:37:14.014+00,Mobiliza PE,111055674052635@lid,Mobiliza PE,2026-04-18 01:39:35.907327+00
184,Pernambuco,Mobiliza,Mobiliza,120363425016992076@g.us,3EB03388EC3000EA00FB17,"O povo internado já tá sofrendo com doença e ainda leva chuva em cima. Mas calma, que o hospital foi ""reformado"" viu. kkkkk que reforma, raquel?",mensagem simples,2026-04-07 16:30:56.76+00,Mobiliza PE,111055674052635@lid,Mobiliza PE,2026-04-18 01:39:35.907327+00
185,Pernambuco,Mobiliza PE,Mobiliza PE,120363405595256912@g.us,3EB0338ED5C686A7029BD2,"Falou tudo! A gente tá aqui, firme e forte, esperando a hora de votar. Vai ser lindo!  💛",mensagem simples,2026-03-30 16:30:29.021+00,Mobiliza PE,111055674052635@lid,Mobiliza PE,2026-04-18 01:39:35.907327+00
186,Pernambuco,Mobiliza,Mobiliza,120363425016992076@g.us,3EB033903DB1C9285EF591,"Coerência é isso: fala que vai fazer, assume o mandato e faz. João não decepciona, nunca 💛🚀",mensagem simples,2026-04-01 18:49:56.9+00,Mobiliza PE,111055674052635@lid,Mobiliza PE,2026-04-18 01:39:35.907327+00
187,Pernambuco,Mobiliza PE,Mobiliza PE,120363405595256912@g.us,3EB034E7827D36B9578AE2,"João, vem logo trabalhar por pernambuco, que o negócio tá complicado...",mensagem simples,2026-03-18 10:28:09.699+00,Mobiliza PE,111055674052635@lid,Mobiliza PE,2026-04-18 01:39:35.907327+00
188,Pernambuco,Lideranças - Mobiliza PE,Lideranças - Mobiliza PE,120363404880079867@g.us,3EB035038DC315FC6D94A5,"Meus líderes, *já botaram o despertador? ⏰*

Hoje é aquele *dia sagrado* de alinhar os ponteiros antes da Geral.
A gente se encontra na *nossa sala exclusiva às 19h* pra organizar a estratégia e garantir que o volume de verdade atropele os robôs deles mais uma vez.
Logo após, *às 19h30 teremos o nosso encontrão* com todo mundo, não esquece de puxar o pessoal.",mensagem simples,2026-03-18 12:43:41.065+00,Mobiliza PE,111055674052635@lid,Mobiliza PE,2026-04-18 01:39:35.907327+00
189,Pernambuco,Mobiliza PE,Mobiliza PE,120363405595256912@g.us,3EB035D0FF0868E71B279C,"Cada vez mais orgulhosa de apoiar esse homem! Time fechadíssimo, aqui não tem vacilo não 💛",mensagem simples,2026-03-30 16:30:06.3+00,Mobiliza PE,111055674052635@lid,Mobiliza PE,2026-04-18 01:39:35.907327+00
190,Pernambuco,Mobiliza PE,Mobiliza PE,120363405595256912@g.us,3EB035F09916EA352A6469,O que Eduardo começou o nosso João vai continuar com força 💛💛,mensagem simples,2026-03-19 12:43:50.526+00,Mobiliza PE,111055674052635@lid,Mobiliza PE,2026-04-18 01:39:35.907327+00
191,Pernambuco,Mobiliza PE,Mobiliza PE,120363405595256912@g.us,3EB0360F44003F4716E65B,"🚨 *MAIS DUAS MISSÕES NO AR!* Hora de fortalecer a verdade. 💪

👉 Nossa missão é clara: ocupar os comentários com fatos, firmeza e coerência.
Sem ataque pessoal. Sem exagero. Só verdade.

Vem simbora comentar: 
1️⃣ https://engaja.pro/pemissao03-03-04
2️⃣ https://engaja.pro/pemissao03-03-05",mensagem simples,2026-03-03 13:18:21.129+00,Mobiliza PE,111055674052635@lid,Mobiliza PE,2026-04-18 01:39:35.907327+00
192,Pernambuco,Mobiliza,Mobiliza,120363425016992076@g.us,3EB03649202DD958BAE650,"Pernambuco merece um governo que enfrenta os problemas de frente, assim como João sempre fez. 🚀💛",mensagem simples,2026-04-06 16:53:56.597+00,Mobiliza PE,111055674052635@lid,Mobiliza PE,2026-04-18 01:39:35.907327+00
193,Pernambuco,Mobiliza PE,Mobiliza PE,120363405595256912@g.us,3EB036E73DFD67F08BD95E,"Cada vaga de creche criada é uma mãe que pôde trabalhar, uma criança que teve acesso à educação. Resultado real na vida real. É disso que Pernambuco precisa 💛",mensagem simples,2026-04-02 12:29:41.232+00,Mobiliza PE,111055674052635@lid,Mobiliza PE,2026-04-18 01:39:35.907327+00
194,Pernambuco,Mobiliza PE,Mobiliza PE,120363405595256912@g.us,3EB0381E21775D1306D5DE,"🚨 *BORA MOER, QUE O CAFÉ TÁ NO FOGO E TEM NOVA MISSÃO TÁ NA MESA!* 🚨 

*Pernambuco tá dizendo o que quer!!!* Simbora que o futuro tá logo ali e o povo já escolheu o caminho do avanço! #PEpraFrente 💛🚀


🔗Link: https://engaja.pro/missaope06-16-04",mensagem simples,2026-04-16 18:30:31.893+00,Mobiliza PE,111055674052635@lid,Mobiliza PE,2026-04-18 01:39:35.907327+00
195,Pernambuco,Mobiliza PE,Mobiliza PE,120363405595256912@g.us,3EB0382FD6072CB8BE3417,"Galera, saiu *conteúdo novo* nestante lá no insta! 

Bora mostrar a força do nosso time e *encher aquilo de comentário positivo?* 

É jogo rápido, só pra deixar registrado o verdadeiro desejo do nosso Pernambuco. 💛

🔗 Link: https://engaja.pro/missaope5-18-03",mensagem simples,2026-03-18 16:43:47.805+00,Mobiliza PE,111055674052635@lid,Mobiliza PE,2026-04-18 01:39:35.907327+00
196,Pernambuco,Mobiliza,Mobiliza,120363425016992076@g.us,3EB0383D9162CB8F2C62BB,"*🚨NOVA MISSÃO🚨*

*O assunto é o mesmo, não podemos deixar eles criarem falsas narrativas.*

1️⃣ Vocês já estão ligados nos comentários!

*2️⃣ Bota pra moer:* https://engaja.pro/missaope04-08-04",mensagem simples,2026-04-08 13:06:29.946+00,Mobiliza PE,111055674052635@lid,Mobiliza PE,2026-04-18 01:39:35.907327+00
197,Pernambuco,Mobiliza,Mobiliza,120363425016992076@g.us,3EB03842F22BE77ADCDC89,"*E pega aí uma sugestão de comentário pra adaptar do seu jeitinho!*

Vem, João, fazer essa transformação em todo o nosso estado 💛

magina esse trabalho chegando no interior, Pernambuco merece crescer também 💛

Recife divide o João com a gente, o estado precisa dessa gestão 💛💛💛

Bora pro Governo, João, Pernambuco não pode mais esperar 💛💛

O modelo do Recife precisa ser o modelo de todo Pernambuco 💛💛💛

Trabalho que orgulha, agora queremos essa energia no estado todo 💛",mensagem simples,2026-03-12 14:26:36.119+00,Mobiliza PE,111055674052635@lid,Mobiliza PE,2026-04-18 01:39:35.907327+00
198,Pernambuco,Mobiliza,Mobiliza,120363425016992076@g.us,3EB0384A373B2EB3721AB3,"Pernambuco merecia tanto mais do que isso, que vergonha esse governo raquel 😔😔",mensagem simples,2026-04-10 18:51:54.329+00,Mobiliza PE,111055674052635@lid,Mobiliza PE,2026-04-18 01:39:35.907327+00
199,Pernambuco,Mobiliza,Mobiliza,120363425016992076@g.us,3EB038ECE82B2263B1D0B0,Não vejo a hora de chegar na urna e escolher João 💛💛,mensagem simples,2026-03-18 15:37:58.026+00,Mobiliza PE,111055674052635@lid,Mobiliza PE,2026-04-18 01:39:35.907327+00
200,Pernambuco,Mobiliza,Mobiliza,120363425016992076@g.us,3EB03930007D66D8284FC2,*Ó os comentários pra inspiração aí:*,mensagem simples,2026-03-30 18:26:44.956+00,Mobiliza PE,111055674052635@lid,Mobiliza PE,2026-04-18 01:39:35.907327+00
201,Pernambuco,Mobiliza,Mobiliza,120363425016992076@g.us,3EB039CE1A845BD03469C8,Trabalho dobrado quando tá difícil? É exatamente o que Pernambuco precisa 💛🚀,mensagem simples,2026-04-14 18:14:35.412+00,Mobiliza PE,111055674052635@lid,Mobiliza PE,2026-04-18 01:39:35.907327+00
202,Pernambuco,Mobiliza PE,Mobiliza PE,120363405595256912@g.us,3EB039DAEA30A54B0E86BB,A PF investigando já diz muito sobre o nível dessa gestão de raquel 😤,mensagem simples,2026-04-10 18:52:24.733+00,Mobiliza PE,111055674052635@lid,Mobiliza PE,2026-04-18 01:39:35.907327+00
203,Pernambuco,Mobiliza PE,Mobiliza PE,120363405595256912@g.us,3EB039F00DC1543B940C89,"Cidade que recebe João na campanha recebe junto a esperança de que o estado pode funcionar de verdade, é isso que a gente tá esperando 💛",mensagem simples,2026-04-06 09:34:06.895+00,Mobiliza PE,111055674052635@lid,Mobiliza PE,2026-04-18 01:39:35.907327+00
204,Pernambuco,Mobiliza PE,Mobiliza PE,120363405595256912@g.us,3EB03A0D244DF492307045,"Simbora que a semana começou com a força do Sertão!

*João Campos já amanheceu no Araripe,* refazendo os passos de Arraes e Eduardo pra buscar a bênção do Padre Cícero. *É Pernambuco unido, do litoral ao sertão, com o coração cheio de esperança e muito trabalho pela frente.* 

*A vontade de fazer mais pelo nosso estado só aumenta.* É pé na estrada e fé no futuro! 🟡✨

*1️⃣MISSÃO: vamos lá dar o nosso apoio, galera massa!*

*2️⃣Link:* https://engaja.pro/missaope01-06-04",mensagem simples,2026-04-06 09:30:42.068+00,Mobiliza PE,111055674052635@lid,Mobiliza PE,2026-04-18 01:39:35.907327+00
205,Pernambuco,Mobiliza,Mobiliza,120363425016992076@g.us,3EB03A27DC69C875C6DFA0,Ideias de comentários pra vocês editarem e deixarem do jeitinho de vocês:,mensagem simples,2026-03-18 10:29:12.461+00,Mobiliza PE,111055674052635@lid,Mobiliza PE,2026-04-18 01:39:35.907327+00
206,Pernambuco,Mobiliza PE,Mobiliza PE,120363405595256912@g.us,3EB03A80D3C294289D061B,"Já pega os comentários pra se inspirar.
*Edita do teu jeito!*",mensagem simples,2026-03-18 15:32:58.368+00,Mobiliza PE,111055674052635@lid,Mobiliza PE,2026-04-18 01:39:35.907327+00
207,Pernambuco,Mobiliza PE,Mobiliza PE,120363405595256912@g.us,3EB03A8133EBEE3B7406BA,Não precisa nem pensar duas vezes. Meu voto tá garantido faz tempo 🚀💛,mensagem simples,2026-04-14 18:13:12.813+00,Mobiliza PE,111055674052635@lid,Mobiliza PE,2026-04-18 01:39:35.907327+00
208,Pernambuco,Mobiliza,Mobiliza,120363425016992076@g.us,3EB03A991AFB451CB459B5,Cadê a CPI da Caruaruense? Cadê a CPI bilionária do primo de Raquel? Cadê a CPI da Espionagem ilegal?,mensagem simples,2026-03-03 11:21:56.219+00,Mobiliza PE,111055674052635@lid,Mobiliza PE,2026-04-18 01:39:35.907327+00
209,Pernambuco,Mobiliza PE,Mobiliza PE,120363405595256912@g.us,3EB03AAE9CF2FD4D20A5C1,"E aí, meu povo! Mais uma semana começando com muito ânimo aqui no Mobiliza PE! ☀️",mensagem simples,2026-03-09 12:48:16.114+00,Mobiliza PE,111055674052635@lid,Mobiliza PE,2026-04-18 01:39:35.907327+00
210,Pernambuco,Mobiliza PE,Mobiliza PE,120363405595256912@g.us,3EB03AAF271321691D62EB,Tá chegando a hora… Pernambuco já sente que meu governador tá chegando! 💛🚀,mensagem simples,2026-04-09 17:45:56.292+00,Mobiliza PE,111055674052635@lid,Mobiliza PE,2026-04-18 01:39:35.907327+00
211,Pernambuco,Mobiliza,Mobiliza,120363425016992076@g.us,3EB03B4DA6B5C904136D6F,"Mais uma vez pernambuco aparecendo em manchete nacional passando vergonha, mas em outubro isso vai mudar... 💛",mensagem simples,2026-03-25 15:55:56.342+00,Mobiliza PE,111055674052635@lid,Mobiliza PE,2026-04-18 01:39:35.907327+00
212,Pernambuco,Mobiliza PE,Mobiliza PE,120363405595256912@g.us,3EB03BFCA3748A553B140B,O time que vai transformar Pernambuco. 💛💛,mensagem simples,2026-03-28 16:17:05.624+00,Mobiliza PE,111055674052635@lid,Mobiliza PE,2026-04-18 01:39:35.907327+00
213,Pernambuco,Mobiliza PE,Mobiliza PE,120363405595256912@g.us,3EB03C7CDC1436C8C259BC,"E aí, turma! Boa terça! 👋☀️

Tô vendo que o grupo tá crescendo mais que fila de banco em dia de pagamento, hein? Que massa! 
Sejam bem-vindos quem chegou agora.

Já vou logo avisando pra ninguém dizer que eu não disse: amanhã, 19h30, tem o nosso Encontro Mobiliza PE on-line. É o momento da gente alinhar os ponteiros, entender a estratégia e sair tinindo pra não dar palanque a conversa fiada da oposição. 

É a chance da gente se conhecer, será rápido, garanto que ninguém morre de tédio e a gente sai muito mais afiado!",mensagem simples,2026-03-10 10:16:23.37+00,Mobiliza PE,111055674052635@lid,Mobiliza PE,2026-04-18 01:39:35.907327+00
214,Pernambuco,Mobiliza,Mobiliza,120363425016992076@g.us,3EB03CB7DE46F425B83F54,"Os doente lá dentro já tão mal e ainda tem que se preocupar com chuva dentro do quarto? E a Raquel falando que reformou o HR… reformou onde, meu Deus? kkkkk",mensagem simples,2026-04-07 16:30:50.212+00,Mobiliza PE,111055674052635@lid,Mobiliza PE,2026-04-18 01:39:35.907327+00
215,Pernambuco,Mobiliza PE,Mobiliza PE,120363405595256912@g.us,3EB03CE452C0D3CD1EAA52,"Ei, psiu! 👀 Eu sei que tu tá aí dando aquela espiada no Instagram, vendo o movimento do sábado... Então aproveita que já tá com o celular na mão pra cumprir essa *missão dupla que é mais rápida que um passo de frevo!*",mensagem simples,2026-03-28 17:50:36.571+00,Mobiliza PE,111055674052635@lid,Mobiliza PE,2026-04-18 01:39:35.907327+00
216,Pernambuco,Mobiliza PE,Mobiliza PE,120363405595256912@g.us,3EB03D03F4D3F57BC4EA0C,"Coerência é isso: fala que vai fazer, assume o mandato e faz. João não decepciona, nunca 💛🚀",mensagem simples,2026-04-01 18:50:29.869+00,Mobiliza PE,111055674052635@lid,Mobiliza PE,2026-04-18 01:39:35.907327+00
217,Pernambuco,Mobiliza,Mobiliza,120363425016992076@g.us,3EB03D0FB69BD395C1FE76,"Eduardo deve estar feliz da vida lá em cima, vendo essa felicidade toda 💛🕊️",mensagem simples,2026-02-21 17:15:49.778+00,Mobiliza PE,111055674052635@lid,Mobiliza PE,2026-04-18 01:39:35.907327+00
218,Pernambuco,Mobiliza PE,Mobiliza PE,120363405595256912@g.us,3EB03D264DDB0CADF50759,"*Gente, viram essa história* das imagens das deputadas no álbum de suspeitos aqui do Estado?

*🚨MISSÃO DUPLA:*
🔗Missão 1: https://engaja.pro/missao-pe1-25-03
🔗Missão 2: https://engaja.pro/missao-pe2-25-03

*João já se posicionou:* é inaceitável e tem que ter responsabilidade. *Não dá para tratar o absurdo como normal.*

*Bora lá no post mostrar que a gente preza pelo respeito e pela verdade?* Um comentário lá faz toda a diferença para não deixarem eles saírem impunes. Quem vem?",mensagem simples,2026-03-25 15:53:17.462+00,Mobiliza PE,111055674052635@lid,Mobiliza PE,2026-04-18 01:39:35.907327+00
219,Pernambuco,Mobiliza,Mobiliza,120363425016992076@g.us,3EB03E37BD8C529412B1D9,Era uma questão administrativa entre dois PCDs. O cara já está nomeado e tudo. Deixa o homem trabalhar. 💛💛💛💛💛,mensagem simples,2026-03-02 17:25:55.528+00,Mobiliza PE,111055674052635@lid,Mobiliza PE,2026-04-18 01:39:35.907327+00
220,Pernambuco,Mobiliza,Mobiliza,120363425016992076@g.us,3EB03E9B47689BB10C4611,"Vem colocar Pernambuco no rumo certo, meu prefeito 💛",mensagem simples,2026-03-19 12:45:49.083+00,Mobiliza PE,111055674052635@lid,Mobiliza PE,2026-04-18 01:39:35.907327+00
221,Pernambuco,Mobiliza,Mobiliza,120363425016992076@g.us,3EB03EC19B9D53DFF69206,"Bom dia, meu povoo!  Hoje o dia já começa com notícia que enche a gente de orgulho: *Recife é a cidade que mais gerou vagas de creche em todo o Brasil!* Enquanto uns vivem de tapume, o homem entrega é serviço de verdade.",mensagem simples,2026-03-03 08:37:52.216+00,Mobiliza PE,111055674052635@lid,Mobiliza PE,2026-04-18 01:39:35.907327+00
222,Pernambuco,Mobiliza PE,Mobiliza PE,120363405595256912@g.us,3EB03F435BBF7802875070,"Se gastasse esses 281 mil com saúde, talvez não precisasse de pesquisa falsa pra criar boa avaliação",mensagem simples,2026-04-08 06:37:53.118+00,Mobiliza PE,111055674052635@lid,Mobiliza PE,2026-04-18 01:39:35.907327+00
223,Pernambuco,Lideranças - Mobiliza PE,Lideranças - Mobiliza PE,120363404880079867@g.us,3EB03F6EB068123E33B266,"Bom dia, turma! ☀️ 
Finalmente chegou nossa quarta-feira e eu já acordei sentindo que hoje vai ser incrível!  *É o nosso dia sagrado de alinhar os ponteiros e mostrar a força desse grupo.* 
Lembrando que às 19h temos nosso papo de lideranças pra gente fechar a estratégia, e às 19:30 o encontro geral  Mobiliza PE. 
E ó, vou soltar o desafio aqui pra vocês:  *Hoje a missão é cada um traz +2.* Se essa liderança aqui abraçar a ideia e trouxer essa galera nova pra sentir o clima, a gente vai ter um encontro como nunca teve antes! 🚀",mensagem simples,2026-03-11 10:36:26.219+00,Mobiliza PE,111055674052635@lid,Mobiliza PE,2026-04-18 01:39:35.907327+00
224,Pernambuco,Mobiliza,Mobiliza,120363425016992076@g.us,3EB03FDC621F1AA771CD51,João encerra o mandato na prefeitura do mesmo jeito que começou: trabalhando e entregando. Que exemplo 💛💛,mensagem simples,2026-04-02 16:28:40.563+00,Mobiliza PE,111055674052635@lid,Mobiliza PE,2026-04-18 01:39:35.907327+00
225,Pernambuco,Mobiliza,Mobiliza,120363425016992076@g.us,3EB03FE9063B658A192A7C,"Minha turma, se isso não é razão pra a gente ir encher as redes de coração amarelo, eu não sei o que é.💛

*Vamo levar pra cada canto do nosso estado a promessa de João Campos governador!*

*Clica aí no link, curte, comenta, compartilha, vibra e faz festa! Que você está fazendo parte de um momento histórico!*

https://engaja.pro/missaope06-30-03",mensagem simples,2026-03-30 22:46:15.153+00,Mobiliza PE,111055674052635@lid,Mobiliza PE,2026-04-18 01:39:35.907327+00
226,Pernambuco,Mobiliza PE,Mobiliza PE,120363405595256912@g.us,3EB0408A5F92FC5E001C0A,Pernambuco acaba de se encher de esperança 💛💛,mensagem simples,2026-03-28 16:17:01.224+00,Mobiliza PE,111055674052635@lid,Mobiliza PE,2026-04-18 01:39:35.907327+00
227,Pernambuco,Mobiliza PE,Mobiliza PE,120363405595256912@g.us,3EB040959A337AA18F6736,"Galera, passando pra dizer que vários de vocês compartilharam. O *nosso time é massa demais!* Vê só, a gente sabe que a correria do dia é grande, mas *a nossa missão de hoje é o que blinda o trabalho que tá sendo feito.*

Bora dar esse gás a mais? Quem ainda não conseguiu, *posta agora, chega junto* e vamos mostrar o tamanho da nossa força! 💛🚀",mensagem simples,2026-03-23 09:46:04.315+00,Mobiliza PE,111055674052635@lid,Mobiliza PE,2026-04-18 01:39:35.907327+00
228,Pernambuco,Mobiliza,Mobiliza,120363425016992076@g.us,3EB04181031D0FD729E926,"João, vem logo trabalhar por pernambuco, que o negócio tá complicado...",mensagem simples,2026-03-18 10:29:20.314+00,Mobiliza PE,111055674052635@lid,Mobiliza PE,2026-04-18 01:39:35.907327+00
229,Pernambuco,Mobiliza PE,Mobiliza PE,120363405595256912@g.us,3EB041B66BBA7186D9C59C,"O palanque de João Campos hoje no Centro de Convenções foi de arrepiar, minha gente! Mostrou que o homem não tá só: *tá com o povo e com as maiores lideranças do nosso estado.* É o time do trabalho vindo com tudo!

1️⃣ *AS MISSÕES (Vapt-Vupt!):*

👉 https://engaja.pro/missaope6-28-03
👉 https://engaja.pro/missaope7-28-03

2️⃣ *BORA MOER NOS COMENTÁRIOS!*
Vocês já estão ligados no esquema: nada de robô! *Comenta do teu jeito,* com aquele sentimento de que Pernambuco tá no caminho certo.",mensagem simples,2026-03-28 17:50:38.174+00,Mobiliza PE,111055674052635@lid,Mobiliza PE,2026-04-18 01:39:35.907327+00
230,Pernambuco,Mobiliza PE,Mobiliza PE,120363405595256912@g.us,3EB041C399FD2C4B95D407,Time tá formado pra transformar Pernambuco de verdade. Bora com João! 💛,mensagem simples,2026-03-27 16:23:39.331+00,Mobiliza PE,111055674052635@lid,Mobiliza PE,2026-04-18 01:39:35.907327+00
231,Pernambuco,Mobiliza,Mobiliza,120363425016992076@g.us,3EB041C4B859EC0500FA34,"*João prometeu e entregou* com pé no chão e muita seriedade. *É a nossa guarda mais moderna, equipada e pronta pra cuidar da gente.* Bora espalhar que o trabalho aqui não para e *Pernambuco merece esse padrão!* 💛🚀

*🚨MISSÃO TRIPLA🚨*

1️⃣ *Guarda Municipal*
https://engaja.pro/missaope03-30-03
https://engaja.pro/missaope04-30-03

2️⃣ *João Governador*
https://engaja.pro/missaope05-30-03
Segue aquele modelo de comentários que mandamos mais cedo, simbora bença 🚀",mensagem simples,2026-03-30 18:26:17.881+00,Mobiliza PE,111055674052635@lid,Mobiliza PE,2026-04-18 01:39:35.907327+00
232,Pernambuco,Mobiliza PE,Mobiliza PE,120363405595256912@g.us,3EB041EFE8D1E24E813479,"*João entregou tudo no Recife e agora Pernambuco todo vai conhecer o ritmo do homem.* Ele sai da prefeitura com a cabeça erguida e o trabalho carimbado em cada canto da cidade. 

*É daqui pra frente,* com a energia de quem sabe fazer e a coragem de quem não para. *Simbora que o futuro de Pernambuco ta aqui! 💛🚀*

*1️⃣ MISSÃO:* Encher de comentário positivo 😁
2️⃣ Liink: https://engaja.pro/mobilizape01-31-03",mensagem simples,2026-03-31 08:19:40.788+00,Mobiliza PE,111055674052635@lid,Mobiliza PE,2026-04-18 01:39:35.907327+00
233,Pernambuco,Mobiliza,Mobiliza,120363425016992076@g.us,3EB0425AEAD92AC1C484E5,Time fechado aqui do Sertão até o litoral. Quem conhece a realidade dessas estradas sabe que não dá pra continuar nesse caminho. A mudança tem data marcada e o nome tá na cabeça de todo mundo. 💛💛🚀,mensagem simples,2026-04-06 16:53:58.693+00,Mobiliza PE,111055674052635@lid,Mobiliza PE,2026-04-18 01:39:35.907327+00
234,Pernambuco,Mobiliza,Mobiliza,120363425016992076@g.us,3EB0426FCD2A4F088B14D5,"Quero saber da CPI dos ônibus da família de Raquel. Alô, deputados. Começa quando?",mensagem simples,2026-03-02 17:26:10.479+00,Mobiliza PE,111055674052635@lid,Mobiliza PE,2026-04-18 01:39:35.907327+00
235,Pernambuco,Lideranças - Mobiliza PE,Lideranças - Mobiliza PE,120363404880079867@g.us,3EB0428799298FC8BCFB2D,"Fala, meuu povoo! 

Se liga na dica de ouro pra bater o *desafio dos +2 no encontro de 19h30 (Reunião Geral)* sem sofrer: lembra daquele relatório que chegou no seu privado semana passada?

A gente deu um *upgrade* nele! Agora o botão de mensagem já vai te levar direto pra um *convite ao seu liderado pra o nosso encontro de hoje*. É só clicar e enviar, sem burocracia.

Pra garantir dois confirmados pras 19h30, o segredo é o volume: *manda o alô pra pelo menos uns 20 da tua lista*. Com esse atalho novo, tu faz esse corre em dois palitos enquanto toma o café. 😎

Dá um pulo lá no teu privado agora e sente a facilidade. Vamos fazer esse encontro de hoje ser gigante! 💛",mensagem simples,2026-03-11 12:31:44.018+00,Mobiliza PE,111055674052635@lid,Mobiliza PE,2026-04-18 01:39:35.907327+00
236,Pernambuco,Mobiliza,Mobiliza,120363425016992076@g.us,3EB0430C9A5D03D661459E,"Boa tarde, pessoal! MAIS UMA MISSÃO DUPLA QUENTINHA 🚀

*Nossa chapa tá fechada* e o coração tá como? Amarelou geral! 💛

Enquanto o lado de lá espalha falsidade e fake news pra chamar atenção, *a gente mostra o que realmente importa: tem grupo, tem projeto e tem o povo junto.*

Passa lá no link e deixa sua mensagem de apoio. Vamos mostrar que Pernambuco já escolheu o caminho do trabalho:

🔗 Missão 1: https://engaja.pro/missaope3-18-03
🔗 Missão 2: https://engaja.pro/missaope4-18-03",mensagem simples,2026-03-18 15:34:35.914+00,Mobiliza PE,111055674052635@lid,Mobiliza PE,2026-04-18 01:39:35.907327+00
237,Pernambuco,Mobiliza PE,Mobiliza PE,120363405595256912@g.us,3EB04313AF7BCC042E3271,"Quando um gestor faz bem feito, o povo de fora nota e quer também kkkkk 💛🚀",mensagem simples,2026-04-06 09:33:15.902+00,Mobiliza PE,111055674052635@lid,Mobiliza PE,2026-04-18 01:39:35.907327+00
238,Pernambuco,Mobiliza PE,Mobiliza PE,120363405595256912@g.us,3EB04321545524FC1C2005,Do Recife pra todo Pernambuco… tá chegando a hora! 💛💛,mensagem simples,2026-03-31 08:22:00.691+00,Mobiliza PE,111055674052635@lid,Mobiliza PE,2026-04-18 01:39:35.907327+00
239,Pernambuco,Mobiliza PE,Mobiliza PE,120363405595256912@g.us,3EB043C1CE8A4C234A58FA,*A boa da sugestão pra tu não passar batido:*,mensagem simples,2026-04-14 18:13:09.328+00,Mobiliza PE,111055674052635@lid,Mobiliza PE,2026-04-18 01:39:35.907327+00
240,Pernambuco,Mobiliza,Mobiliza,120363425016992076@g.us,3EB044C3DFE196D8FB3172,"*O aniversário de 489 anos do Recife chegou com entrega de verdade:* R$ 218 milhões pra tirar a nova ponte do papel e ligar a Zona Norte à Oeste. 🏗️🚀

*É assim que se celebra: trabalhando.* Enquanto tem gente que só faz post bonitinho, aqui o presente é obra que melhora a vida do povo.

Bora lá no post mostrar que Pernambuco tá vendo a diferença! 
Usa os comentários pra dizer que esse modelo de trabalho precisa espalhar pelo estado todo! 💛🚀

https://engaja.pro/missaope01-12-03",mensagem simples,2026-03-12 14:26:20.383+00,Mobiliza PE,111055674052635@lid,Mobiliza PE,2026-04-18 01:39:35.907327+00
241,Pernambuco,Lideranças - Mobiliza PE,Lideranças - Mobiliza PE,120363404880079867@g.us,3EB044DF4903602FEC5DCD,"Fala meu time! 
Em 13 minutinhos vamos começar nosso encontro estratégico!
Ainda dá tempo de mandar umas ultimas mensagens e garantir que vai ter gente da sua base lá com a gente no encontro de 19:30.

Quero ver a casa cheia hoje!
Ó o link pra não ter erro: https://meet.google.com/npz-izio-miu",mensagem simples,2026-03-25 18:47:52.348+00,Mobiliza PE,111055674052635@lid,Mobiliza PE,2026-04-18 01:39:35.907327+00
242,Pernambuco,Mobiliza,Mobiliza,120363425016992076@g.us,3EB045033C4877ECF3B635,"*🚨 MISSÃO NA ÁREA*

É cada uma, viu? Tinha gente jurando que o HR tava padrão Europa *depois de tanta propaganda de reforma, mas bastou um toró pra calha entregar o jogo.* É muita conversa pra pouco reboco! *Enquanto uns vivem de post bonitinho dizendo que tá tudo em ordem, a realidade aparece na primeira chuva.* A sorte é que o time do trabalho é ligeiro e resolve a bronca que os outros tentam esconder com filtro de Instagram. *Tá em ordem ou tá em água, hein?*

*1️⃣ Galera, vamos compartilhar muito pra todo mundo ver a realidade de quem só promete*

*2️⃣ Link:* https://engaja.pro/missaope01-07-04",mensagem simples,2026-04-07 16:30:42.673+00,Mobiliza PE,111055674052635@lid,Mobiliza PE,2026-04-18 01:39:35.907327+00
243,Pernambuco,Mobiliza,Mobiliza,120363425016992076@g.us,3EB0452987C54E6100D965,"Ei, boy, quem passa pela PE-585 sabe o sufoco. É um pula-pula que não acaba mais, acabando com o carro da gente e botando a segurança em risco. 
A gente que é daqui sabe que essa estrada é fundamental pra ir pra Ouricuri, Ipubi e toda a região. 

*Merecemos rodar num tapete, visse? O povo do Sertão trabalha dobrado e não pode ficar nesse prejuízo.* Vamos dar aquele grau na cobrança porque nosso dia a dia precisa de fluidez e estrada de verdade!

*1️⃣ Bora chegar junto do nosso futuro governador:* https://engaja.pro/missaope02-06-04",mensagem simples,2026-04-06 16:53:51.72+00,Mobiliza PE,111055674052635@lid,Mobiliza PE,2026-04-18 01:39:35.907327+00
244,Pernambuco,Mobiliza,Mobiliza,120363425016992076@g.us,3EB045E0D9A1EA1C4AA591,"É esperar outubro pra Pernambuco voltar a ter manchete positiva de novo, porque o negócio tá feio com Raquel",mensagem simples,2026-03-25 15:56:22.18+00,Mobiliza PE,111055674052635@lid,Mobiliza PE,2026-04-18 01:39:35.907327+00
245,Pernambuco,Mobiliza,Mobiliza,120363425016992076@g.us,3EB046084F626F0FE864E1,"Que mais iniciativas como essa ganhem força. Toda mulher merece viver com respeito, segurança e dignidade.",mensagem simples,2026-03-08 10:50:51.373+00,Mobiliza PE,111055674052635@lid,Mobiliza PE,2026-04-18 01:39:35.907327+00
246,Pernambuco,Mobiliza,Mobiliza,120363425016992076@g.us,3EB046276C07A5E4E7E2C1,"Já pega os comentários pra se inspirar.
*Edita do teu jeito!*",mensagem simples,2026-03-18 15:35:55.917+00,Mobiliza PE,111055674052635@lid,Mobiliza PE,2026-04-18 01:39:35.907327+00
247,Pernambuco,Mobiliza,Mobiliza,120363425016992076@g.us,3EB046E67C22F210FF8102,Formação profissional e escola nas áreas vulneráveis também é segurança. Visão de verdade do meu prefeito 💛💛,mensagem simples,2026-04-14 08:20:56.885+00,Mobiliza PE,111055674052635@lid,Mobiliza PE,2026-04-18 01:39:35.907327+00
248,Pernambuco,Mobiliza,Mobiliza,120363425016992076@g.us,3EB0471281EEA2D5DAD900,Do Recife pra todo Pernambuco… tá chegando a hora! 💛💛,mensagem simples,2026-04-09 17:45:41.01+00,Mobiliza PE,111055674052635@lid,Mobiliza PE,2026-04-18 01:39:35.907327+00
249,Pernambuco,Lideranças - Mobiliza PE,Lideranças - Mobiliza PE,120363404880079867@g.us,3EB047B66EA2A924064E6C,"Atenção, minha tropa organizada. *Falta 10 minutos* .
Dá tempo de ajeitar o cabelo, botar uma água do lado e fingir que não tá cansado. haha. 🥲

Hoje é 19h, certo. Nada de chegar 18h45 pra puxar assunto com a parede.

Bora organizar esse movimento do jeito que a gente sabe fazer.

Link tá na mão: https://meet.google.com/npz-izio-miu",mensagem simples,2026-02-25 18:51:44.605+00,Mobiliza PE,111055674052635@lid,Mobiliza PE,2026-04-18 01:39:35.907327+00
250,Pernambuco,Mobiliza,Mobiliza,120363425016992076@g.us,3EB047BC9ED48EEBB35D8F,"🚨 *BORA MOER, QUE O CAFÉ TÁ NO FOGO E TEM NOVA MISSÃO TÁ NA MESA!* 🚨 

*Pernambuco tá dizendo o que quer!!!* Simbora que o futuro tá logo ali e o povo já escolheu o caminho do avanço! #PEpraFrente 💛🚀


🔗Link: https://engaja.pro/missaope06-16-04",mensagem simples,2026-04-16 18:30:25.323+00,Mobiliza PE,111055674052635@lid,Mobiliza PE,2026-04-18 01:39:35.907327+00
251,Pernambuco,Mobiliza,Mobiliza,120363425016992076@g.us,3EB0481BDC6EF62E3D5224,"E pra facilitar, pega um comentário pra se inspirar:",mensagem simples,2026-03-31 08:20:14.105+00,Mobiliza PE,111055674052635@lid,Mobiliza PE,2026-04-18 01:39:35.907327+00
252,Pernambuco,Mobiliza PE,Mobiliza PE,120363405595256912@g.us,3EB04830C6F5D21DEE3DC9,"*Contagem regressiva, time! Em 30 minutos* a gente se reúne pra fortalecer nossa mobilização. 🚀

Já se prepara e vai segurando o link: https://meet.google.com/tif-zugp-sqg 

Bora chegar junto pra organizar o time, porque enquanto a gente planeja o trabalho, tem gente que só planeja a reclamação. Quem já tá a postos reage aqui nessa mensagem.",mensagem simples,2026-03-18 19:00:54.188+00,Mobiliza PE,111055674052635@lid,Mobiliza PE,2026-04-18 01:39:35.907327+00
253,Pernambuco,Mobiliza PE,Mobiliza PE,120363405595256912@g.us,3EB0486D953D42DC64C877,Ideias de comentários pra vocês editarem e deixarem do jeitinho de vocês:,mensagem simples,2026-03-18 10:27:52.349+00,Mobiliza PE,111055674052635@lid,Mobiliza PE,2026-04-18 01:39:35.907327+00
254,Pernambuco,Mobiliza,Mobiliza,120363425016992076@g.us,3EB049040A999DDC02D800,*Pega os comentários pra tu se inspirar!*,mensagem simples,2026-04-07 16:30:43.982+00,Mobiliza PE,111055674052635@lid,Mobiliza PE,2026-04-18 01:39:35.907327+00
255,Pernambuco,Mobiliza,Mobiliza,120363425016992076@g.us,3EB0494BD3BFE8ED3D2E27,"Galera, passando pra dizer que vários de vocês compartilharam. O *nosso time é massa demais!* Vê só, a gente sabe que a correria do dia é grande, mas *a nossa missão de hoje é o que blinda o trabalho que tá sendo feito.*

Bora dar esse gás a mais? Quem ainda não conseguiu, *posta agora, chega junto* e vamos mostrar o tamanho da nossa força! 💛🚀",mensagem simples,2026-03-23 09:44:08.612+00,Mobiliza PE,111055674052635@lid,Mobiliza PE,2026-04-18 01:39:35.907327+00
256,Pernambuco,Mobiliza,Mobiliza,120363425016992076@g.us,3EB0494E983AF18096ABAA,"Esse governo de raquel tem que acabar urgente, chega logo eleições!",mensagem simples,2026-04-10 18:51:57.572+00,Mobiliza PE,111055674052635@lid,Mobiliza PE,2026-04-18 01:39:35.907327+00
257,Pernambuco,Mobiliza PE,Mobiliza PE,120363405595256912@g.us,3EB049B3906CC97922DB61,Formação profissional e escola nas áreas vulneráveis também é segurança. Visão de verdade do meu prefeito 💛💛,mensagem simples,2026-04-14 08:18:18.148+00,Mobiliza PE,111055674052635@lid,Mobiliza PE,2026-04-18 01:39:35.907327+00
258,Pernambuco,Mobiliza,Mobiliza,120363425016992076@g.us,3EB049ED977D489692C1BC,"João, bora organizar esse estado que tá largado 💛💛",mensagem simples,2026-03-18 10:29:25.984+00,Mobiliza PE,111055674052635@lid,Mobiliza PE,2026-04-18 01:39:35.907327+00
259,Pernambuco,Mobiliza,Mobiliza,120363425016992076@g.us,3EB049EF58C5952EE4866A,*Sugestões de comentários:*,mensagem simples,2026-03-08 10:50:22.425+00,Mobiliza PE,111055674052635@lid,Mobiliza PE,2026-04-18 01:39:35.907327+00
260,Pernambuco,Mobiliza PE,Mobiliza PE,120363405595256912@g.us,3EB04A4516EBC2BD6ADA52,"Esse governo de raquel tem que acabar urgente, chega logo eleições!",mensagem simples,2026-04-10 18:52:33.56+00,Mobiliza PE,111055674052635@lid,Mobiliza PE,2026-04-18 01:39:35.907327+00
261,Pernambuco,Mobiliza PE,Mobiliza PE,120363405595256912@g.us,3EB04B08083471EB633A69,"Esse é o segundo casamento de João, no primeiro ele casou com o Recife kkkkkkkk E o terceiro vai ser esse ano ainda, com Pernambuco! 💛",mensagem simples,2026-02-21 17:14:23.849+00,Mobiliza PE,111055674052635@lid,Mobiliza PE,2026-04-18 01:39:35.907327+00
262,Pernambuco,Mobiliza,Mobiliza,120363425016992076@g.us,3EB04B2F499EDDA68E57C7,"A máquina do estado deveria servir ao povo, não perseguir oposição!",mensagem simples,2026-04-10 18:51:44.404+00,Mobiliza PE,111055674052635@lid,Mobiliza PE,2026-04-18 01:39:35.907327+00
263,Pernambuco,Mobiliza PE,Mobiliza PE,120363405595256912@g.us,3EB04C04DD11A0E44F992F,"🏆Agean Tenório de Carvalho
🏆Gabriel Morais
🏆João Accioly
•⁠ Antônio Rufino da Costa Rodrigues
•⁠  Débora Lima
•⁠  Alessandro Escobar
•⁠  Evilásio Araújo
•⁠  Hiran Gomes
•⁠  Danilo Augusto Oliveira Pereira Nunes
•⁠  Jacy Rino
•⁠  Luís Henrique Almeida de Oliveira
•⁠  Bruno
•⁠  Celio Andrade de Araujo
•⁠  Plínio
*Parabéns pela entrega, time! Vocês foram incríveis na mobilização.*
O nosso movimento só gira com essa força e verdade que vocês colocam em cada convite. 
*É daqui pra melhor. Cuida!* 💛🚀",mensagem simples,2026-04-09 18:20:21.033+00,Mobiliza PE,111055674052635@lid,Mobiliza PE,2026-04-18 01:39:35.907327+00
264,Pernambuco,Mobiliza,Mobiliza,120363425016992076@g.us,3EB04C2AF71AB3A2CB8B59,"🚨*MISSÃO NOVA NA ÁREA*🚨

*É a Polícia Federal no encalço do Gabinete do Ódio de Raquel Lyra!*

*Link:* https://engaja.pro/missaope01-10-04

*Pernambuco sempre foi terra de liberdade e de gente que trabalha de cabeça erguida.* 
A gente sabe o valor da nossa democracia e do *respeito com a coisa pública.* 

*Vamos ocupar nosso espaço comentando muito e COMPARTILHAR esse vídeo pra mostrar que a gente tá de olho* e que o nosso estado merece o melhor sempre. 

É rapidinho, o *tempo de um cafezinho pra fortalecer nossa voz!* 💛🚀",mensagem simples,2026-04-10 18:51:36.566+00,Mobiliza PE,111055674052635@lid,Mobiliza PE,2026-04-18 01:39:35.907327+00
265,Pernambuco,Mobiliza,Mobiliza,120363425016992076@g.us,3EB04C5FF73E7F2A44292C,O filho do juiz nunca recebeu 1 real da Prefeitura. Nunca tomou posse. Qual a razão de uma CPI?,mensagem simples,2026-03-03 11:21:41.403+00,Mobiliza PE,111055674052635@lid,Mobiliza PE,2026-04-18 01:39:35.907327+00
266,Pernambuco,Mobiliza PE,Mobiliza PE,120363405595256912@g.us,3EB04CCFE051951B9A251E,O trabalho não para e agora o estado todo quer esse resultado 💛💛,mensagem simples,2026-03-27 13:05:40.69+00,Mobiliza PE,111055674052635@lid,Mobiliza PE,2026-04-18 01:39:35.907327+00
267,Pernambuco,Mobiliza PE,Mobiliza PE,120363405595256912@g.us,3EB04CD806EF631A4BA691,"Mais uma vez pernambuco aparecendo em manchete nacional passando vergonha, mas em outubro isso vai mudar... 💛",mensagem simples,2026-03-25 15:53:49.171+00,Mobiliza PE,111055674052635@lid,Mobiliza PE,2026-04-18 01:39:35.907327+00
268,Pernambuco,Mobiliza PE,Mobiliza PE,120363405595256912@g.us,3EB04D191CD647F52B7215,"Time fechado! João falou, tá falado. Aqui não tem dois lados não, tem uma direção só! 💛",mensagem simples,2026-03-30 16:29:28.342+00,Mobiliza PE,111055674052635@lid,Mobiliza PE,2026-04-18 01:39:35.907327+00
269,Pernambuco,Lideranças - Mobiliza PE,Lideranças - Mobiliza PE,120363404880079867@g.us,3EB04D346BE67B7E4F9AC6,"Bom dia, lideranças! 💛

⚠️ Passando para relembrar ⚠️: precisamos de um perfil de apoio ao João Campos no instagram em cada cidade do estado. 🚀

*O que fazer:*

1. Pesquise se já existe um perfil na sua cidade. Se sim, me manda o link.

2. Se não, crie um: *@tocomjoao + nome da cidade* _(ex: @tocomjoaocaruaru)_. No conteúdo, basta replicar o que João e a gente já posta.

3. *Me manda o link!*

Não tem prática com o digital? Chama alguém de confiança pra ajudar. Você mobiliza, o escolhido cuida da parte técnica.

*⚠️ Prazo: quarta-feira (15).* Cada perfil que chega é mais uma cidade na rede. Juntos, cobrimos Pernambuco inteiro. 💛",mensagem simples,2026-04-13 07:03:29.464+00,Mobiliza PE,111055674052635@lid,Mobiliza PE,2026-04-18 01:39:35.907327+00
270,Pernambuco,Mobiliza PE,Mobiliza PE,120363405595256912@g.us,3EB04D43B822E5D4CF4AAF,"Saúde precária, escola sem estrutura, e sobra 281 mil pra pesquisa fake? Triste",mensagem simples,2026-04-08 06:37:36.254+00,Mobiliza PE,111055674052635@lid,Mobiliza PE,2026-04-18 01:39:35.907327+00
271,Pernambuco,Mobiliza PE,Mobiliza PE,120363405595256912@g.us,3EB04D87CFAD602EC5397F,"Bom dia, turma! ☀️ MISSÃO DUPLA NA ÁREA

Eita que a quarta-feira amanheceu com a caneta da governadora nervosa, viu? Enquanto nosso prefeito tá lá em Brasília conversando e construindo o futuro, por aqui o clima é de ""vingancinha"" política e corre-corre por cargo. 

É o resumo de agora: *uns fazem barulho e perseguem, outros trabalham e entregam.*
Bora ocupar esse espaço e mostrar que a gente tá de olho? 

*Pernambuco não quer mais briga de bastidor, quer o resultado que o Recife já conhece.*
Passa nesses dois links rapidinho pra gente equilibrar o debate e não deixar os robôs deles falarem sozinhos:
🔗 Missão 1 : https://engaja.pro/missaope-18-03 
🔗Missão 2 : https://engaja.pro/missaope2-18-03",mensagem simples,2026-03-18 10:27:50.955+00,Mobiliza PE,111055674052635@lid,Mobiliza PE,2026-04-18 01:39:35.907327+00
272,Pernambuco,Mobiliza,Mobiliza,120363425016992076@g.us,3EB04DAA6CC193F59D513D,"Esse é o tipo de candidato que Pernambuco merece: com plano, com meta e com coragem 💛",mensagem simples,2026-04-14 08:22:10.851+00,Mobiliza PE,111055674052635@lid,Mobiliza PE,2026-04-18 01:39:35.907327+00
273,Pernambuco,Mobiliza PE,Mobiliza PE,120363405595256912@g.us,3EB04DF60CC0273F5F9A45,"🚨*EI, SURGIU MISSÃO DUPLA AQUI, VAMOS NESSA!*🚨


*É PRIMEIRO TURNO!* A pesquisa do Datafolha mostrou que o nosso trabalho tá dando resultado, viu?  

Vamos seguir firmes, pra deixar Pernambuco na frente!  #PEPraFrente 🚀💛

*Vamos nos DOIS LINKS lotar tudo, galera!*

🔗Link 1️⃣: https://engaja.pro/missaope01-16-04

🔗Link 2️⃣: https://engaja.pro/missaope02-16-04",mensagem simples,2026-04-16 14:06:33.845+00,Mobiliza PE,111055674052635@lid,Mobiliza PE,2026-04-18 01:39:35.907327+00
274,Pernambuco,Mobiliza PE,Mobiliza PE,120363405595256912@g.us,3EB04E7C89C452CAF07107,A vontade de votar em João só aumenta 💛💛💛,mensagem simples,2026-03-18 15:33:32.551+00,Mobiliza PE,111055674052635@lid,Mobiliza PE,2026-04-18 01:39:35.907327+00
275,Pernambuco,Mobiliza PE,Mobiliza PE,120363405595256912@g.us,3EB04E8AD765267AC416CF,"*Passando pra agradecer o tempo e a entrega de vocês hoje!*

Nossa reunião foi produtiva demais e o mérito é todo de vocês que são topados. Obrigado por acreditarem no projeto e por dedicarem o suor de vocês pra gente chegar lá e ver Pernambuco mudar junto com João!! #PEpraFrente",mensagem simples,2026-04-15 20:44:46.557+00,Mobiliza PE,111055674052635@lid,Mobiliza PE,2026-04-18 01:39:35.907327+00
276,Pernambuco,Mobiliza PE,Mobiliza PE,120363405595256912@g.us,3EB04EB5D8CCAC586AF245,"Turma, viram essa? R$ 160 milhões pra uma empresa que nem podia assinar contrato com o governo. 🤡

*Enquanto aqui no Recife a gente vê obra entregue antes do prazo, lá no Estado é esse rolo de carona em licitação e pagamento sem comprovação.* O dinheiro da educação indo pra empresa inidônea.

Passa lá no link pra deixar aquele comentário esperto. Bora mostrar que Pernambuco tá vendo tudo! 🚀💛
https://engaja.pro/missaope1-11-03",mensagem simples,2026-03-11 20:15:04.748+00,Mobiliza PE,111055674052635@lid,Mobiliza PE,2026-04-18 01:39:35.907327+00
277,Pernambuco,Mobiliza,Mobiliza,120363425016992076@g.us,3EB04EC3261A0344E586D5,"*Vamos compartilhar a verdade nas redes, galera
!* 🚀",mensagem simples,2026-04-08 08:22:13.442+00,Mobiliza PE,111055674052635@lid,Mobiliza PE,2026-04-18 01:39:35.907327+00
278,Pernambuco,Mobiliza,Mobiliza,120363425016992076@g.us,3EB04F10D555BF58A2FD2F,Muito importante ver ações que colocam a proteção das mulheres como prioridade. Que essa mensagem chegue a cada vez mais pessoas.,mensagem simples,2026-03-08 10:50:42.483+00,Mobiliza PE,111055674052635@lid,Mobiliza PE,2026-04-18 01:39:35.907327+00
279,Pernambuco,Mobiliza,Mobiliza,120363425016992076@g.us,3EB04FC54526449978C8B8,"*Os comentários vocês já sabem, sem copiar!*",mensagem simples,2026-04-16 14:08:06.782+00,Mobiliza PE,111055674052635@lid,Mobiliza PE,2026-04-18 01:39:35.907327+00
280,Pernambuco,Mobiliza PE,Mobiliza PE,120363405595256912@g.us,3EB0502D48A3AC882C265C,"O trabalho não para e agora o estado todo precisa de você, João! 💛💛💛",mensagem simples,2026-03-27 13:06:15.186+00,Mobiliza PE,111055674052635@lid,Mobiliza PE,2026-04-18 01:39:35.907327+00
281,Pernambuco,Mobiliza,Mobiliza,120363425016992076@g.us,3EB050C0571058CB6C0CE5,Orgulho de ver alguém que não foge dos desafios. Pernambuco ganha muito com isso 💛💛,mensagem simples,2026-04-15 12:11:20.44+00,Mobiliza PE,111055674052635@lid,Mobiliza PE,2026-04-18 01:39:35.907327+00
282,Pernambuco,Mobiliza,Mobiliza,120363425016992076@g.us,3EB050E782CE65ED46EAD5,"Rapaaaz, a semana tá passando tão rápido que hoje já é terça. E já começamos como? Mandando a primeira missão, visse?! 🔥",mensagem simples,2026-04-14 10:34:23.554+00,Mobiliza PE,111055674052635@lid,Mobiliza PE,2026-04-18 01:39:35.907327+00
283,Pernambuco,Mobiliza PE,Mobiliza PE,120363405595256912@g.us,3EB0513AAA8D4935549BDA,"🚨 EXTRA: 

Se liga, meu povo... *daqui a pouco vamos soltar o link do nosso encontro!*",mensagem simples,2026-04-08 17:51:37.553+00,Mobiliza PE,111055674052635@lid,Mobiliza PE,2026-04-18 01:39:35.907327+00
284,Pernambuco,Mobiliza PE,Mobiliza PE,120363405595256912@g.us,3EB051857D3EFA8F0B5050,"Pega uma verdade aqui embaixo, e cria teu comentário pra soltar lá:",mensagem simples,2026-04-08 06:37:27.055+00,Mobiliza PE,111055674052635@lid,Mobiliza PE,2026-04-18 01:39:35.907327+00
285,Pernambuco,Mobiliza PE,Mobiliza PE,120363405595256912@g.us,3EB051870D526983633AA1,"*Galera, se liga nisso aqui rapidinho…*

De um lado: creche entregue.🥹
Do outro: promessa entregue? 🤭

Tem comparação que nem precisa de legenda….",mensagem simples,2026-03-03 18:05:26.441+00,Mobiliza PE,111055674052635@lid,Mobiliza PE,2026-04-18 01:39:35.907327+00
286,Pernambuco,Mobiliza PE,Mobiliza PE,120363405595256912@g.us,3EB0519760C24CA4CD021F,"*Boa tarde, meu povo! ☀️*

*Passando pra desejar aquele descanso* de lei pra todo mundo. Quem deu o nome na diversão de ontem deve tá só a base da água de coco. 

Eita, que essa tarde de sexta-feira tá rendendo igual a conversa de doido! 😂",mensagem simples,2026-03-13 15:28:10.824+00,Mobiliza PE,111055674052635@lid,Mobiliza PE,2026-04-18 01:39:35.907327+00
287,Pernambuco,Mobiliza,Mobiliza,120363425016992076@g.us,3EB051A88F4B17C541758F,"Esse povo que ainda não viu João de perto vai entender tudo quando ele chegar, a presença dele muda o clima de qualquer lugar 🚀💛",mensagem simples,2026-04-06 09:36:07.901+00,Mobiliza PE,111055674052635@lid,Mobiliza PE,2026-04-18 01:39:35.907327+00
288,Pernambuco,Mobiliza PE,Mobiliza PE,120363405595256912@g.us,3EB051D7EE742E7C56377F,"🚀 SIMBORA MEU POVO, QUE É HORA DE MISSÃO DUPLA!

*O coração tá batendo que quase sai peito!*
O homem entregou a chave da prefeitura do jeito que a gente gosta: trabalhando até o último minuto e inaugurando o maior parque da cidade.

Enquanto a oposição rói as unhas vendo esse legado, a gente vai inundar as redes para mostrar que o Recife ficou pequeno para tanto trabalho. Pernambuco tá chamando! 🚀 

*Corre lá, deixa a curtida, o comentário e o sentimento que João Campos é o futuro desse estado!*

Missão 1: https://engaja.pro/missaope5-02-04
missão 2: https://engaja.pro/missaope6-02-04

*Amarela tudo pra mostrar a força desse time!*💛",mensagem simples,2026-04-02 16:25:39.374+00,Mobiliza PE,111055674052635@lid,Mobiliza PE,2026-04-18 01:39:35.907327+00
289,Pernambuco,Mobiliza PE,Mobiliza PE,120363405595256912@g.us,3EB051E1D79B4558294263,"Cada creche nova é uma mãe que pode trabalhar, uma criança que aprende, uma família que avança. É assim que se governa 🚀💛💛",mensagem simples,2026-04-01 18:50:11.098+00,Mobiliza PE,111055674052635@lid,Mobiliza PE,2026-04-18 01:39:35.907327+00
290,Pernambuco,Mobiliza PE,Mobiliza PE,120363405595256912@g.us,3EB051F24476F6FABA7640,"Falaram em reforma, falaram em investimento, falaram em saúde de qualidade… aí chove e o HR vira piscina. Mentir é feio demais, raquel, mas enganar doente é pior ainda",mensagem simples,2026-04-07 16:32:16.768+00,Mobiliza PE,111055674052635@lid,Mobiliza PE,2026-04-18 01:39:35.907327+00
291,Pernambuco,Mobiliza,Mobiliza,120363425016992076@g.us,3EB0522763F3851D93E834,"*João entregou tudo no Recife e agora Pernambuco todo vai conhecer o ritmo do homem.* Ele sai da prefeitura com a cabeça erguida e o trabalho carimbado em cada canto da cidade. 

*É daqui pra frente,* com a energia de quem sabe fazer e a coragem de quem não para. *Simbora que o futuro de Pernambuco ta aqui! 💛🚀*

*1️⃣ MISSÃO:* Encher de comentário positivo 😁
2️⃣ Liink: https://engaja.pro/mobilizape01-31-03",mensagem simples,2026-03-31 08:19:44.425+00,Mobiliza PE,111055674052635@lid,Mobiliza PE,2026-04-18 01:39:35.907327+00
292,Pernambuco,Mobiliza,Mobiliza,120363425016992076@g.us,3EB0534B9423CF79E14E71,"Meu povo, vocês viram isso? Rapaz, o sobrepreço tá tão alto que os bichinhos devem tá saindo de lá falando inglês! É o imposto do atraso, é? Ei, Pernambuco não é banco não, viu Raquel! Explica aí pra gente *por que Pernambuco está pagando 243% a mais pelo mesmo procedimento?*
Bora compartilhar pra todo mundo ver onde tá indo parar o nosso dinheiro!",mensagem simples,2026-03-11 14:38:07.043+00,Mobiliza PE,111055674052635@lid,Mobiliza PE,2026-04-18 01:39:35.907327+00
293,Pernambuco,Mobiliza,Mobiliza,120363425016992076@g.us,3EB053E2C7F9E6B50480BB,"Bora pro Governo, João, o povo está esperando seu trabalho 💛",mensagem simples,2026-03-19 12:46:43.845+00,Mobiliza PE,111055674052635@lid,Mobiliza PE,2026-04-18 01:39:35.907327+00
294,Pernambuco,Mobiliza PE,Mobiliza PE,120363405595256912@g.us,3EB05431A73CD9D82DBB5B,João é o camisa 10 do time de Lula! 💛,mensagem simples,2026-03-28 16:16:33.43+00,Mobiliza PE,111055674052635@lid,Mobiliza PE,2026-04-18 01:39:35.907327+00
295,Pernambuco,Lideranças - Mobiliza PE,Lideranças - Mobiliza PE,120363404880079867@g.us,3EB0549314977D82450D1E,"Opa, turma! Pega o link do nosso super encontro que vai rolar *as 19h:*
https://meet.google.com/npz-izio-miu

Hoje tem tudo pra ser um dia histórico! 💥
E ainda dá tempo de chegar junto com a sua galera pra *garantir os seus +2* no encontro geral às 19:30

*O gás do novo pessoal vai fazer toda a diferença pra movimentar o projeto! Nos vemos lá mais tarde! 💛🚀*",mensagem simples,2026-03-11 16:00:41.044+00,Mobiliza PE,111055674052635@lid,Mobiliza PE,2026-04-18 01:39:35.907327+00
296,Pernambuco,Mobiliza PE,Mobiliza PE,120363405595256912@g.us,3EB0552607D563F57E7143,"Parabéns pela energia, turma! Todos fizeram uma boa mobilização essa semana, mas esses três se destacaram.

*Parabéns pela entrega, constância e energia* colocada em cada missão! Vocês fizeram a diferença nessa movimentação. 

Teve gente que ficou fora desse ranking por uma diferença bem pequena 👀

Na próxima semana, pode ser o seu nome aqui 💛🚀",mensagem simples,2026-02-27 14:35:46.023+00,Mobiliza PE,111055674052635@lid,Mobiliza PE,2026-04-18 01:39:35.907327+00
297,Pernambuco,Mobiliza PE,Mobiliza PE,120363405595256912@g.us,3EB055417AE7D26E8F4ABB,"Que mais iniciativas como essa ganhem força. Toda mulher merece viver com respeito, segurança e dignidade.",mensagem simples,2026-03-08 10:53:03.788+00,Mobiliza PE,111055674052635@lid,Mobiliza PE,2026-04-18 01:39:35.907327+00
298,Pernambuco,Lideranças - Mobiliza PE,Lideranças - Mobiliza PE,120363404880079867@g.us,3EB0556ECD6C8F4A1B2E94,"Porta aberta! 🚪💛

Já estamos na sala para o alinhamento das lideranças. O papo já começou e a galera já tá naquele gás absurdo!

Esse é aquele momento de ajustar o tom e fechar a estratégia antes do grupo geral chegar.

Vem pra cá que o papo já começou:

*Link da sala:* https://meet.google.com/npz-izio-miu 

Bora organizar a ocupação de hoje! 🚀",mensagem simples,2026-03-18 19:00:09.819+00,Mobiliza PE,111055674052635@lid,Mobiliza PE,2026-04-18 01:39:35.907327+00
299,Pernambuco,Mobiliza PE,Mobiliza PE,120363405595256912@g.us,3EB0558154E3C8A1EE85CB,"O campo das Princesas é logo ali, vem logo ocupar, joão 💛🚀",mensagem simples,2026-04-16 14:07:44.053+00,Mobiliza PE,111055674052635@lid,Mobiliza PE,2026-04-18 01:39:35.907327+00
300,Pernambuco,Mobiliza PE,Mobiliza PE,120363405595256912@g.us,3EB055D1A02F5CFA3CB697,"Pernambuco merecia tanto mais do que isso, que vergonha esse governo raquel 😔😔",mensagem simples,2026-04-10 18:52:29.523+00,Mobiliza PE,111055674052635@lid,Mobiliza PE,2026-04-18 01:39:35.907327+00
301,Pernambuco,Mobiliza,Mobiliza,120363425016992076@g.us,3EB056A438B2149738DE1A,"Fizeram um impeachment, perderam. Criaram uma CPI pra perder também. Deixa João trabalhar! 💛💛",mensagem simples,2026-03-02 17:25:50.755+00,Mobiliza PE,111055674052635@lid,Mobiliza PE,2026-04-18 01:39:35.907327+00
302,Pernambuco,Mobiliza PE,Mobiliza PE,120363405595256912@g.us,3EB05720B8ECECD28B17FF,"*MISSÃO TRIPLA DO CASAMENTO DO ANO*

Missão 1: https://engaja.pro/pemissao1-21-02
Missão 2: https://engaja.pro/pemissao2-21-02
Missão 3: https://engaja.pro/pemissao3-21-02

*Sabadou com o coração transbordando, meu povo!* ✨ 
O homem casou e agora tá com o shape de felicidade completo pra cuidar de Pernambuco! 
O sábado tá lindo e a gente tá como? *Indo lá nos posts desejar toda a felicidade do mundo pra esse casal que a gente gosta tanto!* 💛",mensagem simples,2026-02-21 17:12:29.584+00,Mobiliza PE,111055674052635@lid,Mobiliza PE,2026-04-18 01:39:35.907327+00
303,Pernambuco,Mobiliza,Mobiliza,120363425016992076@g.us,3EB0574AE5D17A4E9988F6,*Cuida na sugestão de comentário:*,mensagem simples,2026-04-06 09:33:33.756+00,Mobiliza PE,111055674052635@lid,Mobiliza PE,2026-04-18 01:39:35.907327+00
304,Pernambuco,Mobiliza PE,Mobiliza PE,120363405595256912@g.us,3EB0575D7448E00BEF0461,A sensação é de que o estado inteiro tá acordando pra uma coisa que Recife já sabia: João Campos é o nome 💛💛🚀,mensagem simples,2026-04-06 09:33:39.388+00,Mobiliza PE,111055674052635@lid,Mobiliza PE,2026-04-18 01:39:35.907327+00
305,Pernambuco,Mobiliza,Mobiliza,120363425016992076@g.us,3EB057B375C82EEF4BAE73,"Time fechado! João falou, tá falado. Aqui não tem dois lados não, tem uma direção só! 💛",mensagem simples,2026-03-30 16:29:27.957+00,Mobiliza PE,111055674052635@lid,Mobiliza PE,2026-04-18 01:39:35.907327+00
306,Pernambuco,Mobiliza PE,Mobiliza PE,120363405595256912@g.us,3EB0581862EC1BDC73FBA6,Liderança que cresce é assim: com entrega e confiança do povo 💛🚀,mensagem simples,2026-04-08 17:51:46.599+00,Mobiliza PE,111055674052635@lid,Mobiliza PE,2026-04-18 01:39:35.907327+00
307,Pernambuco,Mobiliza PE,Mobiliza PE,120363405595256912@g.us,3EB0586144832E24027C29,"Hoje celebramos a *Data Magna de Pernambuco*, para lembrar que o *pernambucano não espera o futuro, a gente faz ele acontecer.*",mensagem simples,2026-03-06 15:23:27.611+00,Mobiliza PE,111055674052635@lid,Mobiliza PE,2026-04-18 01:39:35.907327+00
308,Pernambuco,Lideranças - Mobiliza PE,Lideranças - Mobiliza PE,120363404880079867@g.us,3EB058703177F7EC131953,"Hoje nós vamos discutir pontos estratégicos pra *alavancar ainda mais a caminhada do nosso futuro governador*

*#VEMJOAO daqui pra frente a gente é #PEPraFrente*
    
 *Link do líder,* salva ai pra facilitar: https://meet.google.com/npz-izio-miu (*lembrando: nosso encontro é as 19h*)",mensagem simples,2026-03-25 17:41:57.836+00,Mobiliza PE,111055674052635@lid,Mobiliza PE,2026-04-18 01:39:35.907327+00
309,Pernambuco,Mobiliza PE,Mobiliza PE,120363405595256912@g.us,3EB05882021188C9E03678,(Mensagem de mídia sem texto),mensagem simples,2026-04-06 14:10:24.635+00,Mobiliza PE,111055674052635@lid,Mobiliza PE,2026-04-18 01:39:35.907327+00
310,Pernambuco,Mobiliza PE,Mobiliza PE,120363405595256912@g.us,3EB0588F00E98210D4B666,"*Vumbora, povo! Tá rolando!* 📣

A reunião do *MOBILIZA já começou.* 
Quem não chegar agora vai ficar pra trás na resenha. 

 *Bora moer que Pernambuco tem pressa!* 🚀💛

https://engaja.pro/encontro-mobilizape",mensagem simples,2026-04-08 19:35:25.281+00,Mobiliza PE,111055674052635@lid,Mobiliza PE,2026-04-18 01:39:35.907327+00
311,Pernambuco,Mobiliza PE,Mobiliza PE,120363405595256912@g.us,3EB0598EE83E081ED1458A,Governador que Pernambuco merece é assim 💛🚀 💛,mensagem simples,2026-03-03 08:34:06.054+00,Mobiliza PE,111055674052635@lid,Mobiliza PE,2026-04-18 01:39:35.907327+00
312,Pernambuco,Lideranças - Mobiliza PE,Lideranças - Mobiliza PE,120363404880079867@g.us,3EB05B71BD36F64BBBE3FB,"Fala, meu time de peso! Tudo na paz?

Passando pra dar aquele toque especial pra vocês, dêem uma chegada junto da galera que vocês trouxeram pra conferir se o nome e o telefone deles estão batendo certinho no momento da reunião!",mensagem simples,2026-04-15 10:23:30.532+00,Mobiliza PE,111055674052635@lid,Mobiliza PE,2026-04-18 01:39:35.907327+00
313,Pernambuco,Mobiliza,Mobiliza,120363425016992076@g.us,3EB05C12484EB7B82AB5D8,A PF investigando já diz muito sobre o nível dessa gestão de raquel 😤,mensagem simples,2026-04-10 18:51:51.236+00,Mobiliza PE,111055674052635@lid,Mobiliza PE,2026-04-18 01:39:35.907327+00
314,Pernambuco,Mobiliza PE,Mobiliza PE,120363405595256912@g.us,3EB05C383894C291DF05CC,"E ó… *amanhã tem nosso encontro às 19h30*. Já coloca como evento aí pra não esquecer.

Será online, no Google Meet.
Pontualidade nível “quem chega primeiro escolhe o lugar”. 😌",mensagem simples,2026-03-03 18:05:46.833+00,Mobiliza PE,111055674052635@lid,Mobiliza PE,2026-04-18 01:39:35.907327+00
315,Pernambuco,Mobiliza,Mobiliza,120363425016992076@g.us,3EB05D71157DE1A56349EC,"O home nasce, cresce, transforma o Recife, casa, forma família, depois transforma Pernambuco, aí vira presidente, tem filhos e netos. Pra cima, João. 💛💛💛💛💛",mensagem simples,2026-02-21 17:15:48.119+00,Mobiliza PE,111055674052635@lid,Mobiliza PE,2026-04-18 01:39:35.907327+00
316,Pernambuco,Mobiliza PE,Mobiliza PE,120363405595256912@g.us,3EB05E1181B44F14BC5713,*Cuida na sugestão pra amassar nos comentários*,mensagem simples,2026-04-09 17:45:52.782+00,Mobiliza PE,111055674052635@lid,Mobiliza PE,2026-04-18 01:39:35.907327+00
317,Pernambuco,Mobiliza,Mobiliza,120363425016992076@g.us,3EB05E1BD3315F038B0B0A,"Vem colocar Pernambuco no rumo certo, meu prefeito 💛",mensagem simples,2026-03-18 10:29:29.099+00,Mobiliza PE,111055674052635@lid,Mobiliza PE,2026-04-18 01:39:35.907327+00
318,Pernambuco,Mobiliza PE,Mobiliza PE,120363405595256912@g.us,3EB05E40C47D305F3EB89F,Como é bom ver um casal trabalhador e que se ama tanto recebendo as bençãos de Deus. Toda felicidade do mundo ao casal! 💛💛,mensagem simples,2026-02-21 17:14:51.389+00,Mobiliza PE,111055674052635@lid,Mobiliza PE,2026-04-18 01:39:35.907327+00
319,Pernambuco,Mobiliza PE,Mobiliza PE,120363405595256912@g.us,3EB05F0245495DD08BB2C1,"*Bora, time!* Nossa missão mais cedo foi massa, mas sempre cabe mais um pouquinho de amor.

*Vamos dar aquele gás* do #sextou pra ocupar aquele espaço com a nossa alegria de sempre?

*É só clicar no link e deixar sua marca. Aproveita pra compartilhar com os amigos! 💛🚀*

*#VEMJOAO💛 #JOAOGOVERNADOR💛*

*🟡Missão 1:* https://engaja.pro/missaope4-20-03
*🟡Missão 2:* https://engaja.pro/missaope5-20-03
*🟡Missão 3:* https://engaja.pro/missaope6-20-03
*🟡Missão 4:* https://engaja.pro/missaope7-20-03",mensagem simples,2026-03-20 18:18:23.494+00,Mobiliza PE,111055674052635@lid,Mobiliza PE,2026-04-18 01:39:35.907327+00
320,Pernambuco,Mobiliza PE,Mobiliza PE,120363405595256912@g.us,3EB05F21E4759F25B12861,"Gradual, responsável, com treinamento da Polícia Federal. É assim que se faz, sem populismo! João tá pronto pro estado 💛🚀",mensagem simples,2026-03-30 18:28:18.721+00,Mobiliza PE,111055674052635@lid,Mobiliza PE,2026-04-18 01:39:35.907327+00
321,Pernambuco,Mobiliza PE,Mobiliza PE,120363405595256912@g.us,3EB05F3D30959089896882,"Chega chega que o nosso encontro já começou!

Câmbio, equipe! O sinal já tá no ar e a frequência do Mobiliza tá bombando!

Já abrimos a transmissão e quem não sintonizar agora vai ficar pegando chiado na resenha. Vamos nessa com João #PEpraFrente!

*Cuuuuidaaa:* https://engaja.pro/encontro-mobilizape",mensagem simples,2026-04-15 19:30:09.961+00,Mobiliza PE,111055674052635@lid,Mobiliza PE,2026-04-18 01:39:35.907327+00
322,Pernambuco,Mobiliza PE,Mobiliza PE,120363405595256912@g.us,3EB05FB76447CF4126C689,"A gente perguntou e o veredito saiu, visse? 🗳️

Sobre o nosso encontro semanal do Mobiliza PE, a pesquisa foi clara:
Quarta-feira, às 19h30, continua sendo o nosso horário oficial.

A turma votou e 80% confirmou que esse é o momento que o time consegue se reunir em peso. Agora que o horário tá batido e aprovado pela maioria, não tem erro: nosso encontro ganha aquela força extra.",mensagem simples,2026-04-09 13:08:10.114+00,Mobiliza PE,111055674052635@lid,Mobiliza PE,2026-04-18 01:39:35.907327+00
323,Pernambuco,Lideranças - Mobiliza PE,Lideranças - Mobiliza PE,120363404880079867@g.us,3EB060454C38F0C04A5A44,"Atenção, minha tropa organizada. *Falta meia hora* .
Dá tempo de ajeitar o cabelo, botar uma água do lado e fingir que não tá cansado. haha. 🥲

Hoje é 19h, certo. Nada de chegar 18h45 pra puxar assunto com a parede.

Bora organizar esse movimento do jeito que a gente sabe fazer.

Link tá na mão: https://meet.google.com/tif-zugp-sqg",mensagem simples,2026-02-25 18:30:42.136+00,Mobiliza PE,111055674052635@lid,Mobiliza PE,2026-04-18 01:39:35.907327+00
324,Pernambuco,Mobiliza,Mobiliza,120363425016992076@g.us,3EB06057D132DA552CA963,"Cidade que recebe João na campanha recebe junto a esperança de que o estado pode funcionar de verdade, é isso que a gente tá esperando 💛",mensagem simples,2026-04-06 09:38:03.805+00,Mobiliza PE,111055674052635@lid,Mobiliza PE,2026-04-18 01:39:35.907327+00
325,Pernambuco,Mobiliza,Mobiliza,120363425016992076@g.us,3EB0608EB873713E73BCAA,"Não basta ter time, o time tem que estar entrosado. E Lula e João estão 💛",mensagem simples,2026-03-28 14:59:49.475+00,Mobiliza PE,111055674052635@lid,Mobiliza PE,2026-04-18 01:39:35.907327+00
326,Pernambuco,Mobiliza,Mobiliza,120363425016992076@g.us,3EB060AD504D725E964055,"Recife já viu a entrega desse homem, agora é vez do Sertão sentir o que é ter alguém que chega com humildade e com propósito. O voto meu tá dado faz tempo. 🚀💛",mensagem simples,2026-04-06 09:38:50.664+00,Mobiliza PE,111055674052635@lid,Mobiliza PE,2026-04-18 01:39:35.907327+00
327,Pernambuco,Mobiliza PE,Mobiliza PE,120363405595256912@g.us,3EB060D85B8E14BF7846C2,Cadê a CPI da Caruaruense? 3 anos sem pagar um real de fiscalização. É Festival Pernambuco meu Painho mesmo...,mensagem simples,2026-03-02 17:23:20.882+00,Mobiliza PE,111055674052635@lid,Mobiliza PE,2026-04-18 01:39:35.907327+00
328,Pernambuco,Mobiliza PE,Mobiliza PE,120363405595256912@g.us,3EB0613C82B3AFFB2BDAD2,*Pega os comentários pra tu se inspirar!*,mensagem simples,2026-04-07 16:31:57.867+00,Mobiliza PE,111055674052635@lid,Mobiliza PE,2026-04-18 01:39:35.907327+00
329,Pernambuco,Mobiliza,Mobiliza,120363425016992076@g.us,3EB061C117B6624F9362CE,"Segura, Pernambuco… porque meu governador tá chegando! 💛🚀",mensagem simples,2026-04-09 17:45:33.559+00,Mobiliza PE,111055674052635@lid,Mobiliza PE,2026-04-18 01:39:35.907327+00
330,Pernambuco,Mobiliza PE,Mobiliza PE,120363405595256912@g.us,3EB0623880B64A3454085C,"Agora o Mobiliza PE vai bombar!! 🚀

*Nosso encontro é o coração do grupo, mas pra ele pulsar forte, todo mundo precisa conseguir chegar.* Não adianta o homem estar voando em Petrolina e a gente travado no trânsito ou na janta na hora da reunião. 😂

Queremos garantir que o encontro Mobiliza PE (Atualmente quarta às 19h30) aconteça naquele horário filé pra sua rotina. É vapt-vupt: você clica, escolhe o melhor horário e ajuda o Mobiliza a ficar ainda mais gigante.
*Dá o teu grito aqui (leva menos de 1 min)*: 👉 https://tally.so/r/PdYZ4P
Bora organizar a casa pra ocupar Pernambuco inteiro! 💛",mensagem simples,2026-04-06 17:32:42.994+00,Mobiliza PE,111055674052635@lid,Mobiliza PE,2026-04-18 01:39:35.907327+00
331,Pernambuco,Mobiliza PE,Mobiliza PE,120363405595256912@g.us,3EB0631F14FB3A9E0BE99E,"*Os comentários vocês já sabem, sem copiar!*",mensagem simples,2026-04-16 14:07:01.974+00,Mobiliza PE,111055674052635@lid,Mobiliza PE,2026-04-18 01:39:35.907327+00
332,Pernambuco,Mobiliza,Mobiliza,120363425016992076@g.us,3EB06322D17C0E4DB8A22C,"Esse é o segundo casamento de João, no primeiro ele casou com o Recife kkkkkkkk E o terceiro vai ser esse ano ainda, com Pernambuco! 💛",mensagem simples,2026-02-21 17:15:46.312+00,Mobiliza PE,111055674052635@lid,Mobiliza PE,2026-04-18 01:39:35.907327+00
333,Pernambuco,Mobiliza,Mobiliza,120363425016992076@g.us,3EB0636E648F436E29938B,"Ô povo desenrolado! *Missão dada é missão cumprida, visse?*

Passando pra saber quem já deu aquele check nas 4 missões de hoje? Vê só: em 4 minutinhos você resolve tudo. É o tempo da água do café ferver ou de esperar o sinal da Agamenon abrir! 

*Bora mostrar a força* de quem vê a cidade mudando de verdade, *vamos deixar as postagens com a nossa cara!*

🔗 Missão 1: https://engaja.pro/missaope1-27-03
🔗 Missão 2: https://engaja.pro/missaope2-27-03
🔗 Missão 3: https://engaja.pro/missaope3-27-03
🔗 Missão 4: https://engaja.pro/missaope4-27-03",mensagem simples,2026-03-27 17:55:47.369+00,Mobiliza PE,111055674052635@lid,Mobiliza PE,2026-04-18 01:39:35.907327+00
334,Pernambuco,Mobiliza,Mobiliza,120363425016992076@g.us,3EB06396A97A060785318E,"Sem mimimi, sem cima do muro. É João pra governador e Lula pra presidente, simples assim! 💛",mensagem simples,2026-03-30 16:29:55.807+00,Mobiliza PE,111055674052635@lid,Mobiliza PE,2026-04-18 01:39:35.907327+00
335,Pernambuco,Mobiliza,Mobiliza,120363425016992076@g.us,3EB064DFB0CB06F6D49713,Tá chegando a hora… Pernambuco já sente que meu governador tá chegando! 💛🚀,mensagem simples,2026-04-09 17:45:28.679+00,Mobiliza PE,111055674052635@lid,Mobiliza PE,2026-04-18 01:39:35.907327+00
336,Pernambuco,Lideranças - Mobiliza PE,Lideranças - Mobiliza PE,120363404880079867@g.us,3EB065E212C19BCF561426,"*Queria agradecer de verdade a cada liderança que esteve presente hoje.* 💛
Vocês seguram a base, puxam conversa, organizam gente e ainda arrumam tempo no meio da rotina corrida. Isso não é detalhe, é o que sustenta o movimento.
A gente segue junto. E vocês não estão sozinhos.",mensagem simples,2026-02-25 21:05:14.137+00,Mobiliza PE,111055674052635@lid,Mobiliza PE,2026-04-18 01:39:35.907327+00
337,Pernambuco,Mobiliza PE,Mobiliza PE,120363405595256912@g.us,3EB0667D96B1D55DE6CA49,*Cuida na sugestão pra amassar nos comentários:*,mensagem simples,2026-04-06 16:52:14.219+00,Mobiliza PE,111055674052635@lid,Mobiliza PE,2026-04-18 01:39:35.907327+00
338,Pernambuco,Mobiliza PE,Mobiliza PE,120363405595256912@g.us,3EB0671FBDF1811825973E,"Pernambuco precisa de alguém que entregue resultado, vem logo, João 💛💛",mensagem simples,2026-03-18 10:28:05.522+00,Mobiliza PE,111055674052635@lid,Mobiliza PE,2026-04-18 01:39:35.907327+00
339,Pernambuco,Mobiliza PE,Mobiliza PE,120363405595256912@g.us,3EB067DA13345606E78D5F,"Cada vez mais claro que o foco não é Pernambuco, é a imagem dela",mensagem simples,2026-04-08 14:42:46.48+00,Mobiliza PE,111055674052635@lid,Mobiliza PE,2026-04-18 01:39:35.907327+00
340,Pernambuco,Mobiliza PE,Mobiliza PE,120363405595256912@g.us,3EB067E17D5426F15D5687,Eduardo presente! 💛🕊️,mensagem simples,2026-02-21 17:15:03.63+00,Mobiliza PE,111055674052635@lid,Mobiliza PE,2026-04-18 01:39:35.907327+00
341,Pernambuco,Mobiliza,Mobiliza,120363425016992076@g.us,3EB06862D024C2173C4093,"Monitorar opositor com recurso público é coisa de ditadura, não de democracia 😤",mensagem simples,2026-04-10 18:51:47.689+00,Mobiliza PE,111055674052635@lid,Mobiliza PE,2026-04-18 01:39:35.907327+00
342,Pernambuco,Mobiliza PE,Mobiliza PE,120363405595256912@g.us,3EB0687A609C5EE7AE06FA,"Bora pro Governo, João, o povo está esperando seu trabalho 💛",mensagem simples,2026-03-19 12:44:04.201+00,Mobiliza PE,111055674052635@lid,Mobiliza PE,2026-04-18 01:39:35.907327+00
343,Pernambuco,Mobiliza PE,Mobiliza PE,120363405595256912@g.us,3EB0693DA3F367D507D1F3,"Enquanto uns gastam quase 300 mil de dinheiro público pra fabricar número que ninguém acredita, *a gente mostra a pesquisa de verdade! João Campos com 50%* no primeiro turno é o terror de quem só sabe falar e não entrega uma calçada. É o famoso desespero de quem vê o trabalho passando por cima da fofoca. #PEPraFrente 💛🚀",mensagem simples,2026-04-08 08:22:40.434+00,Mobiliza PE,111055674052635@lid,Mobiliza PE,2026-04-18 01:39:35.907327+00
344,Pernambuco,Mobiliza,Mobiliza,120363425016992076@g.us,3EB06A3166D27F5F7D4448,*Cuida na sugestão pra amassar nos comentários:*,mensagem simples,2026-04-06 16:53:55.364+00,Mobiliza PE,111055674052635@lid,Mobiliza PE,2026-04-18 01:39:35.907327+00
345,Pernambuco,Mobiliza,Mobiliza,120363425016992076@g.us,3EB06A3C6BD6C08FC1A17A,"*Turma, vamos transformar esses comentários num mar de felicitações! 💛 Escolhe um desses comentários, dá o seu toque pessoal e carimba nos três links. Assim, o topo das postagens fica só com a energia boa de quem torce pelo casal!*",mensagem simples,2026-02-21 17:22:34.164+00,Mobiliza PE,111055674052635@lid,Mobiliza PE,2026-04-18 01:39:35.907327+00
346,Pernambuco,Mobiliza,Mobiliza,120363425016992076@g.us,3EB06ADEB685236D175489,É o time da esperança entrando em campo 💛,mensagem simples,2026-03-28 14:59:42.18+00,Mobiliza PE,111055674052635@lid,Mobiliza PE,2026-04-18 01:39:35.907327+00
347,Pernambuco,Mobiliza PE,Mobiliza PE,120363405595256912@g.us,3EB06B7D4A3F4B90273E53,"O que Eduardo começou, João vai continuar. 🚀💛",mensagem simples,2026-03-27 13:05:24.472+00,Mobiliza PE,111055674052635@lid,Mobiliza PE,2026-04-18 01:39:35.907327+00
348,Pernambuco,Mobiliza,Mobiliza,120363425016992076@g.us,3EB06BDC79C7C6A43F2EBB,"O que Eduardo começou, João vai continuar. 🚀💛",mensagem simples,2026-03-27 13:05:31.812+00,Mobiliza PE,111055674052635@lid,Mobiliza PE,2026-04-18 01:39:35.907327+00
349,Pernambuco,Mobiliza,Mobiliza,120363425016992076@g.us,3EB06C466C402223E194BC,O que Eduardo começou o nosso João vai continuar com força 💛💛,mensagem simples,2026-03-19 12:46:15.572+00,Mobiliza PE,111055674052635@lid,Mobiliza PE,2026-04-18 01:39:35.907327+00
350,Pernambuco,Mobiliza,Mobiliza,120363425016992076@g.us,3EB06C881EA3A3A166B03D,"Esse é o perfil de governador que o estado precisa, que faz de verdade 💛💛💛💛💛",mensagem simples,2026-03-03 08:40:04.739+00,Mobiliza PE,111055674052635@lid,Mobiliza PE,2026-04-18 01:39:35.907327+00
351,Pernambuco,Mobiliza,Mobiliza,120363425016992076@g.us,3EB06D30A5BCB4069CC3CB,Que presente de despedida pra cidade! Isso é história 💛,mensagem simples,2026-04-02 16:27:55.28+00,Mobiliza PE,111055674052635@lid,Mobiliza PE,2026-04-18 01:39:35.907327+00
352,Pernambuco,Mobiliza PE,Mobiliza PE,120363405595256912@g.us,3EB06D38D2C475E0CAF75A,Tá chegando a hora… Pernambuco já sente que meu governador tá chegando! 💛🚀,mensagem simples,2026-03-31 08:21:25.646+00,Mobiliza PE,111055674052635@lid,Mobiliza PE,2026-04-18 01:39:35.907327+00
353,Pernambuco,Mobiliza,Mobiliza,120363425016992076@g.us,3EB06DC45827FB0B40E77D,Meu prefeito sabe fazer demais 💛💛,mensagem simples,2026-03-03 08:39:43.794+00,Mobiliza PE,111055674052635@lid,Mobiliza PE,2026-04-18 01:39:35.907327+00
354,Pernambuco,Mobiliza,Mobiliza,120363425016992076@g.us,3EB06DCE95A01E07598B96,"🚨 *MISSÃO NOVA NA ÁREA* 🚨

Eita, minha gente! João Campos tá agarrado na *missão de transformar a segurança em Pernambuco!* Vai ser um trabalho técnico e firme, sem politicagem, e com atenção especial às mulheres.

É hora da gente se unir e dar uma força pra essa causa que vai *deixar nossa terra mais segura e justa.*

1️⃣ *Vamos comentar muito, pessoal!!*

🔗Link: https://engaja.pro/missao01-14-04",mensagem simples,2026-04-14 08:16:27.845+00,Mobiliza PE,111055674052635@lid,Mobiliza PE,2026-04-18 01:39:35.907327+00
355,Pernambuco,Mobiliza PE,Mobiliza PE,120363405595256912@g.us,3EB06DE738F23D7990ECF6,"*Cuida, pega um comentário pra tu se inspirar:*",mensagem simples,2026-04-08 17:51:35.272+00,Mobiliza PE,111055674052635@lid,Mobiliza PE,2026-04-18 01:39:35.907327+00
356,Pernambuco,Mobiliza,Mobiliza,120363425016992076@g.us,3EB06DE90353F4A49F6506,Esse time tá cheio de camisa 10 💛💛,mensagem simples,2026-03-28 14:59:48.69+00,Mobiliza PE,111055674052635@lid,Mobiliza PE,2026-04-18 01:39:35.907327+00
357,Pernambuco,Mobiliza,Mobiliza,120363425016992076@g.us,3EB06EA05FC2BBA9445E9C,"Olha esse vídeo, minha gente! *João encerra o ciclo na prefeitura com a moral lá no teto: 75% de aprovação.* É o reconhecimento de quem viu o Recife mudar de verdade com muito trabalho e energia. Dá um orgulho danado ver que o esforço valeu a pena e o povo tá junto. 
*Bora compartilhar nos grupos, nos stories, status em todo canto pra todo mundo ver esse resultado!*",mensagem simples,2026-04-06 15:09:29.688+00,Mobiliza PE,111055674052635@lid,Mobiliza PE,2026-04-18 01:39:35.907327+00
358,Pernambuco,Mobiliza,Mobiliza,120363425016992076@g.us,3EB06F3CC88D959A809879,O trabalho não para e agora o estado todo quer esse resultado 💛💛,mensagem simples,2026-03-27 16:24:08.587+00,Mobiliza PE,111055674052635@lid,Mobiliza PE,2026-04-18 01:39:35.907327+00
359,Pernambuco,Mobiliza PE,Mobiliza PE,120363405595256912@g.us,3EB06F85E4F000DB7AC315,"Aqui é entrega de creche de verdade, né tapume não 💛💛💛💛",mensagem simples,2026-03-03 08:33:54.844+00,Mobiliza PE,111055674052635@lid,Mobiliza PE,2026-04-18 01:39:35.907327+00
360,Pernambuco,Mobiliza,Mobiliza,120363425016992076@g.us,3EB06FCB0A43286235311D,Eduardo presente! 💛🕊️,mensagem simples,2026-02-21 17:15:49.323+00,Mobiliza PE,111055674052635@lid,Mobiliza PE,2026-04-18 01:39:35.907327+00
361,Pernambuco,Mobiliza,Mobiliza,120363425016992076@g.us,3EB06FF6D2F9358013B61E,"Recife, divide o nosso prefeito com Pernambuco porque o estado precisa crescer. 💛",mensagem simples,2026-03-27 16:24:10.256+00,Mobiliza PE,111055674052635@lid,Mobiliza PE,2026-04-18 01:39:35.907327+00
362,Pernambuco,Mobiliza PE,Mobiliza PE,120363405595256912@g.us,3EB0700D41A464D6099BFA,"Monitorar opositor com recurso público é coisa de ditadura, não de democracia 😤",mensagem simples,2026-04-10 18:52:20.477+00,Mobiliza PE,111055674052635@lid,Mobiliza PE,2026-04-18 01:39:35.907327+00
363,Pernambuco,Mobiliza,Mobiliza,120363425016992076@g.us,3EB0704B1D41AFFEAACB34,"Cada vez mais orgulhosa de apoiar esse homem! Time fechadíssimo, aqui não tem vacilo não 💛",mensagem simples,2026-03-30 16:30:12+00,Mobiliza PE,111055674052635@lid,Mobiliza PE,2026-04-18 01:39:35.907327+00
364,Pernambuco,Mobiliza,Mobiliza,120363425016992076@g.us,3EB07153FA11832BC89DE3,Já votaram até o impeachment e perderam a votação. CPI é circo político. Oposição tá desesperada...,mensagem simples,2026-03-03 11:22:01.081+00,Mobiliza PE,111055674052635@lid,Mobiliza PE,2026-04-18 01:39:35.907327+00
365,Pernambuco,Mobiliza,Mobiliza,120363425016992076@g.us,3EB0717EA225E9483A81D3,"Pernambuco não pode mais esperar: João, vem arrumar a casa 💛",mensagem simples,2026-03-19 12:47:19.875+00,Mobiliza PE,111055674052635@lid,Mobiliza PE,2026-04-18 01:39:35.907327+00
366,Pernambuco,Mobiliza,Mobiliza,120363425016992076@g.us,3EB07203743388009C8288,O povo reconhece quem trabalha 💛🚀,mensagem simples,2026-04-08 09:56:41.303+00,Mobiliza PE,111055674052635@lid,Mobiliza PE,2026-04-18 01:39:35.907327+00
367,Pernambuco,Mobiliza,Mobiliza,120363425016992076@g.us,3EB072247886DA129F1DF5,"Minha gente a *nova safra de robôs* da oposição chegou com tudo, *eles estão ocupando* nossos espaços. 
*Não podemos deixar eles dominarem a narrativa!* Vamos pra cima deles. 🚀",mensagem simples,2026-03-25 16:06:38.062+00,Mobiliza PE,111055674052635@lid,Mobiliza PE,2026-04-18 01:39:35.907327+00
368,Pernambuco,Mobiliza PE,Mobiliza PE,120363405595256912@g.us,3EB072BBCD57C3BE4A7CEB,Parabéns por trazer um tema tão importante e necessário. Combater a violência contra a mulher precisa ser prioridade sempre.,mensagem simples,2026-03-08 10:53:00.561+00,Mobiliza PE,111055674052635@lid,Mobiliza PE,2026-04-18 01:39:35.907327+00
369,Pernambuco,Mobiliza PE,Mobiliza PE,120363405595256912@g.us,3EB0731D05E7B78989FEB3,"E uma menção honrosa ao Antônio Rufino (Nosso querido Binho), que teve convidados não contabilizadas porque entraram com numero e nome diferente, mas que também somaram muito 💛✨",mensagem simples,2026-04-09 18:20:43.948+00,Mobiliza PE,111055674052635@lid,Mobiliza PE,2026-04-18 01:39:35.907327+00
370,Pernambuco,Mobiliza,Mobiliza,120363425016992076@g.us,3EB073763846AD9D7C0D5B,"*Valeu demais, galera! Vocês são feras!*
Sábado à noite e a galera aqui firme, mostrando que Pernambuco sabe celebrar o que é bom. *Valeu por cada comentário e por cada 💛 nos posts.* Missões entregues e carimbadas! *Bom descanso a todos!* 💛",mensagem simples,2026-02-21 21:25:41.683+00,Mobiliza PE,111055674052635@lid,Mobiliza PE,2026-04-18 01:39:35.907327+00
371,Pernambuco,Mobiliza,Mobiliza,120363425016992076@g.us,3EB073B05DEB7F51C2DA1B,"Segura, Pernambuco… porque meu governador tá chegando! 💛🚀",mensagem simples,2026-03-31 08:20:36.632+00,Mobiliza PE,111055674052635@lid,Mobiliza PE,2026-04-18 01:39:35.907327+00
372,Pernambuco,Mobiliza PE,Mobiliza PE,120363405595256912@g.us,3EB073DBF63CCFEFDE4978,"Vem colocar Pernambuco no rumo certo, meu prefeito 💛",mensagem simples,2026-03-18 10:28:38.08+00,Mobiliza PE,111055674052635@lid,Mobiliza PE,2026-04-18 01:39:35.907327+00
373,Pernambuco,Mobiliza PE,Mobiliza PE,120363405595256912@g.us,3EB073EB5C66CB933CEF49,Pega aquela ideia de comentário e faz a tua adaptação 💛🚀💛,mensagem simples,2026-03-19 12:43:38.04+00,Mobiliza PE,111055674052635@lid,Mobiliza PE,2026-04-18 01:39:35.907327+00
374,Pernambuco,Mobiliza PE,Mobiliza PE,120363405595256912@g.us,3EB0741AA9F8405E8CBF9D,"*MISSÃO RÁPIDA:*
Entra no post, comenta e compartilha nos teus Stories, nos grupos, nos status, vamos fazer essa notícia circular! 
🔗 LINK DO POST: https://engaja.pro/pemissao1-03-03",mensagem simples,2026-03-03 08:32:57.689+00,Mobiliza PE,111055674052635@lid,Mobiliza PE,2026-04-18 01:39:35.907327+00
375,Pernambuco,Mobiliza PE,Mobiliza PE,120363405595256912@g.us,3EB0741F1A21F3AE4E6594,"*Bora repetir a dose? Escolhe um desses comentários acima, dá o teu toque pessoal e carimba nos dois links. Vamos mostrar que nossa torcida por esse casal é gigante! 💛*",mensagem simples,2026-02-21 18:59:24.974+00,Mobiliza PE,111055674052635@lid,Mobiliza PE,2026-04-18 01:39:35.907327+00
376,Pernambuco,Mobiliza PE,Mobiliza PE,120363405595256912@g.us,3EB0744ED8C07A1685D20C,"João já provou que sabe fazer, agora é ampliar pro estado inteiro 💛🚀",mensagem simples,2026-04-08 17:51:37.075+00,Mobiliza PE,111055674052635@lid,Mobiliza PE,2026-04-18 01:39:35.907327+00
377,Pernambuco,Mobiliza PE,Mobiliza PE,120363405595256912@g.us,3EB0749177ED67CCF8E76D,"A gente precisa falar dos nossos destaques *TOP 3 Mobilizadores:* 
*Agean Tenorio, Gabriel Morais e João Accioly.* Os homi tavam com tudo e não brincaram em serviço. Parabéns e vamos com tudo!",mensagem simples,2026-04-09 18:20:34.435+00,Mobiliza PE,111055674052635@lid,Mobiliza PE,2026-04-18 01:39:35.907327+00
378,Pernambuco,Mobiliza,Mobiliza,120363425016992076@g.us,3EB07520A8638EF6EBDBDA,"Pernambuco já decidiu no coração, agora falta só confirmar nas urnas, vem meu prefeitoo 💛💛💛💛💛",mensagem simples,2026-03-18 15:37:54.156+00,Mobiliza PE,111055674052635@lid,Mobiliza PE,2026-04-18 01:39:35.907327+00
379,Pernambuco,Lideranças - Mobiliza PE,Lideranças - Mobiliza PE,120363404880079867@g.us,3EB07601512B78AA2EF31D,"O café já tá servido, vambora! 🚨

Estamos ao vivo falando do que importa. Chega junto do bonde pra participar das explanações de hoje.

*Cuida:* https://meet.google.com/npz-izio-miu

Vamos alinhar o ritmo!",mensagem simples,2026-03-11 19:00:25.773+00,Mobiliza PE,111055674052635@lid,Mobiliza PE,2026-04-18 01:39:35.907327+00
380,Pernambuco,Mobiliza,Mobiliza,120363425016992076@g.us,3EB076C7476C7715769FFA,"Pernambuco precisa de alguém que entregue resultado, vem logo, João 💛💛",mensagem simples,2026-03-18 10:29:19.679+00,Mobiliza PE,111055674052635@lid,Mobiliza PE,2026-04-18 01:39:35.907327+00
381,Pernambuco,Mobiliza,Mobiliza,120363425016992076@g.us,3EB0771F6BE4981197BB98,"Não teve R$ 1 da Prefeitura pago para o filho de seu ninguém. Mas o pai de Raquel recebeu dinheiro do estado, sonegou impostos e ainda deixou de pagar a fiscalização por 3 anos. Cadê a CPI de Painho?",mensagem simples,2026-03-03 11:21:30.624+00,Mobiliza PE,111055674052635@lid,Mobiliza PE,2026-04-18 01:39:35.907327+00
382,Pernambuco,Mobiliza,Mobiliza,120363425016992076@g.us,3EB0773E9793D8696F8236,Que bom ouvir um candidato falar com técnica e sem discurso vazio sobre segurança 💛🚀,mensagem simples,2026-04-14 08:21:21.801+00,Mobiliza PE,111055674052635@lid,Mobiliza PE,2026-04-18 01:39:35.907327+00
383,Pernambuco,Mobiliza,Mobiliza,120363425016992076@g.us,3EB077A0EBFEB2E843D396,João Campos vem forte demais. É resultado aparecendo nas pesquisas 💛🚀,mensagem simples,2026-04-08 17:50:40.008+00,Mobiliza PE,111055674052635@lid,Mobiliza PE,2026-04-18 01:39:35.907327+00
384,Pernambuco,Mobiliza,Mobiliza,120363425016992076@g.us,3EB077FFB325B81E6E4D20,"Parece que a oposição tá com tempo de sobra hoje, né? O desespero bateu na porta deles! 💜🤡

Eles querem atenção, mas a gente só vai dar amor... *para os nossos!*

• *NÃO responda aos ataques deles.* Deixa eles passarem vergonha no vácuo. 
• *Vá nos comentários dos nossos amigos e encha de apoio.*

A meta é: Zero respostas para eles e 100% de apoio para os nossos!

*Link direto aos comentários que estão sofrendo ataque organizado:*

*1️⃣Link:* https://www.instagram.com/p/DWyeEItDRwg?comment_id=18108677530657500

*2️⃣Link:* https://www.instagram.com/p/DWyeEItDRwg?comment_id=18108677530657500

*3️⃣Link:* https://www.instagram.com/p/DWyeEItDRwg?comment_id=18390903052156541",mensagem simples,2026-04-06 14:12:22.555+00,Mobiliza PE,111055674052635@lid,Mobiliza PE,2026-04-18 01:39:35.907327+00
385,Pernambuco,Mobiliza,Mobiliza,120363425016992076@g.us,3EB07801B07F3F21E1BA5A,"Psiu, tem alguém ai? 👀",mensagem simples,2026-02-21 21:16:27.785+00,Mobiliza PE,111055674052635@lid,Mobiliza PE,2026-04-18 01:39:35.907327+00
386,Pernambuco,Mobiliza,Mobiliza,120363425016992076@g.us,3EB07A8B103D48A299ECEE,"Quem tem posição de verdade fala assim! Tô junto, tô fechado 💛💛",mensagem simples,2026-03-30 16:29:47.765+00,Mobiliza PE,111055674052635@lid,Mobiliza PE,2026-04-18 01:39:35.907327+00
387,Pernambuco,Mobiliza,Mobiliza,120363425016992076@g.us,3EB07A8D366A3BC6D2276B,"Bom dia, turma! ☀️ MISSÃO DUPLA NA ÁREA

Eita que a quarta-feira amanheceu com a caneta da governadora nervosa, viu? Enquanto nosso prefeito tá lá em Brasília conversando e construindo o futuro, por aqui o clima é de ""vingancinha"" política e corre-corre por cargo. 

É o resumo de agora: *uns fazem barulho e perseguem, outros trabalham e entregam.*
Bora ocupar esse espaço e mostrar que a gente tá de olho? 

*Pernambuco não quer mais briga de bastidor, quer o resultado que o Recife já conhece.*
Passa nesses dois links rapidinho pra gente equilibrar o debate e não deixar os robôs deles falarem sozinhos:
🔗 Missão 1 : https://engaja.pro/missaope-18-03 
🔗Missão 2 : https://engaja.pro/missaope2-18-03",mensagem simples,2026-03-18 10:29:10.268+00,Mobiliza PE,111055674052635@lid,Mobiliza PE,2026-04-18 01:39:35.907327+00
388,Pernambuco,Mobiliza PE,Mobiliza PE,120363405595256912@g.us,3EB07AF42419B522C22CAA,(Mensagem de mídia sem texto),mensagem simples,2026-04-08 08:22:41.593+00,Mobiliza PE,111055674052635@lid,Mobiliza PE,2026-04-18 01:39:35.907327+00
389,Pernambuco,Mobiliza PE,Mobiliza PE,120363405595256912@g.us,3EB07C40FF67EFBE0208B9,*Sugestões de comentário para se inspirar e adaptar do seu jeito:*,mensagem simples,2026-04-10 18:52:12.372+00,Mobiliza PE,111055674052635@lid,Mobiliza PE,2026-04-18 01:39:35.907327+00
390,Pernambuco,Mobiliza PE,Mobiliza PE,120363405595256912@g.us,3EB07C99FEDD0863EA7992,"Quem tem posição de verdade fala assim! Tô junto, tô fechado 💛💛",mensagem simples,2026-03-30 16:29:47.389+00,Mobiliza PE,111055674052635@lid,Mobiliza PE,2026-04-18 01:39:35.907327+00
391,Pernambuco,Mobiliza,Mobiliza,120363425016992076@g.us,3EB07D3E66E1A29FF461A0,(Mensagem de mídia sem texto),mensagem simples,2026-03-23 09:44:07.851+00,Mobiliza PE,111055674052635@lid,Mobiliza PE,2026-04-18 01:39:35.907327+00
392,Pernambuco,Mobiliza PE,Mobiliza PE,120363405595256912@g.us,3EB07D778ECC0CBD4FC014,O sentimento nas ruas já diz tudo: tá chegando a hora do nosso governador! 💛,mensagem simples,2026-04-09 17:46:09.875+00,Mobiliza PE,111055674052635@lid,Mobiliza PE,2026-04-18 01:39:35.907327+00
393,Pernambuco,Mobiliza PE,Mobiliza PE,120363405595256912@g.us,3EB07DCAFD8E285AF2CD66,"*João prometeu e entregou* com pé no chão e muita seriedade. *É a nossa guarda mais moderna, equipada e pronta pra cuidar da gente.* Bora espalhar que o trabalho aqui não para e *Pernambuco merece esse padrão!* 💛🚀

*🚨MISSÃO TRIPLA🚨*

1️⃣ *Guarda Municipal*
https://engaja.pro/missaope03-30-03
https://engaja.pro/missaope04-30-03

2️⃣ *João Governador*
https://engaja.pro/missaope05-30-03
Segue aquele modelo de comentários que mandamos mais cedo, simbora bença 🚀",mensagem simples,2026-03-30 18:26:10.998+00,Mobiliza PE,111055674052635@lid,Mobiliza PE,2026-04-18 01:39:35.907327+00
394,Pernambuco,Mobiliza PE,Mobiliza PE,120363405595256912@g.us,3EB07E1D7D702ADEDBFEBE,"Essa história de 1817 não é só coisa de livro não; é o que a gente faz aqui todo dia quando não aceita conversa fiada e busca o melhor pra cá.

A nossa revolução é contínua: ocupando os espaços e não deixando a mentira vencer. *É massa demais estar no meio de tanta gente com esse mesmo sangue de luta e orgulho no peito.*

Bom feriado, time! 💛🚀
https://www.instagram.com/p/DViji2tEQTR/",mensagem simples,2026-03-06 15:23:46.274+00,Mobiliza PE,111055674052635@lid,Mobiliza PE,2026-04-18 01:39:35.907327+00
395,Pernambuco,Mobiliza PE,Mobiliza PE,120363405595256912@g.us,3EB07E381D67C024955022,"Pernambuco já decidiu no coração, agora falta só confirmar nas urnas, vem meu prefeitoo 💛💛💛💛💛",mensagem simples,2026-03-18 15:33:28.867+00,Mobiliza PE,111055674052635@lid,Mobiliza PE,2026-04-18 01:39:35.907327+00
396,Pernambuco,Mobiliza,Mobiliza,120363425016992076@g.us,3EB07E4EE683A3B98D6EBE,(Mensagem de mídia sem texto),mensagem simples,2026-04-06 14:11:57.184+00,Mobiliza PE,111055674052635@lid,Mobiliza PE,2026-04-18 01:39:35.907327+00
397,Pernambuco,Mobiliza,Mobiliza,120363425016992076@g.us,3EB07E6D3E3815853961F3,"O campo das Princesas é logo ali, vem logo ocupar, joão 💛🚀",mensagem simples,2026-04-16 14:08:51.805+00,Mobiliza PE,111055674052635@lid,Mobiliza PE,2026-04-18 01:39:35.907327+00
398,Pernambuco,Mobiliza PE,Mobiliza PE,120363405595256912@g.us,3EB07E9E5D514A06755C4A,"Minha gente a *nova safra de robôs* da oposição chegou com tudo, *eles estão ocupando* nossos espaços. 
*Não podemos deixar eles dominarem a narrativa!* Vamos pra cima deles. 🚀",mensagem simples,2026-03-25 16:06:46.093+00,Mobiliza PE,111055674052635@lid,Mobiliza PE,2026-04-18 01:39:35.907327+00
399,Pernambuco,Mobiliza,Mobiliza,120363425016992076@g.us,3EB07F1E3ECAA67ABF3C45,Deixar a prefeitura em boas mãos e ainda assim continuar com aquela energia toda… esse homem não para. Pernambuco merece esse nível de comprometimento 💛💛,mensagem simples,2026-04-02 12:31:16.7+00,Mobiliza PE,111055674052635@lid,Mobiliza PE,2026-04-18 01:39:35.907327+00
400,Pernambuco,Mobiliza PE,Mobiliza PE,120363405595256912@g.us,3EB07F519E24463D677789,"Recife, divide o nosso prefeito com Pernambuco porque o estado precisa crescer. 💛",mensagem simples,2026-03-27 16:23:33.877+00,Mobiliza PE,111055674052635@lid,Mobiliza PE,2026-04-18 01:39:35.907327+00
401,Pernambuco,Mobiliza PE,Mobiliza PE,120363405595256912@g.us,3EB07FBE706909D4A9410B,"🚨 MISSÃO NOVA NA ÁREA 🚨

João tá em ação! Como é bom ver *gente que não tem medo de encarar os desafios.* É por essa força que estamos aqui! Bora fazer o estado brilhar! 💛

*1️⃣ Bora moer nos comentários 🚀*

*2️⃣ Link:* https://engaja.pro/missaope01-15-04",mensagem simples,2026-04-15 12:10:24.967+00,Mobiliza PE,111055674052635@lid,Mobiliza PE,2026-04-18 01:39:35.907327+00
402,Pernambuco,Mobiliza,Mobiliza,120363425016992076@g.us,3EB07FBE9F53DA4F67CA16,"Enquanto restauração tá caindo teto, dinheiro público vai pra instituto de pesquisa falsa",mensagem simples,2026-04-08 06:39:23.136+00,Mobiliza PE,111055674052635@lid,Mobiliza PE,2026-04-18 01:39:35.907327+00
403,Pernambuco,Mobiliza,Mobiliza,120363425016992076@g.us,3EB08001F52B69C34502CE,(Mensagem de mídia sem texto),mensagem simples,2026-04-06 14:12:13.319+00,Mobiliza PE,111055674052635@lid,Mobiliza PE,2026-04-18 01:39:35.907327+00
404,Pernambuco,Lideranças - Mobiliza PE,Lideranças - Mobiliza PE,120363404880079867@g.us,3EB080255B4475F043A503,"Ó… não vai se confundir, viu.
Hoje é 19h.
Não aparece 18h45 querendo adiantar o frevo. haha.

Contamos com vocês para reforçar com as bases e organizar a mobilização.
Vamos trazer João Campos ainda mais pra perto do movimento e garantir que essa força continue crescendo.

Ajusta os ponteiros e reserva esse horário. Vai ser rápido, estratégico e importante.

Link para nosso papo:  https://meet.google.com/tif-zugp-sqg",mensagem simples,2026-02-25 15:04:03.923+00,Mobiliza PE,111055674052635@lid,Mobiliza PE,2026-04-18 01:39:35.907327+00
405,Pernambuco,Mobiliza PE,Mobiliza PE,120363405595256912@g.us,3EB0803B941A2D0C5E60AF,"🚨 *MISSÃO NOVA NA ÁREA* 🚨

Eita, minha gente! João Campos tá agarrado na *missão de transformar a segurança em Pernambuco!* Vai ser um trabalho técnico e firme, sem politicagem, e com atenção especial às mulheres.

É hora da gente se unir e dar uma força pra essa causa que vai *deixar nossa terra mais segura e justa.*

1️⃣ *Vamos comentar muito, pessoal!!*

🔗Link: https://engaja.pro/missao01-14-04",mensagem simples,2026-04-14 08:15:21.837+00,Mobiliza PE,111055674052635@lid,Mobiliza PE,2026-04-18 01:39:35.907327+00
406,Pernambuco,Mobiliza,Mobiliza,120363425016992076@g.us,3EB0803BFD526ECECB8DA1,"Pega uma verdade aqui embaixo, e cria teu comentário pra soltar lá:",mensagem simples,2026-04-08 06:39:02.877+00,Mobiliza PE,111055674052635@lid,Mobiliza PE,2026-04-18 01:39:35.907327+00
407,Pernambuco,Mobiliza PE,Mobiliza PE,120363405595256912@g.us,3EB0806409DEFF3BA7B7DE,*Mensagens sugeridas pra você adaptar pra o seu jeito:*,mensagem simples,2026-03-03 11:18:11.069+00,Mobiliza PE,111055674052635@lid,Mobiliza PE,2026-04-18 01:39:35.907327+00
408,Pernambuco,Mobiliza PE,Mobiliza PE,120363405595256912@g.us,3EB0808CFEA08E39CB129D,"🚨*CHEGA AQUI MEU PATRÃO, TEM MAIS UMA MISSÃO DUPLA PRA GENTE FAZER*🚨


*EITA QUE VAI SER NO PRIMEIRO TURNO MESMO!* Enquanto isso, Raquel parece que já se rendeu ao  💛💛💛💛💛💛

*Simbora nos DOIS LINKS mostrar por que nosso governador vai vencer no primeiro turno.*

1️⃣ Link: https://engaja.pro/missaope03-16-04

2️⃣ Link: https://engaja.pro/missaope04-1604",mensagem simples,2026-04-16 16:01:24.34+00,Mobiliza PE,111055674052635@lid,Mobiliza PE,2026-04-18 01:39:35.907327+00
409,Pernambuco,Mobiliza PE,Mobiliza PE,120363405595256912@g.us,3EB080D0EE4144108CD209,"Pernambuco merece um governo que enfrenta os problemas de frente, assim como João sempre fez. 🚀💛",mensagem simples,2026-04-06 16:52:28.249+00,Mobiliza PE,111055674052635@lid,Mobiliza PE,2026-04-18 01:39:35.907327+00
410,Pernambuco,Mobiliza,Mobiliza,120363425016992076@g.us,3EB082B21EC53B80B83807,"*🚨MISSÃO NA ÁREA DE BOM DIA* 

Link: https://engaja.pro/09-04-engaja

*Trabalho só rende quando tem mais gente caminhando junto, visse?*

Hoje o dia começou celebrando com essa turma que não tem hora e nem tempo ruim pra fazer Pernambuco avançar.

*Simbora chegar lá nos comentários e reforçar que juntos a gente é mais forte!*

#PEpraFrente

💛🚀",mensagem simples,2026-04-09 10:29:37.445+00,Mobiliza PE,111055674052635@lid,Mobiliza PE,2026-04-18 01:39:35.907327+00
411,Pernambuco,Mobiliza PE,Mobiliza PE,120363405595256912@g.us,3EB08312F3198C21649E48,"🚨*CUIDA CUIDA, QUE O RANKING CHEGOU!!*🚨

Sabe aquele *bora comigo* que você disse para alguém? 
Ele valeu ouro! No Mobiliza PE, a gente entende que cada pessoa nova que chega é uma história que se soma à nossa. 
Trazer gente para o mobiliza vai muito além de números; é sobre fortalecer nossa corrente com quem a gente confia. 

*ESTÃO PREPARADOS?!* 💛💛💛",mensagem simples,2026-04-09 18:19:58.286+00,Mobiliza PE,111055674052635@lid,Mobiliza PE,2026-04-18 01:39:35.907327+00
412,Pernambuco,Mobiliza PE,Mobiliza PE,120363405595256912@g.us,3EB0831B34EBA370B7C197,Deixar a prefeitura em boas mãos e ainda assim continuar com aquela energia toda… esse homem não para. Pernambuco merece esse nível de comprometimento 💛💛,mensagem simples,2026-04-02 12:29:17.687+00,Mobiliza PE,111055674052635@lid,Mobiliza PE,2026-04-18 01:39:35.907327+00
413,Pernambuco,Mobiliza,Mobiliza,120363425016992076@g.us,3EB0832C9ADEF6D7467893,"*🚨MISSÃO NOVA, GALERA🚨*

Enquanto gastam quase 300 mil com pesquisa fake a gente ainda que ler esse tipo de coisa... 

Nós sabemos da verdade, *então vamos lá bombar os comentários e mostrar que João tem força e tem a gente!* 💛🚀

*1️⃣ Link:*  https://engaja.pro/missaope05-08-04",mensagem simples,2026-04-08 14:41:58.322+00,Mobiliza PE,111055674052635@lid,Mobiliza PE,2026-04-18 01:39:35.907327+00
414,Pernambuco,Mobiliza,Mobiliza,120363425016992076@g.us,3EB083BC3CF94EAFDA0B73,"Recife libera João porque Pernambuco tá precisando um bocado, vem logo 💛💛💛",mensagem simples,2026-03-19 12:47:37.957+00,Mobiliza PE,111055674052635@lid,Mobiliza PE,2026-04-18 01:39:35.907327+00
415,Pernambuco,Lideranças - Mobiliza PE,Lideranças - Mobiliza PE,120363404880079867@g.us,3EB08408449408A0F1766E,"*E aí lideres! Lembrando que hoje é o nosso dia!*

Às 19h nos encontramos pra trocar aquela ideia. Tem muita coisa que queremos compartilhar com vocês, e também saber de vocês o que vocês estão vendo aí no campo.

*Já coloca aí o lembrete, pra nem correr o risco de esquecer!*",mensagem simples,2026-03-04 11:35:22.432+00,Mobiliza PE,111055674052635@lid,Mobiliza PE,2026-04-18 01:39:35.907327+00
416,Pernambuco,Mobiliza PE,Mobiliza PE,120363405595256912@g.us,3EB084EF0A7B271B9F50A7,Do Recife pra todo Pernambuco… tá chegando a hora! 💛💛,mensagem simples,2026-04-09 17:46:12.576+00,Mobiliza PE,111055674052635@lid,Mobiliza PE,2026-04-18 01:39:35.907327+00
417,Pernambuco,Mobiliza PE,Mobiliza PE,120363405595256912@g.us,3EB084FA5F5FB11EF4D38D,Raquel num falou que tinha feito obra? Cadê a obra mulher?? kkkkk chove e aparece tudo.,mensagem simples,2026-04-07 16:32:12.693+00,Mobiliza PE,111055674052635@lid,Mobiliza PE,2026-04-18 01:39:35.907327+00
418,Pernambuco,Mobiliza,Mobiliza,120363425016992076@g.us,3EB085A901D4F24D28A8D9,O trabalho não para e agora o estado todo quer esse resultado 💛💛,mensagem simples,2026-03-27 13:05:40.353+00,Mobiliza PE,111055674052635@lid,Mobiliza PE,2026-04-18 01:39:35.907327+00
419,Pernambuco,Mobiliza PE,Mobiliza PE,120363405595256912@g.us,3EB085DA81974E08F86019,"Quando o resultado aparece assim, não tem dúvida de pra onde vai o voto 💛💛🚀",mensagem simples,2026-04-01 18:50:26.62+00,Mobiliza PE,111055674052635@lid,Mobiliza PE,2026-04-18 01:39:35.907327+00
420,Pernambuco,Mobiliza,Mobiliza,120363425016992076@g.us,3EB085DAF25703D308FD22,*A boa da sugestão pra tu não passar batido:*,mensagem simples,2026-04-14 18:13:58.66+00,Mobiliza PE,111055674052635@lid,Mobiliza PE,2026-04-18 01:39:35.907327+00
421,Pernambuco,Mobiliza PE,Mobiliza PE,120363405595256912@g.us,3EB085EDC43924F273D44E,Já votaram até o impeachment e perderam a votação. CPI é circo político. Oposição tá desesperada...,mensagem simples,2026-03-03 11:19:51.289+00,Mobiliza PE,111055674052635@lid,Mobiliza PE,2026-04-18 01:39:35.907327+00
422,Pernambuco,Mobiliza,Mobiliza,120363425016992076@g.us,3EB086161F70EF0C4350B7,O povo reconhece quem trabalha 💛🚀,mensagem simples,2026-04-08 17:50:39.118+00,Mobiliza PE,111055674052635@lid,Mobiliza PE,2026-04-18 01:39:35.907327+00
423,Pernambuco,Mobiliza,Mobiliza,120363425016992076@g.us,3EB086ABE7A64EC5D918AE,"Cuida, pega o comentário pra se inspirar:",mensagem simples,2026-04-01 18:49:39.076+00,Mobiliza PE,111055674052635@lid,Mobiliza PE,2026-04-18 01:39:35.907327+00
424,Pernambuco,Mobiliza PE,Mobiliza PE,120363405595256912@g.us,3EB087525DB590D94707F8,"O povo do Sertão merece um governador que chega com respeito antes mesmo de chegar com promessa. João já começa assim. Tô dentro, de cabeça e de coração. 🚀💛",mensagem simples,2026-04-06 09:36:38.979+00,Mobiliza PE,111055674052635@lid,Mobiliza PE,2026-04-18 01:39:35.907327+00
425,Pernambuco,Mobiliza,Mobiliza,120363425016992076@g.us,3EB0878483C4E321D071BD,"🚨*MISSÃO PRA GENTE*🚨

Ei, visse que coisa? Na hora do celular é um jeito, mas no olho no olho a máscara cai. *Aqui no nosso grupo a gente joga limpo.* O trabalho não para e a gente também não!

Simbora galera, *vamos COMPARTILHAR* ao máximo!!!

🔗Link: https://engaja.pro/missaope02-14-04",mensagem simples,2026-04-14 14:12:35.564+00,Mobiliza PE,111055674052635@lid,Mobiliza PE,2026-04-18 01:39:35.907327+00
426,Pernambuco,Mobiliza,Mobiliza,120363425016992076@g.us,3EB0881250EBEAC4190068,Eduardo foi o melhor parceiro que Lula já teve. Agora vai ser João 💛💛,mensagem simples,2026-03-28 14:59:40.836+00,Mobiliza PE,111055674052635@lid,Mobiliza PE,2026-04-18 01:39:35.907327+00
427,Pernambuco,Mobiliza PE,Mobiliza PE,120363405595256912@g.us,3EB0882064B0FE3C3F4C78,"Quem mora no interior sabe bem o peso disso. A gente atravessa a divisa e parece outro mundo. Pernambuco merece muito mais, e com João Campos no governo vai ser diferente 💛",mensagem simples,2026-04-06 16:52:48.327+00,Mobiliza PE,111055674052635@lid,Mobiliza PE,2026-04-18 01:39:35.907327+00
428,Pernambuco,Mobiliza PE,Mobiliza PE,120363405595256912@g.us,3EB0888FA8A9B86EB15815,(Mensagem de mídia sem texto),mensagem simples,2026-04-06 14:10:29.458+00,Mobiliza PE,111055674052635@lid,Mobiliza PE,2026-04-18 01:39:35.907327+00
429,Pernambuco,Mobiliza,Mobiliza,120363425016992076@g.us,3EB088A0A71FA7E32D570B,O sentimento nas ruas já diz tudo: tá chegando a hora do nosso governador! 💛,mensagem simples,2026-04-09 17:45:38.294+00,Mobiliza PE,111055674052635@lid,Mobiliza PE,2026-04-18 01:39:35.907327+00
430,Pernambuco,Mobiliza,Mobiliza,120363425016992076@g.us,3EB089035D07036E6F6E4D,"🚨*BORA PARA MAIS UMA MISSÃO NA PEGADA DO PRIMEIRO TURNO!* 🚨

*É NO PRIMEIRO TURNO!*
Enquanto Raquel tá lá se rendendo ao 💛, a gente está aqui arregaçando as mangas! #PEpraFrente

Link: https://engaja.pro/misssaope05-16-04",mensagem simples,2026-04-16 17:00:20.513+00,Mobiliza PE,111055674052635@lid,Mobiliza PE,2026-04-18 01:39:35.907327+00
431,Pernambuco,Mobiliza PE,Mobiliza PE,120363405595256912@g.us,3EB08949DDC1698DB7A7E1,"A máquina do estado deveria servir ao povo, não perseguir oposição!",mensagem simples,2026-04-10 18:52:16.715+00,Mobiliza PE,111055674052635@lid,Mobiliza PE,2026-04-18 01:39:35.907327+00
432,Pernambuco,Mobiliza,Mobiliza,120363425016992076@g.us,3EB0899175B0FE2F9572B2,*Se liga nos comentários pra tu se inspirar*,mensagem simples,2026-04-08 09:56:35.35+00,Mobiliza PE,111055674052635@lid,Mobiliza PE,2026-04-18 01:39:35.907327+00
433,Pernambuco,Mobiliza PE,Mobiliza PE,120363405595256912@g.us,3EB08A1BA3055BA8B95563,João entregou mais uma! Tô fechado com esse candidato ao governo do estado 💛🚀,mensagem simples,2026-03-30 18:28:30.165+00,Mobiliza PE,111055674052635@lid,Mobiliza PE,2026-04-18 01:39:35.907327+00
434,Pernambuco,Mobiliza PE,Mobiliza PE,120363405595256912@g.us,3EB08A412E8BA25695FF6E,"*🚨 MISSÃO NA ÁREA*

É cada uma, viu? Tinha gente jurando que o HR tava padrão Europa *depois de tanta propaganda de reforma, mas bastou um toró pra calha entregar o jogo.* É muita conversa pra pouco reboco! *Enquanto uns vivem de post bonitinho dizendo que tá tudo em ordem, a realidade aparece na primeira chuva.* A sorte é que o time do trabalho é ligeiro e resolve a bronca que os outros tentam esconder com filtro de Instagram. *Tá em ordem ou tá em água, hein?*

*1️⃣ Galera, vamos compartilhar muito pra todo mundo ver a realidade de quem só promete*

*2️⃣ Link:* https://engaja.pro/missaope01-07-04",mensagem simples,2026-04-07 16:31:54.674+00,Mobiliza PE,111055674052635@lid,Mobiliza PE,2026-04-18 01:39:35.907327+00
435,Pernambuco,Mobiliza,Mobiliza,120363425016992076@g.us,3EB08A4EF4FF02BC3F6C54,*COMENTÁRIOS PARA VOCÊ SE INSPIRAR (não copie e cole):*,mensagem simples,2026-03-27 13:05:27.476+00,Mobiliza PE,111055674052635@lid,Mobiliza PE,2026-04-18 01:39:35.907327+00
436,Pernambuco,Lideranças - Mobiliza PE,Lideranças - Mobiliza PE,120363404880079867@g.us,3EB08B795C180F97DCB422,"Bom dia, lideranças! 💛

Passando para relembrar a missão de ontem:

Queremos que cada cidade tenha um perfil de apoio ao João Campos no instagram . 🚀


*Como fazer:*

1. Pesquise no Instagram se já existe um perfil de apoio na sua cidade. Se existir, entre em contato com quem cuida e me manda o link.

2. Se não existir, crie um. É só abrir o Instagram, clicar em ""Criar conta"" e usar a seguinte estrutura: *@tocomjoao + nome da sua cidade* _(ex: @tocomjoaocaruaru)_.

3. No conteúdo, não precisa inventar nada ou se preocupar com mais uma demanda: basta replicar o que João e a gente já posta. Se quiser adicionar algo próprio de apoio, fique à vontade.

4. *Me manda o link do perfil da sua cidade!* Vamos montar uma grande teia de colaborações por todo o estado. 🚀


*Prazo: até a próxima quarta-feira (15).* Sem correria, mas sem deixar passar. Cada perfil que aparece aqui é mais uma cidade na rede. 💛

*Não tem prática com o digital?* Sem problema: pensa em alguém de confiança perto de você pra tocar isso junto. Você mobiliza, ela ou ele cuida da parte técnica.

Cada cidade com sua voz, todas conectadas. Juntos, a gente cobre Pernambuco inteiro. 💛",mensagem simples,2026-04-09 10:03:13.38+00,Mobiliza PE,111055674052635@lid,Mobiliza PE,2026-04-18 01:39:35.907327+00
437,Pernambuco,Mobiliza PE,Mobiliza PE,120363405595256912@g.us,3EB08B8A28D754F7FE0223,"*Sugestão de comentarios , sem copia e cola, vamos nessa!!*",mensagem simples,2026-04-14 08:18:03.828+00,Mobiliza PE,111055674052635@lid,Mobiliza PE,2026-04-18 01:39:35.907327+00
438,Pernambuco,Mobiliza PE,Mobiliza PE,120363405595256912@g.us,3EB08BF3AC66CEC051E076,"CPI do Circo, só se for. A questão já foi resolvida. É página virada.",mensagem simples,2026-03-02 17:22:55.757+00,Mobiliza PE,111055674052635@lid,Mobiliza PE,2026-04-18 01:39:35.907327+00
439,Pernambuco,Lideranças - Mobiliza PE,Lideranças - Mobiliza PE,120363404880079867@g.us,3EB08C80FCDFEAD179A632,"A ideia é não deixar ninguém no vácuo na hora de entrar e, que todos possam fazer parte da comunidade, e não esquecendo principalmente de garantir que ninguém fique de *fora do nosso Ranking Semanal!*

Quem já alinhou com a turma, tá gerando com tudo! Quem ainda não viu, dá esse grauzinho pra gente subir o nível. Tamo junto!",mensagem simples,2026-04-15 10:23:39.155+00,Mobiliza PE,111055674052635@lid,Mobiliza PE,2026-04-18 01:39:35.907327+00
440,Pernambuco,Mobiliza PE,Mobiliza PE,120363405595256912@g.us,3EB08CA73B1D41A2B41FB7,"Olha esse vídeo, minha gente! *João encerra o ciclo na prefeitura com a moral lá no teto: 75% de aprovação.* É o reconhecimento de quem viu o Recife mudar de verdade com muito trabalho e energia. Dá um orgulho danado ver que o esforço valeu a pena e o povo tá junto. 
*Bora compartilhar nos grupos, nos stories, status em todo canto pra todo mundo ver esse resultado!*",mensagem simples,2026-04-06 15:09:51.483+00,Mobiliza PE,111055674052635@lid,Mobiliza PE,2026-04-18 01:39:35.907327+00
441,Pernambuco,Mobiliza PE,Mobiliza PE,120363405595256912@g.us,3EB08CAE4780B29A6AC4AD,"Psiu, tem alguém ai? 👀",mensagem simples,2026-02-21 21:12:35.376+00,Mobiliza PE,111055674052635@lid,Mobiliza PE,2026-04-18 01:39:35.907327+00
442,Pernambuco,Mobiliza PE,Mobiliza PE,120363405595256912@g.us,3EB08CF39C28B502ED6277,"No Recife foi assim, no estado vai ser igual. Quem entrega não tem medo de desafio 💛💛",mensagem simples,2026-04-14 16:27:10.261+00,Mobiliza PE,111055674052635@lid,Mobiliza PE,2026-04-18 01:39:35.907327+00
443,Pernambuco,Mobiliza PE,Mobiliza PE,120363405595256912@g.us,3EB08DAE7092E0A2957A84,É o time perfeito pra fazer mais pelo interior 💛💛,mensagem simples,2026-03-28 16:16:35.849+00,Mobiliza PE,111055674052635@lid,Mobiliza PE,2026-04-18 01:39:35.907327+00
444,Pernambuco,Mobiliza PE,Mobiliza PE,120363405595256912@g.us,3EB08DF3DF78FF14493E74,Arquivam a CPI Bilionária do primo de Raquel Lyra e ninguém veio aqui falar nada… 💛,mensagem simples,2026-03-03 11:18:26.072+00,Mobiliza PE,111055674052635@lid,Mobiliza PE,2026-04-18 01:39:35.907327+00
445,Pernambuco,Mobiliza PE,Mobiliza PE,120363405595256912@g.us,3EB08E0DA9F85E9AD3D04A,A pesquisa só colocou número no que já era certeza 💛💛,mensagem simples,2026-04-16 14:07:53.895+00,Mobiliza PE,111055674052635@lid,Mobiliza PE,2026-04-18 01:39:35.907327+00
446,Pernambuco,Lideranças - Mobiliza PE,Lideranças - Mobiliza PE,120363404880079867@g.us,3EB08E86CA7792B7D7D10E,"E aí, lideranças? 15 minutinhos para o nosso encontro e por aqui já estamos naquela expectativa. ⏳

Bora entrando pra gente aproveitar cada segundo dessa conversa antes do grupão chegar às 19h30. Tem ferramenta nova pra gente testar e aquele espaço pra ouvir o que vocês estão sentindo do clima nas ruas.

https://meet.google.com/npz-izio-miu

Já organiza o café por aí e vamos *ajustar o passo pra levar esse ritmo da capital pro estado todo!* ☕️🔥",mensagem simples,2026-03-04 18:45:09.664+00,Mobiliza PE,111055674052635@lid,Mobiliza PE,2026-04-18 01:39:35.907327+00
447,Pernambuco,Mobiliza,Mobiliza,120363425016992076@g.us,3EB08EBB444BE2DBC9D659,"Hoje celebramos a *Data Magna de Pernambuco*, para lembrar que o *pernambucano não espera o futuro, a gente faz ele acontecer.*",mensagem simples,2026-03-06 15:27:48.893+00,Mobiliza PE,111055674052635@lid,Mobiliza PE,2026-04-18 01:39:35.907327+00
448,Pernambuco,Mobiliza PE,Mobiliza PE,120363405595256912@g.us,3EB08F65E748E38FA5FBD8,"Eita, que energia da gota! Essa reunião de hoje foi diferenciada, visse? Muita gente nova chegando junto, contribuição de alto nível e aquele sentimento de que o time tá mais unido que nunca. E o pré-treino da Maria Alves? A bicha tá focada e mostrou que o Mobiliza PE não é só conversa, é força bruta e vontade de transformar!",mensagem simples,2026-04-01 20:45:33.837+00,Mobiliza PE,111055674052635@lid,Mobiliza PE,2026-04-18 01:39:35.907327+00
449,Pernambuco,Mobiliza,Mobiliza,120363425016992076@g.us,3EB08F8D084ACF1CE013D9,"O trabalho não para e agora o estado todo precisa de você, João! 💛💛💛",mensagem simples,2026-03-27 13:06:15.466+00,Mobiliza PE,111055674052635@lid,Mobiliza PE,2026-04-18 01:39:35.907327+00
450,Pernambuco,Mobiliza,Mobiliza,120363425016992076@g.us,3EB09050FEE076A8BB0414,"João, pelo amor de Deus, assume logo Pernambuco!",mensagem simples,2026-03-25 15:56:16.914+00,Mobiliza PE,111055674052635@lid,Mobiliza PE,2026-04-18 01:39:35.907327+00
451,Pernambuco,Mobiliza,Mobiliza,120363425016992076@g.us,3EB090551E7EE252DC5F54,*Pega a sugestão de comentário e adapta do teu jeitinho:*,mensagem simples,2026-04-14 16:25:49.821+00,Mobiliza PE,111055674052635@lid,Mobiliza PE,2026-04-18 01:39:35.907327+00
452,Pernambuco,Mobiliza PE,Mobiliza PE,120363405595256912@g.us,3EB0908298DDEC7032F212,"Turma, viram essa? R$ 160 milhões pra uma empresa que nem podia assinar contrato com o governo. 🤡

*Enquanto aqui no Recife a gente vê obra entregue antes do prazo, lá no Estado é esse rolo de carona em licitação e pagamento sem comprovação.* O dinheiro da educação indo pra empresa inidônea.

Passa lá no link pra deixar aquele comentário esperto. Bora mostrar que Pernambuco tá vendo tudo! 🚀💛
https://engaja.pro/missaope1-11-03",mensagem simples,2026-03-11 20:09:35.726+00,Mobiliza PE,111055674052635@lid,Mobiliza PE,2026-04-18 01:39:35.907327+00
453,Pernambuco,Mobiliza,Mobiliza,120363425016992076@g.us,3EB09193270B4648B5FA6A,Esse momento emocionante só me faz pensar em Eduardo. Imagina a felicidade que ele estaria em ver esses dois casando hoje 💛💛🕊️,mensagem simples,2026-02-21 17:15:50.567+00,Mobiliza PE,111055674052635@lid,Mobiliza PE,2026-04-18 01:39:35.907327+00
454,Pernambuco,Mobiliza PE,Mobiliza PE,120363405595256912@g.us,3EB091A6AB949D198911DF,Meu governador tá chegando! 💛,mensagem simples,2026-03-31 08:21:28.829+00,Mobiliza PE,111055674052635@lid,Mobiliza PE,2026-04-18 01:39:35.907327+00
455,Pernambuco,Mobiliza,Mobiliza,120363425016992076@g.us,3EB091D46EFB892602852E,"E vamos de *MISSÃO DUPLA*

*Missão 4:* https://engaja.pro/pemissao4-21-02
*Missão 5:* https://engaja.pro/pemissao5-21-02

*Alguém mais está acompanhando essas postagens e pensando em como Eduardo estaria orgulhoso hoje?* 🥹 
É o ciclo da vida acontecendo do jeito mais bonito. Vamos chegar nessas outras postagens e fazer um corredor de boas vibrações? *É pra encher de comentário positivo!* 🥂💛",mensagem simples,2026-02-21 18:55:32.043+00,Mobiliza PE,111055674052635@lid,Mobiliza PE,2026-04-18 01:39:35.907327+00
456,Pernambuco,Mobiliza PE,Mobiliza PE,120363405595256912@g.us,3EB091FF7863482D309FE2,"*E os comentários já estão no gatilho por aí, né?*",mensagem simples,2026-04-16 17:00:35.674+00,Mobiliza PE,111055674052635@lid,Mobiliza PE,2026-04-18 01:39:35.907327+00
457,Pernambuco,Mobiliza,Mobiliza,120363425016992076@g.us,3EB0921FC3619FA5A7DA6F,"*Bora repetir a dose? Escolhe um desses comentários acima, dá o teu toque pessoal e carimba nos dois links. Vamos mostrar que nossa torcida por esse casal é gigante! 💛*",mensagem simples,2026-02-21 18:57:50.388+00,Mobiliza PE,111055674052635@lid,Mobiliza PE,2026-04-18 01:39:35.907327+00
458,Pernambuco,Mobiliza,Mobiliza,120363425016992076@g.us,3EB09317627B24104F790B,Isso é o que chama de gestão pública? Gastar 281 mil em pesquisa falsa? Vergonha desse governo de raquel,mensagem simples,2026-04-08 14:42:02.708+00,Mobiliza PE,111055674052635@lid,Mobiliza PE,2026-04-18 01:39:35.907327+00
459,Pernambuco,Mobiliza PE,Mobiliza PE,120363405595256912@g.us,3EB0932A7E17A01C53D634,"*Bom dia, galera desenrolada! Sabadou com S de Simbora, meu povo!* 

O Mobiliza PE não para nem no final de semana, porque o time tá crescendo e *a gente quer ver o interior em peso botando o bloco na rua.*

Vamos mostrar que o nosso time tá aumentando e que tem gente de todo canto chegando pra somar nesse projeto. *É hora de mostrar a força de cada cidade e valorizar quem tá chegando agora!* 

A missão é dar as boas-vindas ao novo reforço do PSB, Charlles Rekson, que chega com o gás todo pra rodar esse Pernambuco de ponta a ponta! *_É missão de compartilhamento e valorização, pra ninguém dizer que a gente tá parado._*

*Bora moer, Pernambuco!*",mensagem simples,2026-03-28 11:50:24.216+00,Mobiliza PE,111055674052635@lid,Mobiliza PE,2026-04-18 01:39:35.907327+00
460,Pernambuco,Mobiliza PE,Mobiliza PE,120363405595256912@g.us,3EB093658D3CC1A8B1EF04,"Boa tarde, pessoal! MAIS UMA MISSÃO DUPLA QUENTINHA 🚀

*Nossa chapa tá fechada* e o coração tá como? Amarelou geral! 💛

Enquanto o lado de lá espalha falsidade e fake news pra chamar atenção, *a gente mostra o que realmente importa: tem grupo, tem projeto e tem o povo junto.*

Passa lá no link e deixa sua mensagem de apoio. Vamos mostrar que Pernambuco já escolheu o caminho do trabalho:

🔗 Missão 1: https://engaja.pro/missaope3-18-03
🔗 Missão 2: https://engaja.pro/missaope4-18-03",mensagem simples,2026-03-18 15:32:56.976+00,Mobiliza PE,111055674052635@lid,Mobiliza PE,2026-04-18 01:39:35.907327+00
461,Pernambuco,Mobiliza,Mobiliza,120363425016992076@g.us,3EB0939927777516878B98,"Que coisa linda! É isso que a população quer, melhora de vida 💛💛💛",mensagem simples,2026-03-03 08:39:08.965+00,Mobiliza PE,111055674052635@lid,Mobiliza PE,2026-04-18 01:39:35.907327+00
462,Pernambuco,Mobiliza,Mobiliza,120363425016992076@g.us,3EB094368D002CA7793FCF,"*Seguindo as mesmas sugestões de comentários, e sem copiar, simbora*",mensagem simples,2026-04-16 16:02:58.597+00,Mobiliza PE,111055674052635@lid,Mobiliza PE,2026-04-18 01:39:35.907327+00
463,Pernambuco,Mobiliza PE,Mobiliza PE,120363405595256912@g.us,3EB095184213569D9E424F,"*🚨MISSÃO NOVA, GALERA!!🚨*

Tem gente que deve tá procurando onde enfiar a cara depois dessa pesquisa, visse?

*1️⃣ Bora comentar bastante por lá 💛*

*2️⃣ LINK:* https://engaja.pro/missaope06-08-04",mensagem simples,2026-04-08 17:51:32.176+00,Mobiliza PE,111055674052635@lid,Mobiliza PE,2026-04-18 01:39:35.907327+00
464,Pernambuco,Mobiliza PE,Mobiliza PE,120363405595256912@g.us,3EB0953DC4B5F01FC55E84,"*E pega aí uma sugestão de comentário pra adaptar do seu jeitinho!*

Vem, João, fazer essa transformação em todo o nosso estado 💛

magina esse trabalho chegando no interior, Pernambuco merece crescer também 💛

Recife divide o João com a gente, o estado precisa dessa gestão 💛💛💛

Bora pro Governo, João, Pernambuco não pode mais esperar 💛💛

O modelo do Recife precisa ser o modelo de todo Pernambuco 💛💛💛

Trabalho que orgulha, agora queremos essa energia no estado todo 💛",mensagem simples,2026-03-12 13:25:44.999+00,Mobiliza PE,111055674052635@lid,Mobiliza PE,2026-04-18 01:39:35.907327+00
465,Pernambuco,Mobiliza,Mobiliza,120363425016992076@g.us,3EB0954AA0273AB87EAEC1,"Aproveitem aí que os comentários já estão no gatilho e vamos de missão dupla, meu povo?",mensagem simples,2026-04-02 19:18:23.183+00,Mobiliza PE,111055674052635@lid,Mobiliza PE,2026-04-18 01:39:35.907327+00
466,Pernambuco,Mobiliza PE,Mobiliza PE,120363405595256912@g.us,3EB09559DB379AACEDE4BB,"Recife libera João porque Pernambuco tá precisando um bocado, vem logo 💛💛💛",mensagem simples,2026-03-18 10:28:03.768+00,Mobiliza PE,111055674052635@lid,Mobiliza PE,2026-04-18 01:39:35.907327+00
467,Pernambuco,Mobiliza PE,Mobiliza PE,120363405595256912@g.us,3EB095E3DE0F11998DB920,Eduardo foi o melhor parceiro que Lula já teve. Agora vai ser João 💛💛,mensagem simples,2026-03-28 16:16:28.886+00,Mobiliza PE,111055674052635@lid,Mobiliza PE,2026-04-18 01:39:35.907327+00
468,Pernambuco,Mobiliza PE,Mobiliza PE,120363405595256912@g.us,3EB095F0925F48F18EAC2F,"*O time já tá em campo! 🏟️*

*A reunião do Mobiliza acabou de começar.* Chega junto pra gente fortalecer nossa rede, porque enquanto uns criam ficção na internet, a gente organiza a realidade aqui. Simbora?

Vem com a gente: https://meet.google.com/tif-zugp-sqg",mensagem simples,2026-03-18 19:30:24.874+00,Mobiliza PE,111055674052635@lid,Mobiliza PE,2026-04-18 01:39:35.907327+00
469,Pernambuco,Mobiliza PE,Mobiliza PE,120363405595256912@g.us,3EB0961555DBD826410153,"*Estamos subindo o nível, entrando numa nova fase*, por isso não podemos adiar nossa conversa de hoje.

*#VEMJOAO* ser governador de Pernambuco e *vem você também* participar desse momento: https://engaja.pro/encontro-mobilizape

*Nosso encontro acontece às 19h30*",mensagem simples,2026-03-25 17:38:13.811+00,Mobiliza PE,111055674052635@lid,Mobiliza PE,2026-04-18 01:39:35.907327+00
470,Pernambuco,Lideranças - Mobiliza PE,Lideranças - Mobiliza PE,120363404880079867@g.us,3EB0962469AD94E02E6E1C,"Galera, eu adotei um pombo e ele se chama Zeca. 

*Mesmo que hoje seja 1º de Abril, o nosso encontro de mais tarde as 19h ainda ta de pé 👊*

Bom dia, simbora! 💛🚀",mensagem simples,2026-04-01 10:46:38.991+00,Mobiliza PE,111055674052635@lid,Mobiliza PE,2026-04-18 01:39:35.907327+00
471,Pernambuco,Mobiliza,Mobiliza,120363425016992076@g.us,3EB0964F3E2CA076743E50,"Mas a gestão raquel isse que tava tudo em ordem hein. Tá em ordem não, tá em água! kkkkkk mentira descarada.",mensagem simples,2026-04-07 16:30:52.084+00,Mobiliza PE,111055674052635@lid,Mobiliza PE,2026-04-18 01:39:35.907327+00
472,Pernambuco,Mobiliza,Mobiliza,120363425016992076@g.us,3EB09688DA9DA16F7210EE,"*🚨MISSÃO DUPLA🚨*

🔗 Missão 1: https://engaja.pro/missaope1-27-03
🔗 Missão 2: https://engaja.pro/missaope2-27-03

Boa tarde, time! *O prefeito hoje deu aquele recado* de quem não aguenta ver coisa errada e ficar parado, visse? Falou do Ulysses Pernambucano *porque quem cuida da casa, quer cuidar do bairro e da cidade toda.* É o estilo da gente: *trabalho gera mais trabalho.*

A galera do coração roxo tá lá dizendo que é cedo pra falar de estado. *Cedo pra quem não faz nada, né? Pra quem faz, todo dia é hora.*

Bora lá deixar um comentário sobre essa disposição? 💛🚀",mensagem simples,2026-03-27 13:05:21.951+00,Mobiliza PE,111055674052635@lid,Mobiliza PE,2026-04-18 01:39:35.907327+00
473,Pernambuco,Mobiliza PE,Mobiliza PE,120363405595256912@g.us,3EB096C35E63E75CD139E8,Nem precisa de segundo turno. O povo escolheu e ponto final 🚀💛,mensagem simples,2026-04-16 14:07:28.619+00,Mobiliza PE,111055674052635@lid,Mobiliza PE,2026-04-18 01:39:35.907327+00
474,Pernambuco,Mobiliza,Mobiliza,120363425016992076@g.us,3EB097716C1B6901266CC2,"O povo de Pernambuco está pronto para voar alto com você, João! 💛",mensagem simples,2026-03-27 16:24:23.055+00,Mobiliza PE,111055674052635@lid,Mobiliza PE,2026-04-18 01:39:35.907327+00
475,Pernambuco,Mobiliza PE,Mobiliza PE,120363405595256912@g.us,3EB098A6F3EB88977EC6C6,João encerra o mandato na prefeitura do mesmo jeito que começou: trabalhando e entregando. Que exemplo 💛💛,mensagem simples,2026-04-02 16:26:47.691+00,Mobiliza PE,111055674052635@lid,Mobiliza PE,2026-04-18 01:39:35.907327+00
476,Pernambuco,Mobiliza PE,Mobiliza PE,120363405595256912@g.us,3EB09928242B1481693CA2,Já tô com o voto guardado faz tempo. Só tô esperando a hora de depositar na urna 💛💛,mensagem simples,2026-04-02 12:29:54.895+00,Mobiliza PE,111055674052635@lid,Mobiliza PE,2026-04-18 01:39:35.907327+00
477,Pernambuco,Lideranças - Mobiliza PE,Lideranças - Mobiliza PE,120363404880079867@g.us,3EB0994BF70AA09C1052A4,"🚨 Acaba de ser liberado o link pra gente falar do que interessa e importa. 

Vemtimbora que hoje é dia, cuuuida 💛🚀

Toma o link:  https://engaja.pro/encontro-liderancas-mobilizape",mensagem simples,2026-04-01 18:59:49.527+00,Mobiliza PE,111055674052635@lid,Mobiliza PE,2026-04-18 01:39:35.907327+00
478,Pernambuco,Mobiliza,Mobiliza,120363425016992076@g.us,3EB0997F32C8D9156D92E9,"Sair pela porta da frente é pouco, João tá saindo pela porta do legado. Pernambuco, prepara! 🚀",mensagem simples,2026-04-02 16:28:19.316+00,Mobiliza PE,111055674052635@lid,Mobiliza PE,2026-04-18 01:39:35.907327+00
479,Pernambuco,Mobiliza,Mobiliza,120363425016992076@g.us,3EB09A25F3FB116EFC07F1,"A despedida tá sendo com obra inaugurada, não com promessa. Já diz tudo sobre quem é esse homem 💛",mensagem simples,2026-04-02 16:28:15.547+00,Mobiliza PE,111055674052635@lid,Mobiliza PE,2026-04-18 01:39:35.907327+00
480,Pernambuco,Mobiliza PE,Mobiliza PE,120363405595256912@g.us,3EB09AA42963C8232F19E1,"Sem dois lados, sem muro. É isso que a gente quer num líder! João tá certo demais 💛💛",mensagem simples,2026-03-30 16:30:41.311+00,Mobiliza PE,111055674052635@lid,Mobiliza PE,2026-04-18 01:39:35.907327+00
481,Pernambuco,Mobiliza PE,Mobiliza PE,120363405595256912@g.us,3EB09AA6EA5FF2B14B4C7A,"*🚨Lembrete super importante:* agora que o ano começou oficialmente, a gente vai precisar de todo mundo no 220v! ⚡️

*Hora de engajar as bases, trazer quem ainda não entrou e fortalecer nosso Mobiliza*. Se tiver alguém que ainda não está aqui, a hora de puxar pra cá é agora. Bora crescer essa corrente que o trabalho não espera!

Chama a gente aqui no privado. Estamos à disposição para ajudar a trazer todo mundo pra dentro da comunidade. Bora ocupar os espaços!💛🚀",mensagem simples,2026-02-23 10:15:30.487+00,Mobiliza PE,111055674052635@lid,Mobiliza PE,2026-04-18 01:39:35.907327+00
482,Pernambuco,Mobiliza PE,Mobiliza PE,120363405595256912@g.us,3EB09AC1EBDB3E9DDD75BD,"Recado importante: *hoje, vamos falar a respeito do nosso FUTURO GOVERNADOR, às 19h30.* Nosso encontro é pra traçar as próximas vitórias. É aquele momento de olhar no olho e sentir que a gente não tá sozinho nessa caminhada.

*Tua participação é fundamental* pra gente continuar rodando com tudo. Quem tá pronto pra mais tarde fechar o dia com chave de ouro e muita estratégia? Simbora?

*Bom dia, família Mobiliza! ☀️ #VEMJOAO*",mensagem simples,2026-03-25 10:17:38.08+00,Mobiliza PE,111055674052635@lid,Mobiliza PE,2026-04-18 01:39:35.907327+00
483,Pernambuco,Lideranças - Mobiliza PE,Lideranças - Mobiliza PE,120363404880079867@g.us,3EB09B0321199FC1F3A657,"Pessoal, se liga nisso aqui: falta pouco tempo pra gente ta junto trocando aquela ideia massa!

Já já solto o link aqui no grupo. 💛🚀",mensagem simples,2026-04-01 16:20:37.985+00,Mobiliza PE,111055674052635@lid,Mobiliza PE,2026-04-18 01:39:35.907327+00
484,Pernambuco,Mobiliza PE,Mobiliza PE,120363405595256912@g.us,3EB09B3905ACC58FDB7686,"Recife vai sentir saudade, mas Pernambuco vai ganhar. É a hora, João. A gente tá junto 💛💛",mensagem simples,2026-04-02 16:25:52.749+00,Mobiliza PE,111055674052635@lid,Mobiliza PE,2026-04-18 01:39:35.907327+00
485,Pernambuco,Mobiliza PE,Mobiliza PE,120363405595256912@g.us,3EB09BED2E95FF70C069D5,"Cuida, pega o comentário pra se inspirar:",mensagem simples,2026-04-01 18:49:34.48+00,Mobiliza PE,111055674052635@lid,Mobiliza PE,2026-04-18 01:39:35.907327+00
486,Pernambuco,Mobiliza PE,Mobiliza PE,120363405595256912@g.us,3EB09C35C083583CC5E08E,"🏆Edcarlos Bezerra
🏆Lucilla Azevedo
🏆Paulo Henrique
- Rafaela Rangel
- Alex Vasconcelos
- Lucas Martins de Aguiar
- César Kaique
- Elvis Plinio
- Vicente Ferreira
- Bruno
- Antônio Rufino da Costa Rodrigues
- Jeisiane Isabella da Silva Alexandre
- Alexandre Morais
- Gustavo Fontes Silva
- Fernando Veloso

*Parabéns pelo desempenho!* Que mobilização foi essa? Sensacional! Nosso movimento só tem essa potência porque vocês vestem a camisa e fazem com vontade. Valeu demais por cada convite. 💛💛💛",mensagem simples,2026-04-17 12:01:38.683+00,Mobiliza PE,111055674052635@lid,Mobiliza PE,2026-04-18 01:39:35.907327+00
487,Pernambuco,Mobiliza,Mobiliza,120363425016992076@g.us,3EB09C55CCD90CC8FD134E,Esperança tem nome: João 💛💛💛,mensagem simples,2026-03-18 15:37:48.142+00,Mobiliza PE,111055674052635@lid,Mobiliza PE,2026-04-18 01:39:35.907327+00
488,Pernambuco,Mobiliza PE,Mobiliza PE,120363405595256912@g.us,3EB09D037E01ABBD5208C5,"Esse povo que ainda não viu João de perto vai entender tudo quando ele chegar, a presença dele muda o clima de qualquer lugar 🚀💛",mensagem simples,2026-04-06 09:32:35.975+00,Mobiliza PE,111055674052635@lid,Mobiliza PE,2026-04-18 01:39:35.907327+00
489,Pernambuco,Mobiliza,Mobiliza,120363425016992076@g.us,3EB09DA501E454E15849AD,*IDEIAS PRA COMENTAR (DO SEU JEITO):*,mensagem simples,2026-03-03 08:38:58.222+00,Mobiliza PE,111055674052635@lid,Mobiliza PE,2026-04-18 01:39:35.907327+00
490,Pernambuco,Mobiliza,Mobiliza,120363425016992076@g.us,3EB09DC9960A5CE6F93143,O time que vai transformar Pernambuco. 💛💛,mensagem simples,2026-03-28 14:59:47.186+00,Mobiliza PE,111055674052635@lid,Mobiliza PE,2026-04-18 01:39:35.907327+00
491,Pernambuco,Mobiliza PE,Mobiliza PE,120363405595256912@g.us,3EB09E37FE8829F17D4096,*Se liga nos comentários pra tu se inspirar*,mensagem simples,2026-04-08 09:57:08.751+00,Mobiliza PE,111055674052635@lid,Mobiliza PE,2026-04-18 01:39:35.907327+00
492,Pernambuco,Mobiliza,Mobiliza,120363425016992076@g.us,3EB09E4E0BD5B0A7CD9310,A pesquisa só colocou número no que já era certeza 💛💛,mensagem simples,2026-04-16 14:09:06.027+00,Mobiliza PE,111055674052635@lid,Mobiliza PE,2026-04-18 01:39:35.907327+00
493,Pernambuco,Mobiliza PE,Mobiliza PE,120363405595256912@g.us,3EB09E5B96D4DE8C3B016F,"Se gastasse esses 281 mil com saúde, talvez não precisasse de pesquisa falsa pra criar boa avaliação",mensagem simples,2026-04-08 14:42:38.294+00,Mobiliza PE,111055674052635@lid,Mobiliza PE,2026-04-18 01:39:35.907327+00
494,Pernambuco,Mobiliza PE,Mobiliza PE,120363405595256912@g.us,3EB09EBED1B58A5344D3DA,"Minha turma, se isso não é razão pra a gente ir encher as redes de coração amarelo, eu não sei o que é.💛

*Vamo levar pra cada canto do nosso estado a promessa de João Campos governador!*

*Clica aí no link, curte, comenta, compartilha, vibra e faz festa! Que você está fazendo parte de um momento histórico!*

https://engaja.pro/missaope06-30-03",mensagem simples,2026-03-30 22:46:13.71+00,Mobiliza PE,111055674052635@lid,Mobiliza PE,2026-04-18 01:39:35.907327+00
495,Pernambuco,Mobiliza,Mobiliza,120363425016992076@g.us,3EB09F34AB93DFB9CEA9EB,Braço forte contra o crime e oportunidade pra quem precisa. Gestão completa 💛🚀,mensagem simples,2026-04-14 08:21:58.754+00,Mobiliza PE,111055674052635@lid,Mobiliza PE,2026-04-18 01:39:35.907327+00
496,Pernambuco,Mobiliza,Mobiliza,120363425016992076@g.us,3EB09F59C1937DD475CE2F,"Sem dois lados, sem muro. É isso que a gente quer num líder! João tá certo demais 💛💛",mensagem simples,2026-03-30 16:30:42.65+00,Mobiliza PE,111055674052635@lid,Mobiliza PE,2026-04-18 01:39:35.907327+00
497,Pernambuco,Mobiliza PE,Mobiliza PE,120363405595256912@g.us,3EB09FA93EF352EF50A44A,João chega com força porque tem resultado pra mostrar 💛🚀,mensagem simples,2026-04-08 17:51:48.686+00,Mobiliza PE,111055674052635@lid,Mobiliza PE,2026-04-18 01:39:35.907327+00
498,Pernambuco,Mobiliza PE,Mobiliza PE,120363405595256912@g.us,3EB09FEBF3E5044DB04B8D,"Ei, meu povo! Se liga que que a galera já voltou da lua e o tempo não para.

*Hoje, às 19:30h, a gente tem um encontro marcado* pra alinhar os ponteiros da nossa mobilização. 

*Passa aquele café reforçado, e vem com tudo. A gente precisa de todo mundo na mesma batida pra o negócio render de verdade.*

Simbora botar pra moer, que o destino é um só: #PEpraFrente!",mensagem simples,2026-04-15 12:28:14.731+00,Mobiliza PE,111055674052635@lid,Mobiliza PE,2026-04-18 01:39:35.907327+00
499,Pernambuco,Mobiliza PE,Mobiliza PE,120363405595256912@g.us,3EB0A068AFC782E985A3D4,"E vamos de *MISSÃO DUPLA*

*Missão 4:* https://engaja.pro/pemissao4-21-02
*Missão 5:* https://engaja.pro/pemissao5-21-02

*Alguém mais está acompanhando essas postagens e pensando em como Eduardo estaria orgulhoso hoje?* 🥹 
É o ciclo da vida acontecendo do jeito mais bonito. Vamos chegar nessas outras postagens e fazer um corredor de boas vibrações? *É pra encher de comentário positivo!* 🥂💛",mensagem simples,2026-02-21 18:59:09.023+00,Mobiliza PE,111055674052635@lid,Mobiliza PE,2026-04-18 01:39:35.907327+00
500,Pernambuco,Mobiliza PE,Mobiliza PE,120363405595256912@g.us,3EB0A0A9AB1D1DE4789413,Quem conhece o interior sabe o peso de uma bênção do padim Cícero. João sabe disso também 💛,mensagem simples,2026-04-06 09:35:41.6+00,Mobiliza PE,111055674052635@lid,Mobiliza PE,2026-04-18 01:39:35.907327+00
501,Pernambuco,Mobiliza,Mobiliza,120363425016992076@g.us,3EB0A0C22B01EE3A4622A1,"MISSÃO DUPLA GALERA! 
VAMO CHEGAR JUNTO!

*A turma do contra tentou o tapetão, mas não colou!* ❌

Lembram daquela ""polêmica"" que a oposição tentou criar? O próprio João já tinha resolvido o erro antes de qualquer barulho. O presidente da Câmara arquivou a CPI hoje porque, simplesmente, não tem o que investigar. *É puro desespero de quem não tem obra pra mostrar e tenta ganhar no grito.*

*Bora ocupar o espaço e mostrar que o Recife não cai em fake news?*

Passa nos links e deixa teu comentário:
1️⃣ https://engaja.pro/pemissao02-03-03
2️⃣ https://engaja.pro/pemissao03-03-03",mensagem simples,2026-03-03 11:21:02.908+00,Mobiliza PE,111055674052635@lid,Mobiliza PE,2026-04-18 01:39:35.907327+00
502,Pernambuco,Mobiliza PE,Mobiliza PE,120363405595256912@g.us,3EB0A0EAA949FADC92DE5E,"Opa, galera! Passando para facilitar a vida de todo mundo aqui. ⚡️

[https://meet.google.com/tif-zugp-sqg](https://meet.google.com/tif-zugp-sqg)

*Já deixa o link separado para não ter erro mais tarde.* O papo hoje vai ser massa porque vamos trocar uma ideia sobre como levar esse ritmo de trabalho que a gente vê na capital para cada canto de Pernambuco.

*É o nosso time mostrando que juntos a gente vai muito mais longe.* 

*Nos vemos às 19h30!* 💛🚀",mensagem simples,2026-03-04 15:03:10.917+00,Mobiliza PE,111055674052635@lid,Mobiliza PE,2026-04-18 01:39:35.907327+00
503,Pernambuco,Mobiliza PE,Mobiliza PE,120363405595256912@g.us,3EB0A16CF6D68B177556AD,"O home nasce, cresce, transforma o Recife, casa, forma família, depois transforma Pernambuco, aí vira presidente, tem filhos e netos. Pra cima, João. 💛💛💛💛💛",mensagem simples,2026-02-21 17:14:39.46+00,Mobiliza PE,111055674052635@lid,Mobiliza PE,2026-04-18 01:39:35.907327+00
504,Pernambuco,Mobiliza PE,Mobiliza PE,120363405595256912@g.us,3EB0A28E3585004B8B8BE4,"Recife, libera logo João! 💛",mensagem simples,2026-03-27 16:23:30.433+00,Mobiliza PE,111055674052635@lid,Mobiliza PE,2026-04-18 01:39:35.907327+00
505,Pernambuco,Mobiliza PE,Mobiliza PE,120363405595256912@g.us,3EB0A2F838E7C4C4EBA4B3,*COMENTÁRIOS PARA SE INSPIRAR (não copiem e colem):*,mensagem simples,2026-03-28 16:16:14.138+00,Mobiliza PE,111055674052635@lid,Mobiliza PE,2026-04-18 01:39:35.907327+00
506,Pernambuco,Mobiliza,Mobiliza,120363425016992076@g.us,3EB0A3315C6C9F318FAB01,"Bora decolar também, Pernambuco. Tá chegando a hora! 💛🚀",mensagem simples,2026-04-09 17:45:36.036+00,Mobiliza PE,111055674052635@lid,Mobiliza PE,2026-04-18 01:39:35.907327+00
507,Pernambuco,Mobiliza,Mobiliza,120363425016992076@g.us,3EB0A38598507E7CFFF736,Trabalho garantido no Recife e esperança renovada para todo o nosso Pernambuco! 💛💛🚀💛,mensagem simples,2026-03-27 16:24:13.994+00,Mobiliza PE,111055674052635@lid,Mobiliza PE,2026-04-18 01:39:35.907327+00
508,Pernambuco,Mobiliza PE,Mobiliza PE,120363405595256912@g.us,3EB0A38CE99ED160173784,"Saúde precária, escola sem estrutura, e sobra 281 mil pra pesquisa fake? Triste",mensagem simples,2026-04-08 14:42:35.669+00,Mobiliza PE,111055674052635@lid,Mobiliza PE,2026-04-18 01:39:35.907327+00
509,Pernambuco,Mobiliza,Mobiliza,120363425016992076@g.us,3EB0A39BDE16E892C98ECF,Governador que Pernambuco merece é assim 💛🚀 💛,mensagem simples,2026-03-03 08:39:31.279+00,Mobiliza PE,111055674052635@lid,Mobiliza PE,2026-04-18 01:39:35.907327+00
510,Pernambuco,Mobiliza PE,Mobiliza PE,120363405595256912@g.us,3EB0A3C1D8701352FE10EA,"Recife, divide o nosso prefeito com Pernambuco porque o estado precisa crescer. 💛",mensagem simples,2026-03-27 13:06:04.976+00,Mobiliza PE,111055674052635@lid,Mobiliza PE,2026-04-18 01:39:35.907327+00
511,Pernambuco,Mobiliza PE,Mobiliza PE,120363405595256912@g.us,3EB0A3D65618D6A865E281,"Esse é o nosso prefeito! Posição clara, sem rodeio 💛 💛",mensagem simples,2026-03-30 16:29:45.555+00,Mobiliza PE,111055674052635@lid,Mobiliza PE,2026-04-18 01:39:35.907327+00
512,Pernambuco,Mobiliza PE,Mobiliza PE,120363405595256912@g.us,3EB0A464CC655B81D353EE,"*🚨MISSÃO NOVA, GALERA🚨*

*Pernambuco já decidiu que quer seguir em frente!*

Ver João com todas essas intenções de voto é a prova de que o trabalho que ele fez no Recife *o povo quer ver no estado todo. 💛🚀*

*1️⃣ Vamos lotar os comentários*

*2️⃣ Link:* https://engaja.pro/missaope02-09-04",mensagem simples,2026-04-09 17:45:49.237+00,Mobiliza PE,111055674052635@lid,Mobiliza PE,2026-04-18 01:39:35.907327+00
513,Pernambuco,Mobiliza,Mobiliza,120363425016992076@g.us,3EB0A47E5AF1236C0F83EB,*Mensagens sugeridas pra você adaptar pra o seu jeito:*,mensagem simples,2026-03-03 11:21:09.952+00,Mobiliza PE,111055674052635@lid,Mobiliza PE,2026-04-18 01:39:35.907327+00
514,Pernambuco,Lideranças - Mobiliza PE,Lideranças - Mobiliza PE,120363404880079867@g.us,3EB0A4826B3ABC5CE63263,"Câmbio, liderança! A torre de controle já deu o sinal verde!

A transmissão oficial já está no ar e o sinal está em 220v! Já abrimos a sala e bora pra não perder as coordenadas principais da nossa missão.

Não dá pra liderar com chiado na linha, visse? Sintoniza agora pra gente alinhar a rota com o homem. Vamos nessa com João!

*CUUIDA:* https://engaja.pro/encontro-liderancas-mobilizape",mensagem simples,2026-04-15 19:00:06.446+00,Mobiliza PE,111055674052635@lid,Mobiliza PE,2026-04-18 01:39:35.907327+00
515,Pernambuco,Mobiliza,Mobiliza,120363425016992076@g.us,3EB0A4BE2B1199A1907375,"🚨*CHEGA AQUI MEU PATRÃO, TEM MAIS UMA MISSÃO DUPLA PRA GENTE FAZER*🚨


*EITA QUE VAI SER NO PRIMEIRO TURNO MESMO!* Enquanto isso, Raquel parece que já se rendeu ao  💛💛💛💛💛💛

*Simbora nos DOIS LINKS mostrar por que nosso governador vai vencer no primeiro turno.*

1️⃣ Link: https://engaja.pro/missaope03-16-04

2️⃣ Link: https://engaja.pro/missaope04-1604",mensagem simples,2026-04-16 16:01:26.402+00,Mobiliza PE,111055674052635@lid,Mobiliza PE,2026-04-18 01:39:35.907327+00
516,Pernambuco,Mobiliza,Mobiliza,120363425016992076@g.us,3EB0A4FE3A69BCEA56FE11,"O povo só quer uma coisa: vem, João 💛",mensagem simples,2026-03-18 15:37:41.965+00,Mobiliza PE,111055674052635@lid,Mobiliza PE,2026-04-18 01:39:35.907327+00
517,Pernambuco,Mobiliza PE,Mobiliza PE,120363405595256912@g.us,3EB0A5131D634A8531BB34,"E ó… quarta tem encontro, viu? 👀 Já vai se ligando que vai ser massa!",mensagem simples,2026-04-14 10:37:44.888+00,Mobiliza PE,111055674052635@lid,Mobiliza PE,2026-04-18 01:39:35.907327+00
518,Pernambuco,Mobiliza,Mobiliza,120363425016992076@g.us,3EB0A51468FC794D74EB4B,Pega aquela ideia de comentário e faz a tua adaptação 💛🚀💛,mensagem simples,2026-03-19 12:45:25.391+00,Mobiliza PE,111055674052635@lid,Mobiliza PE,2026-04-18 01:39:35.907327+00
519,Pernambuco,Mobiliza PE,Mobiliza PE,120363405595256912@g.us,3EB0A5736FD566EA305C95,Saindo pela porta da frente do Recife e entrando pela porta grande em Pernambuco. A gente vai tá lá do lado pra votar! 💛💛🚀,mensagem simples,2026-03-30 18:28:38.517+00,Mobiliza PE,111055674052635@lid,Mobiliza PE,2026-04-18 01:39:35.907327+00
520,Pernambuco,Mobiliza,Mobiliza,120363425016992076@g.us,3EB0A594688BBC4B68EB91,"Nem penso duas vezes, meu prefeito é o nome certo pra continuar avançando 💛💛",mensagem simples,2026-04-15 12:11:09.161+00,Mobiliza PE,111055674052635@lid,Mobiliza PE,2026-04-18 01:39:35.907327+00
521,Pernambuco,Mobiliza,Mobiliza,120363425016992076@g.us,3EB0A598FD79B00AEDB1A0,*Cuida na sugestão pra amassar nos comentários*,mensagem simples,2026-04-09 17:45:26.41+00,Mobiliza PE,111055674052635@lid,Mobiliza PE,2026-04-18 01:39:35.907327+00
522,Pernambuco,Mobiliza PE,Mobiliza PE,120363405595256912@g.us,3EB0A6026ED14719D10D9F,Cadê a CPI da Caruaruense? Cadê a CPI bilionária do primo de Raquel? Cadê a CPI da Espionagem ilegal?,mensagem simples,2026-03-03 11:19:42.622+00,Mobiliza PE,111055674052635@lid,Mobiliza PE,2026-04-18 01:39:35.907327+00
523,Pernambuco,Mobiliza PE,Mobiliza PE,120363405595256912@g.us,3EB0A6D310A37715428F28,"*Vamos compartilhar a verdade nas redes, galera!* 🚀",mensagem simples,2026-04-08 08:22:43.084+00,Mobiliza PE,111055674052635@lid,Mobiliza PE,2026-04-18 01:39:35.907327+00
524,Pernambuco,Mobiliza,Mobiliza,120363425016992076@g.us,3EB0A6EF52DA6A1131FEC9,"Pernambuco não pode mais esperar: João, vem arrumar a casa 💛",mensagem simples,2026-03-18 10:29:21.033+00,Mobiliza PE,111055674052635@lid,Mobiliza PE,2026-04-18 01:39:35.907327+00
525,Pernambuco,Mobiliza PE,Mobiliza PE,120363405595256912@g.us,3EB0A726E5890C36CB80E4,"Não basta ter time, o time tem que estar entrosado. E Lula e João estão 💛",mensagem simples,2026-03-28 16:17:08.661+00,Mobiliza PE,111055674052635@lid,Mobiliza PE,2026-04-18 01:39:35.907327+00
526,Pernambuco,Mobiliza PE,Mobiliza PE,120363405595256912@g.us,3EB0A7849F81D7383AF1AF,*Pega a sugestão de comentário e adapta do teu jeitinho:*,mensagem simples,2026-04-14 16:26:32.8+00,Mobiliza PE,111055674052635@lid,Mobiliza PE,2026-04-18 01:39:35.907327+00
527,Pernambuco,Mobiliza,Mobiliza,120363425016992076@g.us,3EB0A79FAE0F3AFBC314D5,"Aqui em casa não tem dúvida, não tem segunda opção é João Campos governador! 💛",mensagem simples,2026-04-02 16:28:27.303+00,Mobiliza PE,111055674052635@lid,Mobiliza PE,2026-04-18 01:39:35.907327+00
528,Pernambuco,Mobiliza,Mobiliza,120363425016992076@g.us,3EB0A7DBD22E17C95D57C9,*SUGESTÕES DE COMENTÁRIOS (Adapte com seu jeito!)*👇🏼,mensagem simples,2026-02-21 17:15:29.235+00,Mobiliza PE,111055674052635@lid,Mobiliza PE,2026-04-18 01:39:35.907327+00
529,Pernambuco,Mobiliza,Mobiliza,120363425016992076@g.us,3EB0A8BD8E37D05CF5D057,"Vem mostrar como se governa com eficiência, meu prefeito 💛💛💛",mensagem simples,2026-03-18 10:29:21.709+00,Mobiliza PE,111055674052635@lid,Mobiliza PE,2026-04-18 01:39:35.907327+00
530,Pernambuco,Mobiliza,Mobiliza,120363425016992076@g.us,3EB0A90FE87F968A2285A0,Meu governador tá chegando! 💛,mensagem simples,2026-03-31 08:20:29.933+00,Mobiliza PE,111055674052635@lid,Mobiliza PE,2026-04-18 01:39:35.907327+00
531,Pernambuco,Mobiliza,Mobiliza,120363425016992076@g.us,3EB0A992605ED5C5F53FEE,"Quando um gestor faz bem feito, o povo de fora nota e quer também kkkkk 💛🚀",mensagem simples,2026-04-06 09:36:25.324+00,Mobiliza PE,111055674052635@lid,Mobiliza PE,2026-04-18 01:39:35.907327+00
532,Pernambuco,Mobiliza PE,Mobiliza PE,120363405595256912@g.us,3EB0AAC573E4DA106643C1,"Enquanto restauração tá caindo teto, dinheiro público vai pra instituto de pesquisa falsa",mensagem simples,2026-04-08 06:37:44.972+00,Mobiliza PE,111055674052635@lid,Mobiliza PE,2026-04-18 01:39:35.907327+00
533,Pernambuco,Lideranças - Mobiliza PE,Lideranças - Mobiliza PE,120363404880079867@g.us,3EB0AAE369E9495F0E3689,(Mensagem de mídia sem texto),mensagem simples,2026-03-23 11:12:40.722+00,Mobiliza PE,111055674052635@lid,Mobiliza PE,2026-04-18 01:39:35.907327+00
534,Pernambuco,Mobiliza,Mobiliza,120363425016992076@g.us,3EB0AB202E4FC69857D6CB,"🚀 OPA GALERAA, MISSÃO TRIPLA NA AREA!

Bora, turma! Enquanto o lado de lá gasta energia tentando entender como a gente mantém o ritmo, a gente gasta a nossa mostrando por que o Recife virou vitrine pra Pernambuco.

*O homem já botou o pé na estrada, mas a gente precisa garantir que o barulho das entregas chegue antes dele em cada cidade desse estado.* 

Segue o combo pra gente moer nos comentários agora:

Missão 1:https://engaja.pro/missaope2-02-04
Missão 2:https://engaja.pro/missaope3-02-04
Missão 3:https://engaja.pro/missaope4-02-04",mensagem simples,2026-04-02 12:30:39.34+00,Mobiliza PE,111055674052635@lid,Mobiliza PE,2026-04-18 01:39:35.907327+00
535,Pernambuco,Lideranças - Mobiliza PE,Lideranças - Mobiliza PE,120363404880079867@g.us,3EB0AB484E09FA0AD13FC6,"E aí, meus líderes!
*Em 15 minutinhos vamos alinhar o que vem por aí.*  Se você ainda não se ajeitou, a hora é agora. Simbora que ainda dá tempo de tá chamando a galera pra o nosso encontro de 19:30. Até já! 💛🚀

O link tá na mão: https://meet.google.com/npz-izio-miu",mensagem simples,2026-03-11 18:45:30.927+00,Mobiliza PE,111055674052635@lid,Mobiliza PE,2026-04-18 01:39:35.907327+00
536,Pernambuco,Mobiliza PE,Mobiliza PE,120363405595256912@g.us,3EB0AB50E8B8B321B4EDB7,"Segura, Pernambuco… porque meu governador tá chegando! 💛🚀",mensagem simples,2026-04-09 17:46:03.01+00,Mobiliza PE,111055674052635@lid,Mobiliza PE,2026-04-18 01:39:35.907327+00
537,Pernambuco,Mobiliza,Mobiliza,120363425016992076@g.us,3EB0AB84B6A94BCE12A2E4,"Guarda treinada, câmera corporal, Polícia Federal no processo. Sério, responsável e eficiente. É João pra governador! 💛💛🚀",mensagem simples,2026-03-30 18:26:51.12+00,Mobiliza PE,111055674052635@lid,Mobiliza PE,2026-04-18 01:39:35.907327+00
538,Pernambuco,Mobiliza PE,Mobiliza PE,120363405595256912@g.us,3EB0ABA528949897722552,Vem João mostrar como se faz gestão de verdade em Pernambuco 💛,mensagem simples,2026-03-19 12:44:46.386+00,Mobiliza PE,111055674052635@lid,Mobiliza PE,2026-04-18 01:39:35.907327+00
539,Pernambuco,Mobiliza PE,Mobiliza PE,120363405595256912@g.us,3EB0ABCE938BA699AA4F39,"João, pelo amor de Deus, assume logo Pernambuco!",mensagem simples,2026-03-25 15:54:14.672+00,Mobiliza PE,111055674052635@lid,Mobiliza PE,2026-04-18 01:39:35.907327+00
540,Pernambuco,Mobiliza PE,Mobiliza PE,120363405595256912@g.us,3EB0AC326E3905A9D06F8D,"Bora decolar também, Pernambuco. Tá chegando a hora! 💛🚀",mensagem simples,2026-03-31 08:21:33.489+00,Mobiliza PE,111055674052635@lid,Mobiliza PE,2026-04-18 01:39:35.907327+00
541,Pernambuco,Mobiliza PE,Mobiliza PE,120363405595256912@g.us,3EB0AD1DAA428D52BA8936,"Ranking: *Quem arrastou a galera.*
Na quarta-feira o meet quase estoura! *Esse ranking aqui é exclusivo de quem teve o maior poder de convencimento e levou a galera em peso pra nossa reunião de quarta.*

*1º Lugar: Gabriel Morais* – Deu o exemplo e liderou o bonde!

*2º Lugar: Pedro Leitão* – Fez bonito e garantiu o pessoal na sala.

*3º Lugar: Paulo Henrique* – Marcou presença e trouxe os seus pra junto.",mensagem simples,2026-03-27 19:34:56.174+00,Mobiliza PE,111055674052635@lid,Mobiliza PE,2026-04-18 01:39:35.907327+00
542,Pernambuco,Mobiliza PE,Mobiliza PE,120363405595256912@g.us,3EB0AD53AEC2B8C3DAB1C7,"Pernambuco tem gente boa demais pra continuar sendo mal governado. O #PEpraFrente começa com a escolha certa nas urnas, e o time já sabe disso faz tempo 💛💛",mensagem simples,2026-04-06 16:52:51.373+00,Mobiliza PE,111055674052635@lid,Mobiliza PE,2026-04-18 01:39:35.907327+00
543,Pernambuco,Mobiliza PE,Mobiliza PE,120363405595256912@g.us,3EB0AD6282B50D694E3C9F,"Eita, tu já parou pra pensar no impacto que as decisões do governador têm no teu dia a dia? 🤔",mensagem simples,2026-04-01 16:17:11.798+00,Mobiliza PE,111055674052635@lid,Mobiliza PE,2026-04-18 01:39:35.907327+00
544,Pernambuco,Mobiliza,Mobiliza,120363425016992076@g.us,3EB0ADB2A1A2433DA6DC08,"Recife, libera logo João! 💛",mensagem simples,2026-03-27 13:05:33.016+00,Mobiliza PE,111055674052635@lid,Mobiliza PE,2026-04-18 01:39:35.907327+00
545,Pernambuco,Mobiliza PE,Mobiliza PE,120363405595256912@g.us,3EB0ADD0B534DE7CFEEFE7,"Pernambuco não pode mais esperar: João, vem arrumar a casa 💛",mensagem simples,2026-03-19 12:45:09.656+00,Mobiliza PE,111055674052635@lid,Mobiliza PE,2026-04-18 01:39:35.907327+00
546,Pernambuco,Mobiliza PE,Mobiliza PE,120363405595256912@g.us,3EB0AE36AA39DA862EF7F9,"*Valeu demais, galera! Vocês são feras!*
Sábado à noite e a galera aqui firme, mostrando que Pernambuco sabe celebrar o que é bom. *Valeu por cada comentário e por cada 💛 nos posts.* Missões entregues e carimbadas! *Bom descanso a todos!* 💛",mensagem simples,2026-02-21 21:25:31.065+00,Mobiliza PE,111055674052635@lid,Mobiliza PE,2026-04-18 01:39:35.907327+00
547,Pernambuco,Mobiliza PE,Mobiliza PE,120363405595256912@g.us,3EB0AE37871F062B9F2A2F,"A despedida tá sendo com obra inaugurada, não com promessa. Já diz tudo sobre quem é esse homem 💛",mensagem simples,2026-04-02 16:26:20.363+00,Mobiliza PE,111055674052635@lid,Mobiliza PE,2026-04-18 01:39:35.907327+00
548,Pernambuco,Mobiliza,Mobiliza,120363425016992076@g.us,3EB0AE3FCD24F593B58D23,"🚨 *MISSÃO TRIPLA NA ÁREA* 🚨

O João é a prova que a dificuldade não derruba! 💪 Pernambuco merece um governador que trabalha em dobro, e a gente tá aqui pra somar nessa missão! Tô dentro e com muito orgulho! 💛🚀

*Vamos lotar os comentários NOS TRÊS links, hein!*

*1️⃣ Link:* https://engaja.pro/missaope03-14-04
*2️⃣ Link:* https://engaja.pro/missaope04-14-04
*3️⃣ Link:* https://engaja.pro/missaope05-14-04",mensagem simples,2026-04-14 16:24:21.849+00,Mobiliza PE,111055674052635@lid,Mobiliza PE,2026-04-18 01:39:35.907327+00
549,Pernambuco,Mobiliza,Mobiliza,120363425016992076@g.us,3EB0AE5B419864EB8D3A85,"Bom dia, pessoal! Primeiramente, feliz *Dia das Mulheres* para todas as mulheres maravilhosas que fazem parte da nossa comunidade e do nosso movimento.

Hoje vamos fazer uma _missão super especial_ para ajudar a dar *visibilidade a um tema muito importante: o combate à violência contra a mulher.*

Clique no link, assista ao vídeo e deixe um comentário de apoio. *Cada interação ajuda essa mensagem a chegar a mais pessoas.*

Bora cumprir a missão?

Link: https://engaja.pro/missaope-08-03",mensagem simples,2026-03-08 10:50:10.145+00,Mobiliza PE,111055674052635@lid,Mobiliza PE,2026-04-18 01:39:35.907327+00
550,Pernambuco,Mobiliza PE,Mobiliza PE,120363405595256912@g.us,3EB0AE92663B17051ADA39,"Recife já viu a entrega desse homem, agora é vez do Sertão sentir o que é ter alguém que chega com humildade e com propósito. O voto meu tá dado faz tempo. 🚀💛",mensagem simples,2026-04-06 09:36:13.193+00,Mobiliza PE,111055674052635@lid,Mobiliza PE,2026-04-18 01:39:35.907327+00
551,Pernambuco,Mobiliza,Mobiliza,120363425016992076@g.us,3EB0AEA1DCDCC5912A0FCD,"*Sugestão de comentarios, sem copia e cola, vamos nessa!!*",mensagem simples,2026-04-14 08:20:23.668+00,Mobiliza PE,111055674052635@lid,Mobiliza PE,2026-04-18 01:39:35.907327+00
552,Pernambuco,Mobiliza PE,Mobiliza PE,120363405595256912@g.us,3EB0AEA6E17CCC7AA94674,"Quero saber da CPI dos ônibus da família de Raquel. Alô, deputados. Começa quando?",mensagem simples,2026-03-02 17:23:16.451+00,Mobiliza PE,111055674052635@lid,Mobiliza PE,2026-04-18 01:39:35.907327+00
553,Pernambuco,Mobiliza PE,Mobiliza PE,120363405595256912@g.us,3EB0AF61C3052D32585666,"Galera, vou abrir um santuário para capivaras adestradas. Elas já aprendem a sentar e a não roer o Wi-Fi. Interessados no pitch de investimento, me procurem!

Brincadeiras à parte (ou não...) haha, mesmo sendo 1º de Abril, *nosso encontro das 19h30 tá de pé.* Já vai se preparando ai pra gente trocar uma ideia massa. *É #VemJoão 💛*

Bom dia, simbora!",mensagem simples,2026-04-01 11:04:27.829+00,Mobiliza PE,111055674052635@lid,Mobiliza PE,2026-04-18 01:39:35.907327+00
554,Pernambuco,Mobiliza,Mobiliza,120363425016992076@g.us,3EB0AFAFD1E60AD9F1F0AE,"Saúde precária, escola sem estrutura, e sobra 281 mil pra pesquisa fake? Triste",mensagem simples,2026-04-08 14:41:59.577+00,Mobiliza PE,111055674052635@lid,Mobiliza PE,2026-04-18 01:39:35.907327+00
555,Pernambuco,Mobiliza,Mobiliza,120363425016992076@g.us,3EB0AFD6371F5652343EB3,"Nem é sobre política partidária, é sobre competência mesmo. Quem acompanha o que foi feito no Recife enxerga facilidade que dá pra replicar no estado inteiro. Basta ter quem queira trabalhar de verdade. 💛💛",mensagem simples,2026-04-06 16:53:59.395+00,Mobiliza PE,111055674052635@lid,Mobiliza PE,2026-04-18 01:39:35.907327+00
556,Pernambuco,Mobiliza,Mobiliza,120363425016992076@g.us,3EB0B04CC8F47DE02D7FB8,"Cada vez mais claro que o foco não é Pernambuco, é a imagem dela",mensagem simples,2026-04-08 06:39:51.154+00,Mobiliza PE,111055674052635@lid,Mobiliza PE,2026-04-18 01:39:35.907327+00
557,Pernambuco,Mobiliza PE,Mobiliza PE,120363405595256912@g.us,3EB0B0BB7A89AA3D25839F,"*Se esse áudio de Gabriel da reunião passada* não te der vontade de levantar e fazer acontecer, eu não sei o que dá! 😂 *O homem tá com a endorfina lá no teto!* É esse o clima do Mobiliza: gente desenrolada que transforma abandono em praça viva.",mensagem simples,2026-03-18 17:29:51.812+00,Mobiliza PE,111055674052635@lid,Mobiliza PE,2026-04-18 01:39:35.907327+00
558,Pernambuco,Mobiliza PE,Mobiliza PE,120363405595256912@g.us,3EB0B0D64CAB7C317F460C,"Cada vez mais claro que o foco não é Pernambuco, é a imagem dela",mensagem simples,2026-04-08 06:38:07.374+00,Mobiliza PE,111055674052635@lid,Mobiliza PE,2026-04-18 01:39:35.907327+00
559,Pernambuco,Mobiliza,Mobiliza,120363425016992076@g.us,3EB0B10BCC13C928B38899,"A gente sabe que o dia é corrido, mas a ocupação hoje nas redes tá bonita de ver, e num tema como esse a gente não pode dar nem chance deles controlarem a narrativa com falsidades.

Por isso vamo lá mais uma vez garantir que o que vai ser visto nas redes é o que tá na boca do povo: Vem João!

🔗 Missão 1: https://engaja.pro/missaope3-18-03
🔗 Missão 2: https://engaja.pro/missaope4-18-03
🔗 Missão 3:  https://engaja.pro/missaope5-18-03

Quem ainda não conseguiu passar lá antes, chega junto agora e vamo dominar as redes! 💛",mensagem simples,2026-03-18 18:30:34.388+00,Mobiliza PE,111055674052635@lid,Mobiliza PE,2026-04-18 01:39:35.907327+00
560,Pernambuco,Mobiliza,Mobiliza,120363425016992076@g.us,3EB0B1871E8594C0FEC068,Que tristeza ver pernambuco passando vergonha nacional mais uma vez. Espero que meu prefeito venha logo ajeitar essas coisas 💛,mensagem simples,2026-03-25 15:55:57.745+00,Mobiliza PE,111055674052635@lid,Mobiliza PE,2026-04-18 01:39:35.907327+00
561,Pernambuco,Mobiliza PE,Mobiliza PE,120363405595256912@g.us,3EB0B1B49EFBA97187F89D,"Já começou o Mobiliza PE, turma! 🚀🌊

Já tem uma galera animada aqui mas seu lugar tá garantido. Chega junto pra gente entender como vai ser a pegada dessa semana. O futuro de Pernambuco passa por esse encontro aqui!

*ENTRA AQUI:* https://engaja.pro/encontro-mobilizape
Simbora que ainda dá tempo!",mensagem simples,2026-03-25 19:30:54.27+00,Mobiliza PE,111055674052635@lid,Mobiliza PE,2026-04-18 01:39:35.907327+00
562,Pernambuco,Lideranças - Mobiliza PE,Lideranças - Mobiliza PE,120363404880079867@g.us,3EB0B1C2610AE1A1CE1AE8,"Boa tarde, pessoal! ☀️ Passando aqui pra dizer que *o que vocês estão fazendo não é brincadeira, não.* O engajamento *tá bonito de ver* e a gente sabe que cada comentário e cada defesa é o que segura o nosso rojão.

Pra gente alinhar como vamos manter esse ritmo e ocupar ainda mais espaço, *já vai colocando ai na agenda,* porque temos um encontro marcado na *quarta-feira às 19h.* A presença de cada um aqui é o que faz a diferença entre a zoada e a música boa! 💛🚀",mensagem simples,2026-03-24 13:01:16.171+00,Mobiliza PE,111055674052635@lid,Mobiliza PE,2026-04-18 01:39:35.907327+00
563,Pernambuco,Mobiliza PE,Mobiliza PE,120363405595256912@g.us,3EB0B253F5CCCBC73286F8,"Bom dia, galera! 

Hoje é aquele nosso dia sagrado de entender o que tá rolando de verdade no estado. E ó, anota o *horário novo:* a gente começa às **19h30**! É o tempo de chegar em casa, tomar um café e se juntar à turma.

Quem vem? 💛",mensagem simples,2026-02-25 09:36:19.753+00,Mobiliza PE,111055674052635@lid,Mobiliza PE,2026-04-18 01:39:35.907327+00
564,Pernambuco,Mobiliza PE,Mobiliza PE,120363405595256912@g.us,3EB0B2E83928448CE86275,Pernambuco inteiro tá pronto pra essa virada de página 💛💛🚀,mensagem simples,2026-04-16 14:07:55.477+00,Mobiliza PE,111055674052635@lid,Mobiliza PE,2026-04-18 01:39:35.907327+00
565,Pernambuco,Mobiliza PE,Mobiliza PE,120363405595256912@g.us,3EB0B2F6233ECC275864E8,"*🚨MISSÃO NOVA, GALERA🚨*

Enquanto gastam quase 300 mil com pesquisa fake a gente ainda que ler esse tipo de coisa... 

Nós sabemos da verdade, *então vamos lá bombar os comentários e mostrar que João tem força e tem a gente!* 💛🚀

*1️⃣ Link:*  https://engaja.pro/missaope05-08-04",mensagem simples,2026-04-08 14:42:31.99+00,Mobiliza PE,111055674052635@lid,Mobiliza PE,2026-04-18 01:39:35.907327+00
566,Pernambuco,Mobiliza,Mobiliza,120363425016992076@g.us,3EB0B30D060131ADA935D9,*Vamos invadir aqueles comentários do jeito que só a gente sabe!* 🚀💛,mensagem simples,2026-04-16 18:30:51.515+00,Mobiliza PE,111055674052635@lid,Mobiliza PE,2026-04-18 01:39:35.907327+00
567,Pernambuco,Mobiliza PE,Mobiliza PE,120363405595256912@g.us,3EB0B320723AC59506A259,"Boa tarde, galera! ☀️ Está chegando *o dia chave:* nosso último encontro do mês pra todo mundo ficar afiadíssimo. 

A energia e o astral aqui ta igual o Maracatu Atômico! Bora conectar e mobilizar, queremos ouvir a todos, a contribuição de cada um é muito relevante e importante pra gente virar o jogo ainda mais. 💛🚀

Deixo aqui o lembrete: *quarta-feira, às 19h30, temos nossa reunião. É o momento que a gente tem pra se conectar e deixar tudo alinhado pra não se perder na correria.*

#BORALA",mensagem simples,2026-03-24 13:03:17.656+00,Mobiliza PE,111055674052635@lid,Mobiliza PE,2026-04-18 01:39:35.907327+00
568,Pernambuco,Mobiliza,Mobiliza,120363425016992076@g.us,3EB0B34166093B7E478F73,"Enquanto uns gastam quase 300 mil de dinheiro público pra fabricar número que ninguém acredita, *a gente mostra a pesquisa de verdade! João Campos com 50%* no primeiro turno é o terror de quem só sabe falar e não entrega uma calçada. É o famoso desespero de quem vê o trabalho passando por cima da fofoca. #PEPraFrente 💛🚀",mensagem simples,2026-04-08 08:21:37.272+00,Mobiliza PE,111055674052635@lid,Mobiliza PE,2026-04-18 01:39:35.907327+00
569,Pernambuco,Mobiliza,Mobiliza,120363425016992076@g.us,3EB0B342678E942F5BCD70,Esse jeito de encarar dificuldade é raro demais. O estado precisa disso 💛,mensagem simples,2026-04-14 18:14:28.54+00,Mobiliza PE,111055674052635@lid,Mobiliza PE,2026-04-18 01:39:35.907327+00
570,Pernambuco,Mobiliza PE,Mobiliza PE,120363405595256912@g.us,3EB0B421ABECA9DC2594B1,Esse jeito de encarar dificuldade é raro demais. O estado precisa disso 💛,mensagem simples,2026-04-14 18:13:19.351+00,Mobiliza PE,111055674052635@lid,Mobiliza PE,2026-04-18 01:39:35.907327+00
571,Pernambuco,Mobiliza PE,Mobiliza PE,120363405595256912@g.us,3EB0B436354656F123DD1B,"*Um aviso ligeiro, minha gente!* 😄

Na entrada do nosso encontro hoje às 19:30, vocês vão ver um formulário curtinho lá. É pá-pum mesmo! Mais rápido que café coado.

A gente colocou isso pra não ficar perdido com aqueles nomes de e-mail estranhos que aparecem no Meet, sabe? *Queremos saber exatamente quem é cada um de vocês que está fazendo o movimento crescer de verdade, pra gente dar o crédito certo e planejar os próximos passos com precisão.*

Chega junto, preenche lá com os dados certinhos pra gente saber que você tá na área e simbora que hoje vai ser massa!",mensagem simples,2026-04-01 17:53:15.078+00,Mobiliza PE,111055674052635@lid,Mobiliza PE,2026-04-18 01:39:35.907327+00
572,Pernambuco,Mobiliza,Mobiliza,120363425016992076@g.us,3EB0B47086A6D99FC436F5,"Recife, libera logo João! 💛",mensagem simples,2026-03-27 16:24:03.702+00,Mobiliza PE,111055674052635@lid,Mobiliza PE,2026-04-18 01:39:35.907327+00
573,Pernambuco,Mobiliza PE,Mobiliza PE,120363405595256912@g.us,3EB0B47F0F9C4EE5FCC124,"Aqui é assim, *pesquisa dando vitória no primeiro turno!* E tem mais coisa boa! Ainda não é São João, mas já tem milhão na área! Logo três... 💛

*1️⃣ Vamos compartilhar muito essa conquista! 💛🚀*

*2️⃣ Link:* https://engaja.pro/missaope07-08-04",mensagem simples,2026-04-08 19:11:17.433+00,Mobiliza PE,111055674052635@lid,Mobiliza PE,2026-04-18 01:39:35.907327+00
574,Pernambuco,Mobiliza PE,Mobiliza PE,120363405595256912@g.us,3EB0B4F5EC2328BB79DEE3,"Nem é sobre política partidária, é sobre competência mesmo. Quem acompanha o que foi feito no Recife enxerga facilidade que dá pra replicar no estado inteiro. Basta ter quem queira trabalhar de verdade. 💛💛",mensagem simples,2026-04-06 16:52:40.346+00,Mobiliza PE,111055674052635@lid,Mobiliza PE,2026-04-18 01:39:35.907327+00
575,Pernambuco,Mobiliza PE,Mobiliza PE,120363405595256912@g.us,3EB0B51583D4193B2FA669,"O povo só quer uma coisa: vem, João 💛",mensagem simples,2026-03-19 12:45:40.584+00,Mobiliza PE,111055674052635@lid,Mobiliza PE,2026-04-18 01:39:35.907327+00
576,Pernambuco,Mobiliza,Mobiliza,120363425016992076@g.us,3EB0B519402C42120E4209,O povo de Pernambuco tá vendo esse ritmo e entendendo o recado. Aqui não tem dúvida de quem vai ser governador 🚀🚀💛,mensagem simples,2026-04-02 12:31:23.398+00,Mobiliza PE,111055674052635@lid,Mobiliza PE,2026-04-18 01:39:35.907327+00
577,Pernambuco,Mobiliza PE,Mobiliza PE,120363405595256912@g.us,3EB0B576D6F9833345E008,"Bom dia, galera! 

Hoje é aquele nosso dia sagrado de entender o que tá rolando de verdade no estado. E ó, anota o horário novo: a gente começa às *19h30*! É o tempo de chegar em casa, tomar um café e se juntar à turma.

Quem vem? 💛",mensagem simples,2026-02-25 09:36:41.212+00,Mobiliza PE,111055674052635@lid,Mobiliza PE,2026-04-18 01:39:35.907327+00
578,Pernambuco,Mobiliza PE,Mobiliza PE,120363405595256912@g.us,3EB0B57D499E2851E6FF7B,"*O aniversário de 489 anos do Recife chegou com entrega de verdade:* R$ 218 milhões pra tirar a nova ponte do papel e ligar a Zona Norte à Oeste. 🏗️🚀

*É assim que se celebra: trabalhando.* Enquanto tem gente que só faz post bonitinho, aqui o presente é obra que melhora a vida do povo.

Bora lá no post mostrar que Pernambuco tá vendo a diferença! 
Usa os comentários pra dizer que esse modelo de trabalho precisa espalhar pelo estado todo! 💛🚀

https://engaja.pro/missaope01-12-03",mensagem simples,2026-03-12 13:25:20.303+00,Mobiliza PE,111055674052635@lid,Mobiliza PE,2026-04-18 01:39:35.907327+00
579,Pernambuco,Mobiliza PE,Mobiliza PE,120363405595256912@g.us,3EB0B586CB3664B2A757DE,O filho do juiz nunca recebeu 1 real da Prefeitura. Nunca tomou posse. Qual a razão de uma CPI? 💛,mensagem simples,2026-03-03 11:19:10.811+00,Mobiliza PE,111055674052635@lid,Mobiliza PE,2026-04-18 01:39:35.907327+00
580,Pernambuco,Mobiliza PE,Mobiliza PE,120363405595256912@g.us,3EB0B5BE53976567A1416F,"Eduardo deve estar feliz da vida lá em cima, vendo essa felicidade toda 💛🕊️",mensagem simples,2026-02-21 17:15:10.477+00,Mobiliza PE,111055674052635@lid,Mobiliza PE,2026-04-18 01:39:35.907327+00
581,Pernambuco,Mobiliza PE,Mobiliza PE,120363405595256912@g.us,3EB0B5F6374AA9306DBE56,"🚀 *SE LIGA NA MISSÃO (É fichinha!):*
1️⃣ *Acesse o post:* https://engaja.pro/missaope1-28-03
2️⃣ *Solte o dedo no compartilhamento:* Jogue nos seus Stories, nos grupos e nos Status com aquela energia lá no alto!
3️⃣ *Dê a moral nos comentários:* Boas-vindas ao homem, que o PSB agora tem mais um braço forte no interior!",mensagem simples,2026-03-28 11:50:25.194+00,Mobiliza PE,111055674052635@lid,Mobiliza PE,2026-04-18 01:39:35.907327+00
582,Pernambuco,Mobiliza PE,Mobiliza PE,120363405595256912@g.us,3EB0B60AD34D271FC0DBA5,"Meu povo, vocês viram isso? Rapaz, o sobrepreço tá tão alto que os bichinhos devem tá saindo de lá falando inglês! É o imposto do atraso, é? Ei, Pernambuco não é banco não, viu Raquel! Explica aí pra gente *por que Pernambuco está pagando 243% a mais pelo mesmo procedimento?*
Bora compartilhar pra todo mundo ver onde tá indo parar o nosso dinheiro!",mensagem simples,2026-03-11 14:35:57.988+00,Mobiliza PE,111055674052635@lid,Mobiliza PE,2026-04-18 01:39:35.907327+00
583,Pernambuco,Mobiliza,Mobiliza,120363425016992076@g.us,3EB0B61E5B37F7E9203868,Time tá formado pra transformar Pernambuco de verdade. Bora com João! 💛,mensagem simples,2026-03-27 13:06:11.731+00,Mobiliza PE,111055674052635@lid,Mobiliza PE,2026-04-18 01:39:35.907327+00
584,Pernambuco,Mobiliza,Mobiliza,120363425016992076@g.us,3EB0B66E315D07D02A944F,"Bom dia meu time! ☀️

*Bora começar a quarta-feira mostrando que a gente não cai em conversa fiada?*

A turma do lado de lá gastou R$ 281 mil de dinheiro público pra encomendar uma pesquisa que não tá enganando ninguém. Enquanto o teto de hospital cai, eles pagam pra tentar fabricar número. *É o desespero batendo!*

Vamos passar lá na postagem e mostrar que a gente não nasceu ontem, nem se criou num cesto.

🔗 https://engaja.pro/missaope-01-08-04

Vamos pra cima! Deixa tua curtida e comenta a verdade pra derrubar essa galhofa que eles estão empurrando. 🚀💛",mensagem simples,2026-04-08 06:38:50.449+00,Mobiliza PE,111055674052635@lid,Mobiliza PE,2026-04-18 01:39:35.907327+00
585,Pernambuco,Mobiliza PE,Mobiliza PE,120363405595256912@g.us,3EB0B680A360EF7B687B28,"*Minha gente, que encontro arretado foi esse.* 🫶

Agradecemos a todo mundo que esteve presente, falou, escutou com atenção, refletiu e somou do seu jeito. Cada participação, do microfone aberto à escuta atenta, deu mais força ao movimento.

É bonito de ver esse movimento ganhando cada vez mais força. 
Saímos daqui animados. E digo logo: *desse jeito, ninguém segura a gente.*
Seguimos juntos. 💛",mensagem simples,2026-02-25 21:14:33.584+00,Mobiliza PE,111055674052635@lid,Mobiliza PE,2026-04-18 01:39:35.907327+00
586,Pernambuco,Mobiliza,Mobiliza,120363425016992076@g.us,3EB0B6AEA2A7A71724A564,Já tô com o voto guardado faz tempo. Só tô esperando a hora de depositar na urna 💛💛,mensagem simples,2026-04-02 12:31:41.945+00,Mobiliza PE,111055674052635@lid,Mobiliza PE,2026-04-18 01:39:35.907327+00
587,Pernambuco,Mobiliza,Mobiliza,120363425016992076@g.us,3EB0B6C78E751C5DE0F0C9,"Recife, divide o nosso prefeito com Pernambuco porque o estado precisa crescer. 💛",mensagem simples,2026-03-27 13:06:05.297+00,Mobiliza PE,111055674052635@lid,Mobiliza PE,2026-04-18 01:39:35.907327+00
588,Pernambuco,Lideranças - Mobiliza PE,Lideranças - Mobiliza PE,120363404880079867@g.us,3EB0B706E8CA60E4CD4F53,"Bom dia, líderes! *Mudamos o ponteiro*! ⏰

Hoje nosso alinhamento prévio será às **19h**. É aquele momento de ajustar a mira antes da sala abrir a geral, que só irá iniciar as 19h30. Mais tempo para termos aquele bate-papo legal!",mensagem simples,2026-02-25 09:32:00.454+00,Mobiliza PE,111055674052635@lid,Mobiliza PE,2026-04-18 01:39:35.907327+00
589,Pernambuco,Mobiliza,Mobiliza,120363425016992076@g.us,3EB0B71DEBF54D1C7E11E0,Pernambuco vai ter um governador que trabalha dobrado quando precisa. Tô dentro 🚀💛,mensagem simples,2026-04-14 16:26:02.403+00,Mobiliza PE,111055674052635@lid,Mobiliza PE,2026-04-18 01:39:35.907327+00
590,Pernambuco,Mobiliza,Mobiliza,120363425016992076@g.us,3EB0B7A3240D3419DB2839,João é o camisa 10 do time de Lula! 💛,mensagem simples,2026-03-28 14:59:42.881+00,Mobiliza PE,111055674052635@lid,Mobiliza PE,2026-04-18 01:39:35.907327+00
591,Pernambuco,Mobiliza,Mobiliza,120363425016992076@g.us,3EB0B7AEEB785595A9F753,"Cada vez mais claro que o foco não é Pernambuco, é a imagem dela",mensagem simples,2026-04-08 14:42:05.735+00,Mobiliza PE,111055674052635@lid,Mobiliza PE,2026-04-18 01:39:35.907327+00
592,Pernambuco,Mobiliza PE,Mobiliza PE,120363405595256912@g.us,3EB0B87F8920E65C3B6814,"Boa tarde, time! Hoje o dia está leve, mas a gente sabe que nossa força está na prontidão. O lado de lá morre de medo da nossa mobilização porque sabe que quando a gente se junta, ninguém segura a verdade. 
*Eles tentam no grito, a gente vence no trabalho.*",mensagem simples,2026-03-05 17:19:24.908+00,Mobiliza PE,111055674052635@lid,Mobiliza PE,2026-04-18 01:39:35.907327+00
593,Pernambuco,Mobiliza PE,Mobiliza PE,120363405595256912@g.us,3EB0B94AC3D13535106E7E,"Que coisa linda! É isso que a população quer, melhora de vida 💛💛💛",mensagem simples,2026-03-03 08:33:41.936+00,Mobiliza PE,111055674052635@lid,Mobiliza PE,2026-04-18 01:39:35.907327+00
594,Pernambuco,Mobiliza,Mobiliza,120363425016992076@g.us,3EB0B94F76D7AB555C4683,Parabéns por trazer um tema tão importante e necessário. Combater a violência contra a mulher precisa ser prioridade sempre.,mensagem simples,2026-03-08 10:50:28.538+00,Mobiliza PE,111055674052635@lid,Mobiliza PE,2026-04-18 01:39:35.907327+00
595,Pernambuco,Mobiliza,Mobiliza,120363425016992076@g.us,3EB0B9A8C6F32D8A96AD1E,"Bom dia, minha turma! É *dia de celebrar* a cidade mais encantadora do mundo. Hoje nosso *Recife completa 489 anos*. Digo mais: ela vai além do status de capital! 

*É identidade, é nossa história.* Quem não é daqui não entende por que *a gente vibra de orgulho pelo amor à nossa cultura.*

Eu sou suspeito pra falar, *mas não troco* as pontes, o Rio Capibaribe e a grandeza do meu Recife por canto nenhum do mundo! Pode até fazer calor para três sóis, mas *é um privilégio* viver a magia que cerca a nossa Veneza Brasileira.

*Um brinde à maior e melhor cidade em linha reta do universo, com gosto de bolo de rolo, cartola e muito frevo no pé!* E quem discordar, que traga a fita métrica pra gente tirar a prova, visse?

https://www.instagram.com/p/DVyAvCJEXiU/",mensagem simples,2026-03-12 11:09:43.704+00,Mobiliza PE,111055674052635@lid,Mobiliza PE,2026-04-18 01:39:35.907327+00
596,Pernambuco,Mobiliza PE,Mobiliza PE,120363405595256912@g.us,3EB0BA43B4EC8B16A9CB33,"Sair pela porta da frente é pouco, João tá saindo pela porta do legado. Pernambuco, prepara! 🚀",mensagem simples,2026-04-02 16:26:28.306+00,Mobiliza PE,111055674052635@lid,Mobiliza PE,2026-04-18 01:39:35.907327+00
597,Pernambuco,Mobiliza PE,Mobiliza PE,120363405595256912@g.us,3EB0BA9C94CF9AFC8DC225,"*🚨MISSÃO TRIPLA FRESQUINHA🚨*

Enquanto uns só conhecem o interior pelo mapa, *João já tá com o pé na estrada pra visitar cada canto.*

Vê que massa, *João quer trazer pra todo o estado aquela pegada que deu certo na capital,* de olhar primeiro pra quem mais precisa. 

*Vamos ocupar os comentários e ir nos TRÊS LINKS lotar tudo, galera!*

*1️⃣ Link:* https://engaja.pro/missaope06-14-04

*2️⃣ Link:* https://engaja.pro/missaope07-14-04

*3️⃣ Link:* https://engaja.pro/missaope08-14-04",mensagem simples,2026-04-14 18:12:22.476+00,Mobiliza PE,111055674052635@lid,Mobiliza PE,2026-04-18 01:39:35.907327+00
598,Pernambuco,Lideranças - Mobiliza PE,Lideranças - Mobiliza PE,120363404880079867@g.us,3EB0BAB0AF4F6C11A85151,"Bom dia, líderes! 🤜🤛 
*Passando pra dizer que o trabalho de vocês tá de cinema, todo dia chega gente nova querendo somar.* 

Mas ó, amanhã é o nosso encontro do Mobiliza e a regra é clara: líder que é líder puxa a fila! 
Vamos aproveitar que o ritmo da semana começou tranquilo por aqui, e usar esse tempo para colocar em prática o que fazemos de melhor: mobilizar a galera.

Vamos nessa, e boa terça para todos! 💛",mensagem simples,2026-03-10 10:19:31.26+00,Mobiliza PE,111055674052635@lid,Mobiliza PE,2026-04-18 01:39:35.907327+00
599,Pernambuco,Mobiliza,Mobiliza,120363425016992076@g.us,3EB0BAFA048E99DC26434B,Comentários sugeridos pra você adaptar do seu jeito:,mensagem simples,2026-04-02 16:27:42.878+00,Mobiliza PE,111055674052635@lid,Mobiliza PE,2026-04-18 01:39:35.907327+00
600,Pernambuco,Mobiliza PE,Mobiliza PE,120363405595256912@g.us,3EB0BB609753964F4BBB9A,"*🚨MISSÃO NOVA NA ÁREA🚨*

Tem gente que deve tá precisando de um chá de boldo hoje, viu? 

Olharam a pesquisa e o desespero bateu forte! Enquanto eles ficam aí procurando desculpa e roendo as unhas, *a gente segue trabalhando e comemorando o reconhecimento. A diferença é grande porque o trabalho é maior ainda.* 💛🚀

*1️⃣ Bora continuar nos comentários*

*2️⃣ Link:* https://engaja.pro/missaope03-08-04",mensagem simples,2026-04-08 11:15:18.867+00,Mobiliza PE,111055674052635@lid,Mobiliza PE,2026-04-18 01:39:35.907327+00
601,Pernambuco,Lideranças - Mobiliza PE,Lideranças - Mobiliza PE,120363404880079867@g.us,3EB0BB83132B47B0B6606C,"Fala, líderes! Como estão os preparativos por aí para hoje? 

Estão lembrados do desafio de trazer gente nova para o nosso movimento? Estamos ansiosos para receber os convidados de vocês! 
Mas antes, temos dois pontos para alinhar com vocês: 
- Peçam para o pessoal entrar na comunidade usando o link personalizado de cada um de vocês. Isso é fundamental para a gente saber quem indicou!
- Orientem seus convidados a entrarem na reunião com o nome e número corretos.

*Ah, e quem já estiver com a sua galera confirmada, chama aqui no privado e manda a lista pra gente, para darmos as boas-vindas do jeitinho que eles merecem!*

É CAARGAAA 💛🚀",mensagem simples,2026-04-15 17:38:20.62+00,Mobiliza PE,111055674052635@lid,Mobiliza PE,2026-04-18 01:39:35.907327+00
602,Pernambuco,Mobiliza,Mobiliza,120363425016992076@g.us,3EB0BBAFB9A2738F62668A,Um tema sério que precisa da mobilização de toda a sociedade. Iniciativas assim fazem diferença.,mensagem simples,2026-03-08 10:50:35.256+00,Mobiliza PE,111055674052635@lid,Mobiliza PE,2026-04-18 01:39:35.907327+00
603,Pernambuco,Mobiliza,Mobiliza,120363425016992076@g.us,3EB0BBD51A2287E8E8631D,"Bom dia, turma! 

Se o ritmo lá fora tá acelerado, por aqui a gente segue naquela base: foco no que o Recife tá mostrando e olho aberto com as ""novidades"" que chegam do Estado.

Que os próximos dias sejam leves e cheios daquela ocupação inteligente que só esse grupo sabe fazer.

Bora pra cima! 🚀💛",mensagem simples,2026-02-23 09:49:19.611+00,Mobiliza PE,111055674052635@lid,Mobiliza PE,2026-04-18 01:39:35.907327+00
604,Pernambuco,Mobiliza PE,Mobiliza PE,120363405595256912@g.us,3EB0BC47D646B693CFC547,"Enquanto restauração tá caindo teto, dinheiro público vai pra instituto de pesquisa falsa",mensagem simples,2026-04-08 14:42:36.871+00,Mobiliza PE,111055674052635@lid,Mobiliza PE,2026-04-18 01:39:35.907327+00
605,Pernambuco,Mobiliza PE,Mobiliza PE,120363405595256912@g.us,3EB0BCC3F8140DF6998F59,Meu governador tá chegando! 💛,mensagem simples,2026-04-09 17:45:59.381+00,Mobiliza PE,111055674052635@lid,Mobiliza PE,2026-04-18 01:39:35.907327+00
606,Pernambuco,Mobiliza,Mobiliza,120363425016992076@g.us,3EB0BCD0DEBFD48D635BAC,*Pega a sugestão de comentário pra informar aos desavisados*,mensagem simples,2026-04-08 14:41:56.902+00,Mobiliza PE,111055674052635@lid,Mobiliza PE,2026-04-18 01:39:35.907327+00
607,Pernambuco,Mobiliza PE,Mobiliza PE,120363405595256912@g.us,3EB0BD1B4059BE6833B9DB,"Recife libera João porque Pernambuco tá precisando um bocado, vem logo 💛💛💛",mensagem simples,2026-03-19 12:46:04.662+00,Mobiliza PE,111055674052635@lid,Mobiliza PE,2026-04-18 01:39:35.907327+00
608,Pernambuco,Mobiliza,Mobiliza,120363425016992076@g.us,3EB0BD376491FFCAF675A6,"*🚨MISSÃO TRIPLA FRESQUINHA🚨*

Enquanto uns só conhecem o interior pelo mapa, *João já tá com o pé na estrada pra visitar cada canto.*

Vê que massa, *João quer trazer pra todo o estado aquela pegada que deu certo na capital,* de olhar primeiro pra quem mais precisa. 

*Vamos ocupar os comentários e ir nos TRÊS LINKS lotar tudo, galera!*

*1️⃣ Link:* https://engaja.pro/missaope06-14-04

*2️⃣ Link:* https://engaja.pro/missaope07-14-04

*3️⃣ Link:* https://engaja.pro/missaope08-14-04",mensagem simples,2026-04-14 18:13:44.187+00,Mobiliza PE,111055674052635@lid,Mobiliza PE,2026-04-18 01:39:35.907327+00
609,Pernambuco,Mobiliza PE,Mobiliza PE,120363405595256912@g.us,3EB0BD94225C9D347B7A91,"Isso aqui é resultado de quem governa de verdade. Criança atendida, mãe podendo trabalhar. João entende o que a família pernambucana precisa 💛💛",mensagem simples,2026-04-01 18:50:13.057+00,Mobiliza PE,111055674052635@lid,Mobiliza PE,2026-04-18 01:39:35.907327+00
610,Pernambuco,Mobiliza,Mobiliza,120363425016992076@g.us,3EB0BDD65A640439A8795A,A vontade de votar em João só aumenta 💛💛💛,mensagem simples,2026-03-18 15:37:57.321+00,Mobiliza PE,111055674052635@lid,Mobiliza PE,2026-04-18 01:39:35.907327+00
611,Pernambuco,Mobiliza,Mobiliza,120363425016992076@g.us,3EB0BE26D82D0370DDE4C5,É o time perfeito pra fazer mais pelo interior 💛💛,mensagem simples,2026-03-28 14:59:43.457+00,Mobiliza PE,111055674052635@lid,Mobiliza PE,2026-04-18 01:39:35.907327+00
612,Pernambuco,Mobiliza PE,Mobiliza PE,120363405595256912@g.us,3EB0BED74B9D6B819472D2,"🏆 João Accioly
🏆 Agean Tenório De Carvalho
🏆 Antônio Rufino da Costa Rodrigues
•⁠  ⁠Gabriel Morais
•⁠  ⁠Anchieta Patriota
•⁠  ⁠Luís Henrique Almeida de Oliveira
•⁠  ⁠Alessandro Escobar
•⁠  ⁠Jacy Rino
•⁠  ⁠José Sebastião de Lima
•⁠  ⁠Lucas Martins de Aguiar
Meus parabéns pelo trabalho de mobilização, vocês deram o nome! 👏👏
É essa pegada de vocês que faz o nosso movimento girar de verdade!",mensagem simples,2026-04-02 14:37:07.879+00,Mobiliza PE,111055674052635@lid,Mobiliza PE,2026-04-18 01:39:35.907327+00
613,Pernambuco,Mobiliza PE,Mobiliza PE,120363405595256912@g.us,3EB0BF73C69FEA078DA31F,Recife triplicou as vagas e ainda tem gente que pergunta se ele tá pronto pra governar o estado? Tá mais do que pronto 💛🚀,mensagem simples,2026-04-01 18:50:18.034+00,Mobiliza PE,111055674052635@lid,Mobiliza PE,2026-04-18 01:39:35.907327+00
614,Pernambuco,Mobiliza PE,Mobiliza PE,120363405595256912@g.us,3EB0BFF07700160393A122,Esse momento emocionante só me faz pensar em Eduardo. Imagina a felicidade que ele estaria em ver esses dois casando hoje 💛💛🕊️,mensagem simples,2026-02-21 17:15:15.313+00,Mobiliza PE,111055674052635@lid,Mobiliza PE,2026-04-18 01:39:35.907327+00
615,Pernambuco,Lideranças - Mobiliza PE,Lideranças - Mobiliza PE,120363404880079867@g.us,3EB0C041408889879728B5,"Fala, pessoal! Hoje o dia foi uma correria danada. Daquele jeito que a gente conhece.

Passando mais uma vez pra lembrar que em breve vai começar o nosso encontro.

*As 19h* vamos conversar sobre esse turbilhão de novidades e fazer aquela boa troca de figurinhas.

Aguardo vocês lá! Não esquece o nosso link:
https://meet.google.com/npz-izio-miu (esse é só para os líderes, em)",mensagem simples,2026-03-18 17:43:52.864+00,Mobiliza PE,111055674052635@lid,Mobiliza PE,2026-04-18 01:39:35.907327+00
616,Pernambuco,Mobiliza,Mobiliza,120363425016992076@g.us,3EB0C04AE5B25FCAC93847,(Mensagem de mídia sem texto),mensagem simples,2026-04-06 15:09:05.582+00,Mobiliza PE,111055674052635@lid,Mobiliza PE,2026-04-18 01:39:35.907327+00
617,Pernambuco,Mobiliza PE,Mobiliza PE,120363405595256912@g.us,3EB0C0607C46F189969E5F,Cada entrega dessa gestão é um argumento que não precisa nem de debate. Os fatos falam sozinhos 🚀💛,mensagem simples,2026-04-02 16:26:41.442+00,Mobiliza PE,111055674052635@lid,Mobiliza PE,2026-04-18 01:39:35.907327+00
618,Pernambuco,Mobiliza PE,Mobiliza PE,120363405595256912@g.us,3EB0C0922CE869A7800087,"Galera, *30 minutinhos* pra gente dar o start oficial! ⏳

Já avisou em casa que *a partir das 19h30* você tá em *modo Mobiliza PE?*
Hoje o papo pede atenção total porque vamos e entender como o ritmo de Recife vai ganhar corpo em cada canto de Pernambuco. 

Pega o link e já deixa no gatilho:  https://engaja.pro/encontro-mobilizape

É hora de carregar a bateria, do celular e a nossa também, pra gente entrar com tudo. 
Quem já tá com o radar ligado por aí? Solta um ⚡️ aqui no grupo!",mensagem simples,2026-03-25 19:01:44.617+00,Mobiliza PE,111055674052635@lid,Mobiliza PE,2026-04-18 01:39:35.907327+00
619,Pernambuco,Mobiliza PE,Mobiliza PE,120363405595256912@g.us,3EB0C111FD592035513B0C,"Fizeram um impeachment, perderam. Criaram uma CPI pra perder também. Deixa João trabalhar! 💛💛",mensagem simples,2026-03-02 17:22:58.511+00,Mobiliza PE,111055674052635@lid,Mobiliza PE,2026-04-18 01:39:35.907327+00
620,Pernambuco,Mobiliza,Mobiliza,120363425016992076@g.us,3EB0C114D213D869C92886,"Turma, respira fundo e segura o coração que vi uma coisa agora aqui nos bastidores que me deixou arrepiado. 🤫

Daqui a pouco vai subir um vídeo pra dar aquele nó na garganta de todo mundo, mas de um jeito bom. *Sabe quando a gente sente que uma etapa linda se cumpriu e algo ainda maior está começando?* É exatamente esse o clima.

Fiquem de olho aqui, porque grandes coisas estão por vir 🚀💛",mensagem simples,2026-03-30 21:35:15.18+00,Mobiliza PE,111055674052635@lid,Mobiliza PE,2026-04-18 01:39:35.907327+00
621,Pernambuco,Mobiliza,Mobiliza,120363425016992076@g.us,3EB0C143D826319931017F,"A diferença não é só na pesquisa, é na forma de governar 💛🚀",mensagem simples,2026-04-08 17:50:57.367+00,Mobiliza PE,111055674052635@lid,Mobiliza PE,2026-04-18 01:39:35.907327+00
622,Pernambuco,Mobiliza PE,Mobiliza PE,120363405595256912@g.us,3EB0C1D415CAC75F8EC1B5,"Pernambuco já decidiu, é João Campos no primeiro turno! 💛",mensagem simples,2026-04-16 14:07:15.175+00,Mobiliza PE,111055674052635@lid,Mobiliza PE,2026-04-18 01:39:35.907327+00
623,Pernambuco,Mobiliza,Mobiliza,120363425016992076@g.us,3EB0C1E40B2D376FFBC995,"CPI do Circo, só se for. A questão já foi resolvida. É página virada.",mensagem simples,2026-03-02 17:25:48.843+00,Mobiliza PE,111055674052635@lid,Mobiliza PE,2026-04-18 01:39:35.907327+00
624,Pernambuco,Mobiliza,Mobiliza,120363425016992076@g.us,3EB0C229104EDD53B9D566,Arquivam a CPI Bilionária do primo de Raquel Lyra e ninguém veio aqui falar nada… 💛,mensagem simples,2026-03-03 11:21:16.159+00,Mobiliza PE,111055674052635@lid,Mobiliza PE,2026-04-18 01:39:35.907327+00
625,Pernambuco,Mobiliza,Mobiliza,120363425016992076@g.us,3EB0C232C5686F0C585D7A,"Bora encerrar esse sábado com nossa *SAIDEIRA TRIPLA* dessa maratona de celebração. É a última onda amarela pra deixar o instagram com a cara da felicidade do nosso prefeito e de Tabata! 💛💛💛
*O esquema é o de sempre: escolhe um comentário, coloca o teu tempero e carimba nos três links abaixo. Copiou, colou, foi!*
1. https://engaja.pro/pemissao6-21-02
2. https://engaja.pro/pemissao7-21-02
3. https://engaja.pro/pemissao8-21-02",mensagem simples,2026-02-21 21:16:56.023+00,Mobiliza PE,111055674052635@lid,Mobiliza PE,2026-04-18 01:39:35.907327+00
626,Pernambuco,Mobiliza PE,Mobiliza PE,120363405595256912@g.us,3EB0C2A1EBBC6FBBE65312,Sugestões de comentários pra tu se inspirar *(lembra de ajustar do teu jeito)*:,mensagem simples,2026-03-25 15:53:40.284+00,Mobiliza PE,111055674052635@lid,Mobiliza PE,2026-04-18 01:39:35.907327+00
627,Pernambuco,Mobiliza,Mobiliza,120363425016992076@g.us,3EB0C2AC41678BB7CAD6FE,"Pernambuco já decidiu, é João Campos no primeiro turno! 💛",mensagem simples,2026-04-16 14:08:16.068+00,Mobiliza PE,111055674052635@lid,Mobiliza PE,2026-04-18 01:39:35.907327+00
628,Pernambuco,Mobiliza PE,Mobiliza PE,120363405595256912@g.us,3EB0C2BAAC724981760946,"Chapas se formando e Pernambuco de olho em você, meu prefeito 💛💛💛",mensagem simples,2026-03-18 15:33:29.789+00,Mobiliza PE,111055674052635@lid,Mobiliza PE,2026-04-18 01:39:35.907327+00
629,Pernambuco,Mobiliza PE,Mobiliza PE,120363405595256912@g.us,3EB0C3329012376E8A1145,*COMENTÁRIOS PARA VOCÊ SE INSPIRAR (não copie e cole):*,mensagem simples,2026-03-27 13:05:13.066+00,Mobiliza PE,111055674052635@lid,Mobiliza PE,2026-04-18 01:39:35.907327+00
630,Pernambuco,Mobiliza,Mobiliza,120363425016992076@g.us,3EB0C3907976431D334915,*Ideias de comentários para você adaptar do seu jeito:*,mensagem simples,2026-03-02 17:25:47.142+00,Mobiliza PE,111055674052635@lid,Mobiliza PE,2026-04-18 01:39:35.907327+00
631,Pernambuco,Mobiliza PE,Mobiliza PE,120363405595256912@g.us,3EB0C44BC6920DFECB4C23,*Sugestão de comentários (não copia):*,mensagem simples,2026-03-30 16:29:26.46+00,Mobiliza PE,111055674052635@lid,Mobiliza PE,2026-04-18 01:39:35.907327+00
632,Pernambuco,Lideranças - Mobiliza PE,Lideranças - Mobiliza PE,120363404880079867@g.us,3EB0C49B823724F6F866FD,"Portas abertas para as lideranças! 🚨

Já estamos ao vivo tratando do que interessa. Ainda dá tempo de pegar o bonde e participar das definições de hoje.

**CLICA E VEM:** https://meet.google.com/npz-izio-miu

Simbora ajustar o passo!",mensagem simples,2026-03-25 19:00:49.619+00,Mobiliza PE,111055674052635@lid,Mobiliza PE,2026-04-18 01:39:35.907327+00
633,Pernambuco,Mobiliza PE,Mobiliza PE,120363405595256912@g.us,3EB0C4A4AC5C40AC207C74,Time tá formado pra transformar Pernambuco de verdade. Bora com João! 💛,mensagem simples,2026-03-27 13:06:11.431+00,Mobiliza PE,111055674052635@lid,Mobiliza PE,2026-04-18 01:39:35.907327+00
634,Pernambuco,Mobiliza,Mobiliza,120363425016992076@g.us,3EB0C4B64D4C13E690BD62,"Cada creche nova é uma mãe que pode trabalhar, uma criança que aprende, uma família que avança. É assim que se governa 🚀💛💛",mensagem simples,2026-04-01 18:49:40.53+00,Mobiliza PE,111055674052635@lid,Mobiliza PE,2026-04-18 01:39:35.907327+00
635,Pernambuco,Mobiliza PE,Mobiliza PE,120363405595256912@g.us,3EB0C4BC16DCC5F0C82AD8,"Sexta-feira já é boa por natureza, né?
Sexta com feriado então… melhor ainda.",mensagem simples,2026-03-06 15:23:09.924+00,Mobiliza PE,111055674052635@lid,Mobiliza PE,2026-04-18 01:39:35.907327+00
636,Pernambuco,Mobiliza PE,Mobiliza PE,120363405595256912@g.us,3EB0C503388D72947CBFDE,"Meu povo, que coisa linda ver as redes cada vez mais cheias de amarelo!💛
*Mas a galera de lá não para e a gente não pode vacilar!*
Quem ainda não chegou junto hoje, corre que ainda dá tempo de deixar claro pra todo o estado que #VemJoão e não tem quem segure!

*Confere aí checklist do dia, e não pula nenhuma!*

📍 Missão 1 : https://engaja.pro/missaope1-02-04 
📍 Missão 2: https://engaja.pro/missaope2-02-04 
📍 Missão 3: https://engaja.pro/missaope3-02-04 
📍 Missão 4: https://engaja.pro/missaope4-02-04 
📍 Missão 5: https://engaja.pro/missaope5-02-04 
📍 Missão 6: https://engaja.pro/missaope6-02-04

As sugestões de comentários estão logo aqui em cima nos posts de mais cedo. 
É só adaptar e mandar ver!",mensagem simples,2026-04-02 18:08:11.644+00,Mobiliza PE,111055674052635@lid,Mobiliza PE,2026-04-18 01:39:35.907327+00
637,Pernambuco,Mobiliza,Mobiliza,120363425016992076@g.us,3EB0C607B019F8C9FBFA1F,Prometeu e cumpriu! É assim que se faz gestão. Quem faz pelo Recife vai fazer por Pernambuco inteiro! 💛,mensagem simples,2026-03-30 18:26:56.09+00,Mobiliza PE,111055674052635@lid,Mobiliza PE,2026-04-18 01:39:35.907327+00
638,Pernambuco,Mobiliza,Mobiliza,120363425016992076@g.us,3EB0C6C2EDE45FCBCF1BC5,Vem João mostrar como se faz gestão de verdade em Pernambuco 💛,mensagem simples,2026-03-19 12:47:03.703+00,Mobiliza PE,111055674052635@lid,Mobiliza PE,2026-04-18 01:39:35.907327+00
639,Pernambuco,Mobiliza,Mobiliza,120363425016992076@g.us,3EB0C6C3ABA4C415B9E8AA,"A diferença não é só na pesquisa, é na forma de governar 💛🚀",mensagem simples,2026-04-08 09:56:51.174+00,Mobiliza PE,111055674052635@lid,Mobiliza PE,2026-04-18 01:39:35.907327+00
640,Pernambuco,Mobiliza PE,Mobiliza PE,120363405595256912@g.us,3EB0C86D106DFCD2FC5EF4,"Esse é o tipo de candidato que Pernambuco merece: com plano, com meta e com coragem 💛",mensagem simples,2026-04-14 08:19:38.692+00,Mobiliza PE,111055674052635@lid,Mobiliza PE,2026-04-18 01:39:35.907327+00
641,Pernambuco,Mobiliza PE,Mobiliza PE,120363405595256912@g.us,3EB0C8D84ADEBA21BC8E40,"Ô povo desenrolado! *Missão dada é missão cumprida, visse?*

Passando pra saber quem já deu aquele check nas 4 missões de hoje? Vê só: em 4 minutinhos você resolve tudo. É o tempo da água do café ferver ou de esperar o sinal da Agamenon abrir! 

*Bora mostrar a força* de quem vê a cidade mudando de verdade, *vamos deixar as postagens com a nossa cara!*

🔗 Missão 1: https://engaja.pro/missaope1-27-03
🔗 Missão 2: https://engaja.pro/missaope2-27-03
🔗 Missão 3: https://engaja.pro/missaope3-27-03
🔗 Missão 4: https://engaja.pro/missaope4-27-03",mensagem simples,2026-03-27 17:56:04.652+00,Mobiliza PE,111055674052635@lid,Mobiliza PE,2026-04-18 01:39:35.907327+00
642,Pernambuco,Mobiliza PE,Mobiliza PE,120363405595256912@g.us,3EB0C938AC7E34960EBD6B,"🚨 PARA TUDO, GALERA!!!🚨

Quem tem limite é município, porque essa galera aqui abraçou o Desafio +2 e foi além! Que coisa linda ver vocês chegando no Mobiliza PE ontem com o bonde formado e trazendo gente pelo braço.

QUE RUFEM OS TAMBORES!
🥁🥁🥁🥁🥁🥁🥁",mensagem simples,2026-04-02 14:36:45.786+00,Mobiliza PE,111055674052635@lid,Mobiliza PE,2026-04-18 01:39:35.907327+00
643,Pernambuco,Mobiliza PE,Mobiliza PE,120363405595256912@g.us,3EB0C943E5B4CC0A168393,"🚨*BORA PARA MAIS UMA MISSÃO NA PEGADA DO PRIMEIRO TURNO!* 🚨

*É NO PRIMEIRO TURNO!*
Enquanto Raquel tá lá se rendendo ao 💛, a gente está aqui arregaçando as mangas! #PEpraFrente

Link: https://engaja.pro/misssaope05-16-04",mensagem simples,2026-04-16 17:00:27.935+00,Mobiliza PE,111055674052635@lid,Mobiliza PE,2026-04-18 01:39:35.907327+00
644,Pernambuco,Mobiliza,Mobiliza,120363425016992076@g.us,3EB0C9A9C5B05837E1668A,*Sugestões de comentário para se inspirar e adaptar do seu jeito:*,mensagem simples,2026-04-10 18:51:41.1+00,Mobiliza PE,111055674052635@lid,Mobiliza PE,2026-04-18 01:39:35.907327+00
645,Pernambuco,Mobiliza,Mobiliza,120363425016992076@g.us,3EB0CA06C99A4500B66122,Se fosse essa a escalação da copa o hexa tava garantido! 💛💛,mensagem simples,2026-03-28 14:59:41.529+00,Mobiliza PE,111055674052635@lid,Mobiliza PE,2026-04-18 01:39:35.907327+00
646,Pernambuco,Mobiliza,Mobiliza,120363425016992076@g.us,3EB0CAE66E2CBBB3C59065,"O palanque de João Campos hoje no Centro de Convenções foi de arrepiar, minha gente! Mostrou que o homem não tá só: *tá com o povo e com as maiores lideranças do nosso estado.* É o time do trabalho vindo com tudo!

1️⃣ *AS MISSÕES (Vapt-Vupt!):*

👉 https://engaja.pro/missaope6-28-03
👉 https://engaja.pro/missaope7-28-03

2️⃣ *BORA MOER NOS COMENTÁRIOS!*
Vocês já estão ligados no esquema: nada de robô! *Comenta do teu jeito,* com aquele sentimento de que Pernambuco tá no caminho certo.",mensagem simples,2026-03-28 17:48:58.953+00,Mobiliza PE,111055674052635@lid,Mobiliza PE,2026-04-18 01:39:35.907327+00
647,Pernambuco,Mobiliza,Mobiliza,120363425016992076@g.us,3EB0CAEF62728822D199C5,"Aqui é assim, *pesquisa dando vitória no primeiro turno!* E tem mais coisa boa! Ainda não é São João, mas já tem milhão na área! Logo três... 💛

*1️⃣ Vamos compartilhar muito essa conquista! 💛🚀*

*2️⃣ Link:* https://engaja.pro/missaope07-08-04",mensagem simples,2026-04-08 19:11:03.261+00,Mobiliza PE,111055674052635@lid,Mobiliza PE,2026-04-18 01:39:35.907327+00
648,Pernambuco,Mobiliza PE,Mobiliza PE,120363405595256912@g.us,3EB0CB1161E8F00D8E77EB,"Quando a liderança dá o exemplo, o time inteiro levanta. É isso aqui 💛",mensagem simples,2026-04-14 16:27:22.884+00,Mobiliza PE,111055674052635@lid,Mobiliza PE,2026-04-18 01:39:35.907327+00
649,Pernambuco,Mobiliza PE,Mobiliza PE,120363405595256912@g.us,3EB0CB852E864A2F86D0AD,"*Já já vamos abrir as portas, galera! Estamos preparando tudo por aqui.* ⚡️

Se o seu café ainda não foi para o fogo, a hora é essa! Corre para dar tempo de ele ficar pronto e você já estar sentadinho com a gente às **19h30**.

Pega aí o link: https://meet.google.com/tif-zugp-sqg

*Hoje o clima é de construção e pé no acelerador. É o momento de a gente carregar as baterias para levar esse ritmo da capital para o estado todo.*

Quem aí já está com o café no fogo? Manda um ☕️!",mensagem simples,2026-03-04 19:01:44.666+00,Mobiliza PE,111055674052635@lid,Mobiliza PE,2026-04-18 01:39:35.907327+00
650,Pernambuco,Mobiliza,Mobiliza,120363425016992076@g.us,3EB0CB8BBA01094BBFBAE0,"Isso aqui é resultado de quem governa de verdade. Criança atendida, mãe podendo trabalhar. João entende o que a família pernambucana precisa 💛💛",mensagem simples,2026-04-01 18:49:54.819+00,Mobiliza PE,111055674052635@lid,Mobiliza PE,2026-04-18 01:39:35.907327+00
651,Pernambuco,Mobiliza PE,Mobiliza PE,120363405595256912@g.us,3EB0CBFDF4102DDCF11002,"Vem mostrar como se governa com eficiência, meu prefeito 💛💛💛",mensagem simples,2026-03-18 10:28:20.982+00,Mobiliza PE,111055674052635@lid,Mobiliza PE,2026-04-18 01:39:35.907327+00
652,Pernambuco,Mobiliza PE,Mobiliza PE,120363405595256912@g.us,3EB0CC1EADCCAAD07F41E5,"Encerrar o ciclo na prefeitura assim, com entrega, com emoção, com legado — só quem governa de verdade consegue 💛💛",mensagem simples,2026-04-02 16:26:13.893+00,Mobiliza PE,111055674052635@lid,Mobiliza PE,2026-04-18 01:39:35.907327+00
653,Pernambuco,Mobiliza PE,Mobiliza PE,120363405595256912@g.us,3EB0CCA830BC85E3ABF790,"🚀 OPA GALERAA, MISSÃO TRIPLA NA AREA!

Bora, turma! Enquanto o lado de lá gasta energia tentando entender como a gente mantém o ritmo, a gente gasta a nossa mostrando por que o Recife virou vitrine pra Pernambuco.

*O homem já botou o pé na estrada, mas a gente precisa garantir que o barulho das entregas chegue antes dele em cada cidade desse estado.* 

Segue o combo pra gente moer nos comentários agora:

Missão 1:https://engaja.pro/missaope2-02-04
Missão 2:https://engaja.pro/missaope3-02-04
Missão 3:https://engaja.pro/missaope4-02-04",mensagem simples,2026-04-02 12:28:28.96+00,Mobiliza PE,111055674052635@lid,Mobiliza PE,2026-04-18 01:39:35.907327+00
654,Pernambuco,Mobiliza PE,Mobiliza PE,120363405595256912@g.us,3EB0CCADBA7A9991B4410C,(Mensagem de mídia sem texto),mensagem simples,2026-03-23 09:45:56.422+00,Mobiliza PE,111055674052635@lid,Mobiliza PE,2026-04-18 01:39:35.907327+00
655,Pernambuco,Mobiliza PE,Mobiliza PE,120363405595256912@g.us,3EB0CCBF3678E45F1162D7,"Nossa quarta sagrada entregou tudo de novo. Sala cheia, ideias alinhadas e aquele sentimento de que a gente tá no caminho certo.
Obrigado a cada um que parou um pouquinho a rotina para somar com o Mobiliza PE! *É gente de verdade, com vontade de verdade! Bora que o futuro é logo ali!*",mensagem simples,2026-03-04 21:04:28.528+00,Mobiliza PE,111055674052635@lid,Mobiliza PE,2026-04-18 01:39:35.907327+00
656,Pernambuco,Mobiliza,Mobiliza,120363425016992076@g.us,3EB0CD54162B3E6FA3F5B4,"Sexta-feira já é boa por natureza, né?
Sexta com feriado então… melhor ainda.",mensagem simples,2026-03-06 15:27:41.08+00,Mobiliza PE,111055674052635@lid,Mobiliza PE,2026-04-18 01:39:35.907327+00
657,Pernambuco,Mobiliza PE,Mobiliza PE,120363405595256912@g.us,3EB0CD7604BDEE09A09A66,"Opa, galera! *Tá na mão o link* pra ninguém se perder no horário mais tarde. ⚡️

Já salva aí:
https://meet.google.com/tif-zugp-sqg

Hoje o papo é sobre como a gente pega esse modelo de sucesso do Recife e faz ele ecoar no estado todo. É o nosso time mostrando que *organização vence qualquer gritaria.* Nos vemos às *19h30*! 💛🚀",mensagem simples,2026-03-11 16:06:48.757+00,Mobiliza PE,111055674052635@lid,Mobiliza PE,2026-04-18 01:39:35.907327+00
658,Pernambuco,Mobiliza,Mobiliza,120363425016992076@g.us,3EB0CDA89B59F67F00E455,"*AQUI PROMETEU CRECHE E ENTREGOU DE VERDADE!*

É Recife cuidando do futuro e dando tranquilidade pra quem precisa trabalhar. O resultado tá aí pra todo mundo ver. É o maior investimento da história, visse? É daqui pra melhor! 💛 🚀

*1️⃣ VAMOS ESPALHAR ESSA NOTÍCIA! COMPARTILHA MUITO NOS STATUS, STORIES, EM TODAS AS REDES!*

*2️⃣ Link:* https://engaja.pro/missaope01-01-04",mensagem simples,2026-04-01 18:49:15.72+00,Mobiliza PE,111055674052635@lid,Mobiliza PE,2026-04-18 01:39:35.907327+00
659,Pernambuco,Mobiliza,Mobiliza,120363425016992076@g.us,3EB0CE9C9016C476B28B2E,João entregou mais uma! Tô fechado com esse candidato ao governo do estado 💛🚀,mensagem simples,2026-03-30 18:27:09.861+00,Mobiliza PE,111055674052635@lid,Mobiliza PE,2026-04-18 01:39:35.907327+00
660,Pernambuco,Mobiliza,Mobiliza,120363425016992076@g.us,3EB0CEB84BE1202D2CC95F,"Tá chegando a hora e a ansiedade só aumenta… Vem logo, João 💛💛",mensagem simples,2026-03-18 15:37:29.889+00,Mobiliza PE,111055674052635@lid,Mobiliza PE,2026-04-18 01:39:35.907327+00
661,Pernambuco,Lideranças - Mobiliza PE,Lideranças - Mobiliza PE,120363404880079867@g.us,3EB0CED42702C1CDB2836D,"*Mobiliza PE:*

Bom dia, turma! Março ta no nosso ritmo: *voando.* 💛🚀

*O Mobiliza é o que faz a nossa verdade chegar mais longe,* e por isso nosso encontro de *quarta, às 19:30h* já ta marcado. 

Esse é o momento pra carregar as baterias e também uma chance de *quem ta chegando agora conhecer mais de pertinho*. Vamos ajustar a mira para que a segunda metade do mês seja ainda mais barulhenta (do jeito certo, com trabalho!).

Conto vocês da casa pra recepcionar o pessoal que ta chegando agora. 🚀",mensagem simples,2026-03-17 10:50:39.867+00,Mobiliza PE,111055674052635@lid,Mobiliza PE,2026-04-18 01:39:35.907327+00
662,Pernambuco,Mobiliza PE,Mobiliza PE,120363405595256912@g.us,3EB0CFCC5F042BC9148A86,"Já já vamos abrir as portas, galera! Estamos preparando tudo por aqui. ⚡️

Se o seu café ainda não foi para o fogo, a hora é essa! Corre para dar tempo de ele ficar pronto e você já estar sentadinho com a gente às **19h30**.

Pega aí o link: https://meet.google.com/tif-zugp-sqg

Hoje o clima é de construção e pé no acelerador. É o momento de a gente carregar as baterias para levar esse ritmo da capital para o estado todo.

Quem aí já está com o café no fogo? Manda um ☕️!",mensagem simples,2026-03-04 19:32:51.234+00,Mobiliza PE,111055674052635@lid,Mobiliza PE,2026-04-18 01:39:35.907327+00
663,Pernambuco,Mobiliza,Mobiliza,120363425016992076@g.us,3EB0D07230FD20F5810169,"*🚨MISSÃO NOVA, GALERA!!🚨*

Tem gente que deve tá procurando onde enfiar a cara depois dessa pesquisa, visse?

*1️⃣ Bora comentar bastante por lá 💛*

*2️⃣ LINK:* https://engaja.pro/missaope06-08-04",mensagem simples,2026-04-08 17:50:37.361+00,Mobiliza PE,111055674052635@lid,Mobiliza PE,2026-04-18 01:39:35.907327+00
664,Pernambuco,Mobiliza PE,Mobiliza PE,120363405595256912@g.us,3EB0D117720825EA07D718,"O povo de Pernambuco está pronto para voar alto com você, João! 💛",mensagem simples,2026-03-27 16:24:01.67+00,Mobiliza PE,111055674052635@lid,Mobiliza PE,2026-04-18 01:39:35.907327+00
665,Pernambuco,Lideranças - Mobiliza PE,Lideranças - Mobiliza PE,120363404880079867@g.us,3EB0D16FC106775AEDAC48,"Bom dia! 🚀

⚠️ Passando pra lembrar: *hoje é o último dia* para enviar o perfil de apoio ao João Campos da sua cidade no Instagram. ⚠️

Se ainda não fez, corre lá! É rápido:

1. Cria um perfil com: *@tocomjoao + nome da cidade* _(ex: @tocomjoaocaruaru)_. No conteúdo, basta replicar o que João e a gente já posta.

2. *Me manda o link!*

Exemplo: https://www.instagram.com/tocomjoaocaetes

Se não tiver prática com o digital, sem problema. Chama alguém de confiança pra ajudar. Você mobiliza e a pessoa cuida da parte técnica.

*Vamos nessa! 💛*",mensagem simples,2026-04-15 07:24:18.427+00,Mobiliza PE,111055674052635@lid,Mobiliza PE,2026-04-18 01:39:35.907327+00
666,Pernambuco,Lideranças - Mobiliza PE,Lideranças - Mobiliza PE,120363404880079867@g.us,3EB0D1A5274D28E4CDBAE8,"*É hora de virar o jogo, é hora de Pernambuco avançar!*

Por isso o nosso encontro de hoje às *19h* é fundamental, nosso objetivo é organizar a estratégia que vai garantir a nossa dominância em Pernambuco! *Agora é #PEPraFrente mais do que nunca. #VEMJOÃO 💛🚀*

Um bom dia a todos! ☀️",mensagem simples,2026-03-25 10:16:06.714+00,Mobiliza PE,111055674052635@lid,Mobiliza PE,2026-04-18 01:39:35.907327+00
667,Pernambuco,Mobiliza,Mobiliza,120363425016992076@g.us,3EB0D1B08E36C8D82218BE,"Aqui é entrega de creche de verdade, né tapume não 💛💛💛💛",mensagem simples,2026-03-03 08:39:25.28+00,Mobiliza PE,111055674052635@lid,Mobiliza PE,2026-04-18 01:39:35.907327+00
668,Pernambuco,Mobiliza PE,Mobiliza PE,120363405595256912@g.us,3EB0D1E4D5D1E4B9FBE683,"Atenção, sobreviventes do dia.

Em 30 minutos a sala abre. 19h30. Se você já está deitado pensando “ninguém vai notar se eu não for”, eu noto, viu? ahaha. 👀
Bora lá, minha galera. Vai ser rápido, estratégico. É tipo café forte: pequeno, mas acorda.
Link: https://meet.google.com/tif-zugp-sqg

Quem vem, deixa um 💛 pra eu saber que ainda há vida desse lado.",mensagem simples,2026-02-25 19:00:41.533+00,Mobiliza PE,111055674052635@lid,Mobiliza PE,2026-04-18 01:39:35.907327+00
669,Pernambuco,Mobiliza,Mobiliza,120363425016992076@g.us,3EB0D21577C26B88F9AF85,"Gradual, responsável, com treinamento da Polícia Federal. É assim que se faz, sem populismo! João tá pronto pro estado 💛🚀",mensagem simples,2026-03-30 18:26:45.94+00,Mobiliza PE,111055674052635@lid,Mobiliza PE,2026-04-18 01:39:35.907327+00
670,Pernambuco,Mobiliza,Mobiliza,120363425016992076@g.us,3EB0D3A46569C145DF9983,"Lamentável como tudo que essa governadora bota a mão vira escândalo, tá repreendido! Vem logo, João!",mensagem simples,2026-03-25 15:56:07.3+00,Mobiliza PE,111055674052635@lid,Mobiliza PE,2026-04-18 01:39:35.907327+00
671,Pernambuco,Mobiliza,Mobiliza,120363425016992076@g.us,3EB0D3E9C7577F18FED108,"Bom dia, pessoal! ☀️

*MISSÃO TRIPLA FRESQUINHA*

*Eles não param de tentar criar narrativas* sobre coisas que só existem na cabeça deles. Enquanto eles vão ficando cada vez mais roxos de raiva, *a gente vai pintando a nossa história com* o que realmente importa: *trabalho, seriedade e transparência.*

Falta pouco para nossa chapa ser oficializada, *vambora dar aquele apoio* de quem é gente de verdade e *amarelar os comentários.* 💛🚀

🔗Missão 1: https://engaja.pro/missaope1-19-03
🔗Missão 2: https://engaja.pro/missaope2-19-03
🔗MIssão 3: https://engaja.pro/missaope3-19-03",mensagem simples,2026-03-19 12:45:10.102+00,Mobiliza PE,111055674052635@lid,Mobiliza PE,2026-04-18 01:39:35.907327+00
672,Pernambuco,Mobiliza PE,Mobiliza PE,120363405595256912@g.us,3EB0D470C4158E8DD5EDB5,Pesquisa confirmando o que a gente já sentia nas ruas 💛,mensagem simples,2026-04-16 14:07:37.939+00,Mobiliza PE,111055674052635@lid,Mobiliza PE,2026-04-18 01:39:35.907327+00
673,Pernambuco,Mobiliza,Mobiliza,120363425016992076@g.us,3EB0D4CB9F8FDC41D8028F,"*Sugestão de comentarios, sem copia e cola, vamos nessa!!*",mensagem simples,2026-04-14 08:20:33.239+00,Mobiliza PE,111055674052635@lid,Mobiliza PE,2026-04-18 01:39:35.907327+00
674,Pernambuco,Mobiliza,Mobiliza,120363425016992076@g.us,3EB0D4FA601EF465C91F36,"Galera, agora que #VEMJOAO é uma realidade a gente tem que mostrar ainda mais força!

Isso significa não deixar eles se safarem com a conversinha deles.
*Vamo chegar junto na missão e mostrar que Pernambucano não leva desaforo pra casa!*

Tá aí os links:
🔗Missão 1: https://engaja.pro/missao-pe1-25-03
🔗Missão 2: https://engaja.pro/missao-pe2-25-03

*Quem não foi lá deixar um comentário antes, corre que ainda dá tempo de somar nessa luta!*",mensagem simples,2026-03-25 18:54:20.024+00,Mobiliza PE,111055674052635@lid,Mobiliza PE,2026-04-18 01:39:35.907327+00
675,Pernambuco,Mobiliza,Mobiliza,120363425016992076@g.us,3EB0D546B90C6A097E1EEE,"O ritmo é outro, a vontade é outra. É disso que o estado precisa 💛",mensagem simples,2026-04-15 12:11:15.532+00,Mobiliza PE,111055674052635@lid,Mobiliza PE,2026-04-18 01:39:35.907327+00
676,Pernambuco,Mobiliza PE,Mobiliza PE,120363405595256912@g.us,3EB0D551C212CBD415311F,João Campos não deixou pendência nenhuma pra trás. Entregou tudo! Pernambuco merece um governador assim 💛🚀🚀,mensagem simples,2026-03-30 18:28:34.095+00,Mobiliza PE,111055674052635@lid,Mobiliza PE,2026-04-18 01:39:35.907327+00
677,Pernambuco,Mobiliza,Mobiliza,120363425016992076@g.us,3EB0D5C200172463584FFC,"🚨 MISSÃO NOVA NA ÁREA 🚨

João tá em ação! Como é bom ver *gente que não tem medo de encarar os desafios.* É por essa força que estamos aqui! Bora fazer o estado brilhar! 💛

*1️⃣ Bora moer nos comentários 🚀*

*2️⃣ Link:* https://engaja.pro/missaope01-15-04",mensagem simples,2026-04-15 12:11:07.336+00,Mobiliza PE,111055674052635@lid,Mobiliza PE,2026-04-18 01:39:35.907327+00
678,Pernambuco,Mobiliza PE,Mobiliza PE,120363405595256912@g.us,3EB0D5C8D9820D2EEBAACE,*O café tá coado e a xícara já tá no ponto! Pausa pro cafezinho da tarde porque eu quero perguntar uma coisa pra vocês.*,mensagem simples,2026-04-15 16:42:41.069+00,Mobiliza PE,111055674052635@lid,Mobiliza PE,2026-04-18 01:39:35.907327+00
679,Pernambuco,Mobiliza PE,Mobiliza PE,120363405595256912@g.us,3EB0D6043CF73324590199,"Fala, meu povo! Tudo tranquilo?

Passando só pra dar aquele alô sobre os dados que passamos antes das nossas reuniões. Quem puder dar uma conferida se o nome e o telefone estão batendo direitinho, ajuda demais a gente na organização e pra chegar junto no momento de incluir na comunidade.",mensagem simples,2026-04-15 10:25:10.898+00,Mobiliza PE,111055674052635@lid,Mobiliza PE,2026-04-18 01:39:35.907327+00
680,Pernambuco,Mobiliza PE,Mobiliza PE,120363405595256912@g.us,3EB0D67204E62B4E4446DC,*Sugestões de comentários:*,mensagem simples,2026-03-08 10:52:41.115+00,Mobiliza PE,111055674052635@lid,Mobiliza PE,2026-04-18 01:39:35.907327+00
681,Pernambuco,Mobiliza PE,Mobiliza PE,120363405595256912@g.us,3EB0D6891DCF7395856042,"Triplicar as vagas de creche não é promessa, é o que João já fez no Recife. Agora imagina isso no estado inteiro! 💛",mensagem simples,2026-04-01 18:50:12.022+00,Mobiliza PE,111055674052635@lid,Mobiliza PE,2026-04-18 01:39:35.907327+00
682,Pernambuco,Mobiliza PE,Mobiliza PE,120363405595256912@g.us,3EB0D7106F7BCFB340227E,"Turma, respira fundo e segura o coração que vi uma coisa agora aqui nos bastidores que me deixou arrepiado. 🤫

Daqui a pouco vai subir um vídeo pra dar aquele nó na garganta de todo mundo, mas de um jeito bom. *Sabe quando a gente sente que uma etapa linda se cumpriu e algo ainda maior está começando?* É exatamente esse o clima.

Fiquem de olho aqui, porque grandes coisas estão por vir 🚀💛",mensagem simples,2026-03-30 21:35:14.898+00,Mobiliza PE,111055674052635@lid,Mobiliza PE,2026-04-18 01:39:35.907327+00
683,Pernambuco,Mobiliza PE,Mobiliza PE,120363405595256912@g.us,3EB0D711E5DCE3C9B3DABA,"Tem alguém aí? 👀 Ou o juízo já tá na primeira gelada? hahaha.

Chegou o momento de reconhecer quem não ficou de braços cruzados esperando o tempo passar! O Mobiliza PE tá ganhando corpo e a *gente precisa dar o braço a torcer pra quem tá na linha de frente puxando o povo.*

QUE RUFEM OS TAMBORES 🥁🥁🥁🥁 (ou o trompete de Alessandro, que o barulho é maior! 🎺)

*Confere aí quem foram os desenrolados que dominaram os rankings:*",mensagem simples,2026-03-27 19:31:31.062+00,Mobiliza PE,111055674052635@lid,Mobiliza PE,2026-04-18 01:39:35.907327+00
684,Pernambuco,Mobiliza PE,Mobiliza PE,120363405595256912@g.us,3EB0D73265B45CB4A8C446,João vem resolver essa bagunça de Pernambuco agora 💛💛,mensagem simples,2026-03-18 10:28:02.766+00,Mobiliza PE,111055674052635@lid,Mobiliza PE,2026-04-18 01:39:35.907327+00
685,Pernambuco,Mobiliza PE,Mobiliza PE,120363405595256912@g.us,3EB0D76A01E72CD1CF91E9,Pernambuco inteiro vai sentir essa entrega. Tô com muito orgulho 💛💛,mensagem simples,2026-04-14 18:13:13.487+00,Mobiliza PE,111055674052635@lid,Mobiliza PE,2026-04-18 01:39:35.907327+00
686,Pernambuco,Mobiliza PE,Mobiliza PE,120363405595256912@g.us,3EB0D76E93C3884DBD4BE3,"*🚨MISSÃO DUPLA🚨*

🔗 Missão 1: https://engaja.pro/missaope1-27-03
🔗 Missão 2: https://engaja.pro/missaope2-27-03

Boa tarde, time! *O prefeito hoje deu aquele recado* de quem não aguenta ver coisa errada e ficar parado, visse? Falou do Ulysses Pernambucano *porque quem cuida da casa, quer cuidar do bairro e da cidade toda.* É o estilo da gente: *trabalho gera mais trabalho.*

A galera do coração roxo tá lá dizendo que é cedo pra falar de estado. *Cedo pra quem não faz nada, né? Pra quem faz, todo dia é hora.*

Bora lá deixar um comentário sobre essa disposição? 💛🚀",mensagem simples,2026-03-27 13:05:11.652+00,Mobiliza PE,111055674052635@lid,Mobiliza PE,2026-04-18 01:39:35.907327+00
687,Pernambuco,Mobiliza PE,Mobiliza PE,120363405595256912@g.us,3EB0D7767E3FEB3B957CA5,"Isso é só pra garantir que ninguém fique no vácuo na hora de entrar e, se precisar, a gente consiga dar aquele suporte no privado sem erro.
Quem já conferiu, tá de parabéns! Quem ainda não viu, dá esse grauzinho aí pra gente botar pra moer. Tamo junto!",mensagem simples,2026-04-15 10:25:12.162+00,Mobiliza PE,111055674052635@lid,Mobiliza PE,2026-04-18 01:39:35.907327+00
688,Pernambuco,Mobiliza PE,Mobiliza PE,120363405595256912@g.us,3EB0D7860107D9FB8760CE,"E pros veteranos, já sabem, né? 
Conto com vocês lá pra receber essa galera e fortalecer o time. 🚀",mensagem simples,2026-03-10 10:16:45.33+00,Mobiliza PE,111055674052635@lid,Mobiliza PE,2026-04-18 01:39:35.907327+00
689,Pernambuco,Mobiliza PE,Mobiliza PE,120363405595256912@g.us,3EB0D79188736D9DA529B8,"🚨*ALERTA DE GENTE QUE NÃO FICA PARADA!*🚨

Galera, tem gente que diz que o WhatsApp só serve pra grupo de família e figurinha de Bom dia, mas aqui a gente mostra como é que se faz!

O RANKING semanal tá saindo do forno e eu tô só de olho em quem tá com o dedo viciado em convidar gente boa. Então toma, e aqui ninguém perde, porque quanto mais gente, mais forte o *Mobiliza* fica.

*ESTÃO PRONTOS?! BORA MOER!!*",mensagem simples,2026-04-17 12:01:34.756+00,Mobiliza PE,111055674052635@lid,Mobiliza PE,2026-04-18 01:39:35.907327+00
690,Pernambuco,Mobiliza PE,Mobiliza PE,120363405595256912@g.us,3EB0D7A7027EE3AA31C2B8,Que presente de despedida pra cidade! Isso é história 💛,mensagem simples,2026-04-02 16:25:59.626+00,Mobiliza PE,111055674052635@lid,Mobiliza PE,2026-04-18 01:39:35.907327+00
691,Pernambuco,Mobiliza PE,Mobiliza PE,120363405595256912@g.us,3EB0D849FD5DC705B028BA,"Bora dar aquele gás aqui no nosso movimento, comentar, trocar ideia, fazer acontecer de verdade!",mensagem simples,2026-04-14 10:34:16.127+00,Mobiliza PE,111055674052635@lid,Mobiliza PE,2026-04-18 01:39:35.907327+00
692,Pernambuco,Mobiliza,Mobiliza,120363425016992076@g.us,3EB0D924C5F465FE7E0C45,"*Sugestões de comentários pra você dar seu molho:*

R$ 160 milhões pra quem não podia nem assinar contrato? É a gestão da carona e do descaso.

Enquanto falta fardamento e merenda, sobra dinheiro pra empresa inidônea. Prioridades, né?

Engraçado que o contrato não passou pela PGE da prima. Coincidência grande demais... 🤔

A gente quer obra entregue, não contrato suspeito. Que saudade de uma gestão que sabe o que faz!

Pagar 90% do contrato em tempo recorde pra uma empresa suspensa? Isso aqui tá parecendo filme de terror.

O Detran é valente com o cidadão, mas o Governo é bonzinho com empresa proibida pela lei. Explica essa!",mensagem simples,2026-03-11 20:16:32.403+00,Mobiliza PE,111055674052635@lid,Mobiliza PE,2026-04-18 01:39:35.907327+00
693,Pernambuco,Mobiliza PE,Mobiliza PE,120363405595256912@g.us,3EB0D956CE8F106080B68B,"O trabalho não para e agora o estado todo precisa de você, João! 💛💛💛",mensagem simples,2026-03-27 16:23:52.221+00,Mobiliza PE,111055674052635@lid,Mobiliza PE,2026-04-18 01:39:35.907327+00
694,Pernambuco,Mobiliza PE,Mobiliza PE,120363405595256912@g.us,3EB0D9C3D70721E979783B,Liderança que cresce é assim: com entrega e confiança do povo 💛🚀,mensagem simples,2026-04-08 09:57:11.013+00,Mobiliza PE,111055674052635@lid,Mobiliza PE,2026-04-18 01:39:35.907327+00
695,Pernambuco,Mobiliza PE,Mobiliza PE,120363405595256912@g.us,3EB0DA42E8767CFC5BD9AE,O nosso segredo não é robô nem texto copiado. É gente de verdade tirando 30 segundos do dia pra mostrar a força do que Recife tá vivendo e o que Pernambuco também merece.,mensagem simples,2026-03-09 17:17:15.571+00,Mobiliza PE,111055674052635@lid,Mobiliza PE,2026-04-18 01:39:35.907327+00
696,Pernambuco,Mobiliza PE,Mobiliza PE,120363405595256912@g.us,3EB0DB64015ED3014BFACD,*Pega a sugestão de comentário pra informar aos desavisados*,mensagem simples,2026-04-08 14:42:34.673+00,Mobiliza PE,111055674052635@lid,Mobiliza PE,2026-04-18 01:39:35.907327+00
697,Pernambuco,Mobiliza,Mobiliza,120363425016992076@g.us,3EB0DBD7CB42F17B096A64,"*Bora, time!* Nossa missão mais cedo foi massa, mas sempre cabe mais um pouquinho de amor.

*Vamos dar aquele gás* do #sextou pra ocupar aquele espaço com a nossa alegria de sempre?

*É só clicar no link e deixar sua marca. Aproveita pra compartilhar com os amigos! 💛🚀*

*#VEMJOAO💛 #JOAOGOVERNADOR💛*

*🟡Missão 1:* https://engaja.pro/missaope4-20-03
*🟡Missão 2:* https://engaja.pro/missaope5-20-03
*🟡Missão 3:* https://engaja.pro/missaope6-20-03
*🟡Missão 4:* https://engaja.pro/missaope7-20-03",mensagem simples,2026-03-20 18:17:34.174+00,Mobiliza PE,111055674052635@lid,Mobiliza PE,2026-04-18 01:39:35.907327+00
698,Pernambuco,Mobiliza PE,Mobiliza PE,120363405595256912@g.us,3EB0DBE907E90986B16457,"Vem colocar Pernambuco no rumo certo, meu prefeito 💛",mensagem simples,2026-03-19 12:43:39.512+00,Mobiliza PE,111055674052635@lid,Mobiliza PE,2026-04-18 01:39:35.907327+00
699,Pernambuco,Mobiliza PE,Mobiliza PE,120363405595256912@g.us,3EB0DC0270F1BAAEA9AE9B,"Parece que a oposição tá com tempo de sobra hoje, né? O desespero bateu na porta deles! 💜🤡

Eles querem atenção, mas a gente só vai dar amor... *para os nossos!*

• *NÃO responda aos ataques deles.* Deixa eles passarem vergonha no vácuo. 
• *Vá nos comentários dos nossos amigos e encha de apoio.*

A meta é: Zero respostas para eles e 100% de apoio para os nossos!

*Link direto aos comentários que estão sofrendo ataque organizado:*

*1️⃣Link:* https://www.instagram.com/p/DWyeEItDRwg?comment_id=18108677530657500

*2️⃣Link:* https://www.instagram.com/p/DWyeEItDRwg?comment_id=18108677530657500

*3️⃣Link:* https://www.instagram.com/p/DWyeEItDRwg?comment_id=18390903052156541",mensagem simples,2026-04-06 14:10:41.514+00,Mobiliza PE,111055674052635@lid,Mobiliza PE,2026-04-18 01:39:35.907327+00
700,Pernambuco,Lideranças - Mobiliza PE,Lideranças - Mobiliza PE,120363404880079867@g.us,3EB0DC2F4DA07964451B9C,"*Um aviso ligeiro, minha gente!* 😄

Na entrada do nosso encontro hoje às 19h, vocês vão ver um formulário curtinho lá. É pá-pum mesmo! Mais rápido que café coado.

A gente colocou isso pra não ficar perdido com aqueles nomes de e-mail estranhos que aparecem no Meet, sabe? *Queremos saber exatamente quem é cada um de vocês que está fazendo o movimento crescer de verdade, pra gente dar o crédito certo e planejar os próximos passos com precisão.*

Chega junto, preenche lá com os dados certinhos pra gente saber que você tá na área e simbora que hoje vai ser massa!",mensagem simples,2026-04-01 17:54:49.774+00,Mobiliza PE,111055674052635@lid,Mobiliza PE,2026-04-18 01:39:35.907327+00
701,Pernambuco,Mobiliza,Mobiliza,120363425016992076@g.us,3EB0DC6E1117B966CF7AB9,"Recife libera João porque Pernambuco tá precisando um bocado, vem logo 💛💛💛",mensagem simples,2026-03-18 10:29:17.638+00,Mobiliza PE,111055674052635@lid,Mobiliza PE,2026-04-18 01:39:35.907327+00
702,Pernambuco,Mobiliza PE,Mobiliza PE,120363405595256912@g.us,3EB0DC8FE226FEB173EC93,*IDEIAS PRA COMENTAR (DO SEU JEITO):*,mensagem simples,2026-03-03 08:33:31.2+00,Mobiliza PE,111055674052635@lid,Mobiliza PE,2026-04-18 01:39:35.907327+00
703,Pernambuco,Mobiliza,Mobiliza,120363425016992076@g.us,3EB0DCDF1501E38C5E9ABC,"Cada vaga de creche criada é uma mãe que pôde trabalhar, uma criança que teve acesso à educação. Resultado real na vida real. É disso que Pernambuco precisa 💛",mensagem simples,2026-04-02 12:31:31.089+00,Mobiliza PE,111055674052635@lid,Mobiliza PE,2026-04-18 01:39:35.907327+00
704,Pernambuco,Mobiliza PE,Mobiliza PE,120363405595256912@g.us,3EB0DCEDEF565364829C96,Começou o circo político. Já fizeram um impeachment que não deu em nada. Tão desesperados... 💛💛💛,mensagem simples,2026-03-02 17:23:00.702+00,Mobiliza PE,111055674052635@lid,Mobiliza PE,2026-04-18 01:39:35.907327+00
705,Pernambuco,Mobiliza PE,Mobiliza PE,120363405595256912@g.us,3EB0DD70EF1D1DDE2E32F4,Um tema sério que precisa da mobilização de toda a sociedade. Iniciativas assim fazem diferença.,mensagem simples,2026-03-08 10:53:01.493+00,Mobiliza PE,111055674052635@lid,Mobiliza PE,2026-04-18 01:39:35.907327+00
706,Pernambuco,Lideranças - Mobiliza PE,Lideranças - Mobiliza PE,120363404880079867@g.us,3EB0DD7F569F7AD8192AD4,"*A gente tem um bocado de nó pra desatar e o movimento não pode ficar parado feito água de poço.*

Por isso, meus líderes, às 19h, estaremos lá pra alinhar os ponteiros e botar pra moer.",mensagem simples,2026-04-08 10:19:51.264+00,Mobiliza PE,111055674052635@lid,Mobiliza PE,2026-04-18 01:39:35.907327+00
707,Pernambuco,Mobiliza,Mobiliza,120363425016992076@g.us,3EB0DDB39AF38F18076B2C,*COMENTÁRIOS PARA VOCÊ SE INSPIRAR (não copie e cole):*,mensagem simples,2026-03-27 16:23:45.548+00,Mobiliza PE,111055674052635@lid,Mobiliza PE,2026-04-18 01:39:35.907327+00
708,Pernambuco,Mobiliza PE,Mobiliza PE,120363405595256912@g.us,3EB0DDC561521568C664B6,"Rapaaaz, a semana tá passando tão rápido que hoje já é terça. E já começamos como? Mandando a primeira missão, visse?! 🔥",mensagem simples,2026-04-14 10:34:12.173+00,Mobiliza PE,111055674052635@lid,Mobiliza PE,2026-04-18 01:39:35.907327+00
709,Pernambuco,Mobiliza,Mobiliza,120363425016992076@g.us,3EB0DE3323A778BF3CD672,"*🚨 MISSÃO DUPLA FRESQUINHA 🚨*

🔗 Missão 1: https://engaja.pro/missaope3-27-03
🔗 Missão 2: https://engaja.pro/missaope4-27-03

Galera, enquanto a turma tá ficando cada vez mais roxa de raiva, *a gente chega com o sorriso no rosto pra mostrar que união e trabalho é o que faz Pernambuco avançar.*

Bora ocupar esses dois posts com a nossa energia boa?",mensagem simples,2026-03-27 16:23:03.464+00,Mobiliza PE,111055674052635@lid,Mobiliza PE,2026-04-18 01:39:35.907327+00
710,Pernambuco,Mobiliza PE,Mobiliza PE,120363405595256912@g.us,3EB0DE3B1FDC2611759223,Pernambuco vai ter um governador que trabalha dobrado quando precisa. Tô dentro 🚀💛,mensagem simples,2026-04-14 16:26:54.176+00,Mobiliza PE,111055674052635@lid,Mobiliza PE,2026-04-18 01:39:35.907327+00
711,Pernambuco,Mobiliza,Mobiliza,120363425016992076@g.us,3EB0DE5583368E9DA4E970,"🚀 SIMBORA MEU POVO, QUE É HORA DE MISSÃO DUPLA!

*O coração tá batendo que quase sai peito!*
O homem entregou a chave da prefeitura do jeito que a gente gosta: trabalhando até o último minuto e inaugurando o maior parque da cidade.

Enquanto a oposição rói as unhas vendo esse legado, a gente vai inundar as redes para mostrar que o Recife ficou pequeno para tanto trabalho. Pernambuco tá chamando! 🚀 

*Corre lá, deixa a curtida, o comentário e o sentimento que João Campos é o futuro desse estado!*

Missão 1: https://engaja.pro/missaope5-02-04
missão 2: https://engaja.pro/missaope6-02-04

*Amarela tudo pra mostrar a força desse time!*💛",mensagem simples,2026-04-02 16:27:32.586+00,Mobiliza PE,111055674052635@lid,Mobiliza PE,2026-04-18 01:39:35.907327+00
712,Pernambuco,Mobiliza,Mobiliza,120363425016992076@g.us,3EB0DE7CD6071F90CC47E3,Olha tamanho do abandono. A diferença começa na gestão. E a gente sabe quem tem capacidade de virar esse jogo em Pernambuco. 💛💛,mensagem simples,2026-04-06 16:53:55.806+00,Mobiliza PE,111055674052635@lid,Mobiliza PE,2026-04-18 01:39:35.907327+00
713,Pernambuco,Mobiliza,Mobiliza,120363425016992076@g.us,3EB0DEB89CDC4F8BE405FC,*Sugestão de comentários (não copia):*,mensagem simples,2026-03-30 16:29:16.351+00,Mobiliza PE,111055674052635@lid,Mobiliza PE,2026-04-18 01:39:35.907327+00
714,Pernambuco,Mobiliza PE,Mobiliza PE,120363405595256912@g.us,3EB0DEDC0FA4F0C9D85988,"Já começou o Mobiliza PE, turma! 🚀🌊

Já tem uma galera animada aqui mas seu lugar tá garantido. Chega junto pra gente entender como vai ser a pegada dessa semana. O futuro de Pernambuco passa por esse encontro aqui!

**ENTRA AQUI:** https://meet.google.com/tif-zugp-sqg
Simbora que ainda dá tempo!",mensagem simples,2026-03-11 19:31:07.417+00,Mobiliza PE,111055674052635@lid,Mobiliza PE,2026-04-18 01:39:35.907327+00
715,Pernambuco,Mobiliza PE,Mobiliza PE,120363405595256912@g.us,3EB0DF4B3F0501331BAA65,"E fazemos questão de fazer uma menção especial aos nossos TOP 3 Mobilizadores: João Accioly, Agean Tenório e Antônio Rufino. 
Os homi tavam inspirados e trouxeram 5 ou mais pessoas cada um!🏆",mensagem simples,2026-04-02 14:40:44.53+00,Mobiliza PE,111055674052635@lid,Mobiliza PE,2026-04-18 01:39:35.907327+00
716,Pernambuco,Lideranças - Mobiliza PE,Lideranças - Mobiliza PE,120363404880079867@g.us,3EB0DF8CE875CA4E06CD63,"Fala, líderes! Já vou deixar aqui com vocês o link do nosso encontro de mais tarde. Salva aí para não ter erro:

https://meet.google.com/npz-izio-miu

*Hoje as 19h estaremos apresentando algumas ferramentas novas que estamos trazendo para facilitar a vida de vocês e algumas iniciativas importantes que vocês precisam estar por dentro.*

Mas, principalmente: queremos ouvir o que vocês trazem do campo. Esse 'lá e cá' é o que faz a nossa estratégia ser de verdade. Nos vemos lá! 💛🚀",mensagem simples,2026-03-04 15:08:53.151+00,Mobiliza PE,111055674052635@lid,Mobiliza PE,2026-04-18 01:39:35.907327+00
717,Pernambuco,Mobiliza PE,Mobiliza PE,120363405595256912@g.us,3EB0E016135211AE9763FF,*Ideias de comentários para você adaptar do seu jeito:*,mensagem simples,2026-03-02 17:22:53.259+00,Mobiliza PE,111055674052635@lid,Mobiliza PE,2026-04-18 01:39:35.907327+00
718,Pernambuco,Mobiliza PE,Mobiliza PE,120363405595256912@g.us,3EB0E0F482AF7C1446ED07,Que tristeza ver pernambuco passando vergonha nacional mais uma vez. Espero que meu prefeito venha logo ajeitar essas coisas 💛,mensagem simples,2026-03-25 15:53:58.156+00,Mobiliza PE,111055674052635@lid,Mobiliza PE,2026-04-18 01:39:35.907327+00
719,Pernambuco,Mobiliza PE,Mobiliza PE,120363405595256912@g.us,3EB0E10256D02751B36816,Chega de politicagem na segurança! João vai tratar isso com seriedade do primeiro dia 🚀💛,mensagem simples,2026-04-14 08:18:36.272+00,Mobiliza PE,111055674052635@lid,Mobiliza PE,2026-04-18 01:39:35.907327+00
720,Pernambuco,Mobiliza PE,Mobiliza PE,120363405595256912@g.us,3EB0E118E9949F48344E83,Era uma questão administrativa entre dois PCDs. O cara já está nomeado e tudo. Deixa o homem trabalhar. 💛💛💛💛💛,mensagem simples,2026-03-02 17:23:03.202+00,Mobiliza PE,111055674052635@lid,Mobiliza PE,2026-04-18 01:39:35.907327+00
721,Pernambuco,Mobiliza,Mobiliza,120363425016992076@g.us,3EB0E23609C2229E4BB87E,"O crime avançou porque faltou liderança. Com João governando, a história muda 🚀💛",mensagem simples,2026-04-14 08:22:07.548+00,Mobiliza PE,111055674052635@lid,Mobiliza PE,2026-04-18 01:39:35.907327+00
722,Pernambuco,Mobiliza PE,Mobiliza PE,120363405595256912@g.us,3EB0E2AE184091396A1E55,"Recife, libera logo João! 💛",mensagem simples,2026-03-27 13:05:29.545+00,Mobiliza PE,111055674052635@lid,Mobiliza PE,2026-04-18 01:39:35.907327+00
723,Pernambuco,Mobiliza,Mobiliza,120363425016992076@g.us,3EB0E2C59226247B943C54,"Bora dar aquele gás aqui no nosso movimento, comentar, trocar ideia, fazer acontecer de verdade!",mensagem simples,2026-04-14 10:34:26.798+00,Mobiliza PE,111055674052635@lid,Mobiliza PE,2026-04-18 01:39:35.907327+00
724,Pernambuco,Mobiliza PE,Mobiliza PE,120363405595256912@g.us,3EB0E2FDB51CCF8EC7A12D,Não vejo a hora de chegar na urna e escolher João 💛💛,mensagem simples,2026-03-19 12:45:25.13+00,Mobiliza PE,111055674052635@lid,Mobiliza PE,2026-04-18 01:39:35.907327+00
725,Pernambuco,Mobiliza PE,Mobiliza PE,120363405595256912@g.us,3EB0E35656B9C3F78B839E,"Segura, Pernambuco… porque meu governador tá chegando! 💛🚀",mensagem simples,2026-03-31 08:21:32.045+00,Mobiliza PE,111055674052635@lid,Mobiliza PE,2026-04-18 01:39:35.907327+00
726,Pernambuco,Mobiliza PE,Mobiliza PE,120363405595256912@g.us,3EB0E364FB2FC1C0405F5A,Não vejo a hora de chegar na urna e escolher João 💛💛,mensagem simples,2026-03-18 15:33:35.857+00,Mobiliza PE,111055674052635@lid,Mobiliza PE,2026-04-18 01:39:35.907327+00
727,Pernambuco,Mobiliza,Mobiliza,120363425016992076@g.us,3EB0E3EAAB550B852215F9,Cadê a CPI da Caruaruense? 3 anos sem pagar um real de fiscalização. É Festival Pernambuco meu Painho mesmo...,mensagem simples,2026-03-02 17:26:12.233+00,Mobiliza PE,111055674052635@lid,Mobiliza PE,2026-04-18 01:39:35.907327+00
728,Pernambuco,Mobiliza,Mobiliza,120363425016992076@g.us,3EB0E44022CD836F863B55,João Campos não deixou pendência nenhuma pra trás. Entregou tudo! Pernambuco merece um governador assim 💛🚀🚀,mensagem simples,2026-03-30 18:27:14.505+00,Mobiliza PE,111055674052635@lid,Mobiliza PE,2026-04-18 01:39:35.907327+00
729,Pernambuco,Mobiliza,Mobiliza,120363425016992076@g.us,3EB0E46914129F81D7FDFC,A sensação é de que o estado inteiro tá acordando pra uma coisa que Recife já sabia: João Campos é o nome 💛💛🚀,mensagem simples,2026-04-06 09:37:06.75+00,Mobiliza PE,111055674052635@lid,Mobiliza PE,2026-04-18 01:39:35.907327+00
730,Pernambuco,Mobiliza PE,Mobiliza PE,120363405595256912@g.us,3EB0E5A741DD5798AEB91B,"*Pega a sugestão do comentário, adapta e brilha! 🚀💛*",mensagem simples,2026-04-15 12:10:41.2+00,Mobiliza PE,111055674052635@lid,Mobiliza PE,2026-04-18 01:39:35.907327+00
731,Pernambuco,Mobiliza PE,Mobiliza PE,120363405595256912@g.us,3EB0E61B23A3274AA90AB9,Comentários sugeridos pra você adaptar do seu jeito:,mensagem simples,2026-04-02 16:25:47.375+00,Mobiliza PE,111055674052635@lid,Mobiliza PE,2026-04-18 01:39:35.907327+00
732,Pernambuco,Mobiliza,Mobiliza,120363425016992076@g.us,3EB0E64D288B66ACE9451C,Tá chegando a hora… Pernambuco já sente que meu governador tá chegando! 💛🚀,mensagem simples,2026-03-31 08:20:22.056+00,Mobiliza PE,111055674052635@lid,Mobiliza PE,2026-04-18 01:39:35.907327+00
733,Pernambuco,Mobiliza PE,Mobiliza PE,120363405595256912@g.us,3EB0E6583006245362C0F6,"*Turma, vamos transformar esses comentários num mar de felicitações! 💛 Escolhe um desses comentários, dá o seu toque pessoal e carimba nos três links. Assim, o topo das postagens fica só com a energia boa de quem torce pelo casal!*",mensagem simples,2026-02-21 17:22:25.968+00,Mobiliza PE,111055674052635@lid,Mobiliza PE,2026-04-18 01:39:35.907327+00
734,Pernambuco,Mobiliza PE,Mobiliza PE,120363405595256912@g.us,3EB0E6BD45E91A5DBAD2D6,"Tá chegando a hora e a ansiedade só aumenta… Vem logo, João 💛💛",mensagem simples,2026-03-18 15:33:00.299+00,Mobiliza PE,111055674052635@lid,Mobiliza PE,2026-04-18 01:39:35.907327+00
735,Pernambuco,Mobiliza,Mobiliza,120363425016992076@g.us,3EB0E6CA802F80D530B645,"*Agora é hora de fazer a diferença!*  Em 2 minutinhos você vai compartilhar muito essa publicação de João 💛 bora deixar o comentário também. Segue o passo que é rapidinho.

1️⃣  - *Compartilha* e comenta muito! 🚀
*Missão 1:* https://engaja.pro/missaope5-28-03
2️⃣  - *Comenta bastante,* vamo amarelar geral! 💛
*Missão 2:* https://engaja.pro/missaope3-28-03
*Missão 3:* https://engaja.pro/missaope4-28-03",mensagem simples,2026-03-28 14:59:14.976+00,Mobiliza PE,111055674052635@lid,Mobiliza PE,2026-04-18 01:39:35.907327+00
736,Pernambuco,Mobiliza PE,Mobiliza PE,120363405595256912@g.us,3EB0E716187E499C3C1C96,"O que Eduardo começou, João vai continuar. 🚀💛",mensagem simples,2026-03-27 16:23:28.755+00,Mobiliza PE,111055674052635@lid,Mobiliza PE,2026-04-18 01:39:35.907327+00
737,Pernambuco,Mobiliza PE,Mobiliza PE,120363405595256912@g.us,3EB0E76E31A077CD99FE63,Esse time tá cheio de camisa 10 💛💛,mensagem simples,2026-03-28 16:17:07.646+00,Mobiliza PE,111055674052635@lid,Mobiliza PE,2026-04-18 01:39:35.907327+00
738,Pernambuco,Mobiliza PE,Mobiliza PE,120363405595256912@g.us,3EB0E7DD751DB0C2B5146B,"Triplicar as vagas de creche no Recife não foi sorte, foi planejamento e vontade política. Imagina isso multiplicado por todo Pernambuco. Tô ansioso demais pra ver 🚀💛",mensagem simples,2026-04-02 12:29:09.169+00,Mobiliza PE,111055674052635@lid,Mobiliza PE,2026-04-18 01:39:35.907327+00
739,Pernambuco,Mobiliza PE,Mobiliza PE,120363405595256912@g.us,3EB0E82277B267B07016C7,"Esse é o perfil de governador que o estado precisa, que faz de verdade 💛💛💛💛💛",mensagem simples,2026-03-03 08:34:38.974+00,Mobiliza PE,111055674052635@lid,Mobiliza PE,2026-04-18 01:39:35.907327+00
740,Pernambuco,Mobiliza PE,Mobiliza PE,120363405595256912@g.us,3EB0E8E8BF1B9BD46BC607,"Olhem como a oposição está se organizando nos posts. *Se a gente não ocupa os espaços, a narrativa deles vira verdade absoluta para quem está só de passagem.* Não podemos dar brecha! 
Lembrem-se: *o algoritmo entende que o que tem mais curtida é o mais relevante.* Passem lá, deem aquele like nos nossos.",mensagem simples,2026-04-02 19:36:15.332+00,Mobiliza PE,111055674052635@lid,Mobiliza PE,2026-04-18 01:39:35.907327+00
741,Pernambuco,Mobiliza PE,Mobiliza PE,120363405595256912@g.us,3EB0E9554B9DBECCB75DF5,Time fechado aqui do Sertão até o litoral. Quem conhece a realidade dessas estradas sabe que não dá pra continuar nesse caminho. A mudança tem data marcada e o nome tá na cabeça de todo mundo. 💛💛🚀,mensagem simples,2026-04-06 16:52:29.235+00,Mobiliza PE,111055674052635@lid,Mobiliza PE,2026-04-18 01:39:35.907327+00
742,Pernambuco,Mobiliza,Mobiliza,120363425016992076@g.us,3EB0E9687FCF0C821D118C,"Triplicar as vagas de creche não é promessa, é o que João já fez no Recife. Agora imagina isso no estado inteiro! 💛",mensagem simples,2026-04-01 18:49:43.696+00,Mobiliza PE,111055674052635@lid,Mobiliza PE,2026-04-18 01:39:35.907327+00
743,Pernambuco,Mobiliza PE,Mobiliza PE,120363405595256912@g.us,3EB0E999FA0F08318B254D,Pernambuco tá sinalizando que quer mais gestão e menos promessa 💛🚀,mensagem simples,2026-04-08 17:51:40.689+00,Mobiliza PE,111055674052635@lid,Mobiliza PE,2026-04-18 01:39:35.907327+00
744,Pernambuco,Mobiliza PE,Mobiliza PE,120363405595256912@g.us,3EB0E9A120229874F19793,"*Sugestões de comentários pra você dar seu molho:*

R$ 160 milhões pra quem não podia nem assinar contrato? É a gestão da carona e do descaso.

Enquanto falta fardamento e merenda, sobra dinheiro pra empresa inidônea. Prioridades, né?

Engraçado que o contrato não passou pela PGE da prima. Coincidência grande demais... 🤔

A gente quer obra entregue, não contrato suspeito. Que saudade de uma gestão que sabe o que faz!

Pagar 90% do contrato em tempo recorde pra uma empresa suspensa? Isso aqui tá parecendo filme de terror.

O Detran é valente com o cidadão, mas o Governo é bonzinho com empresa proibida pela lei. Explica essa!",mensagem simples,2026-03-11 20:15:22.953+00,Mobiliza PE,111055674052635@lid,Mobiliza PE,2026-04-18 01:39:35.907327+00
745,Pernambuco,Mobiliza,Mobiliza,120363425016992076@g.us,3EB0E9B599CB7BCD102B76,Como é bom ver um casal trabalhador e que se ama tanto recebendo as bençãos de Deus. Toda felicidade do mundo ao casal! 💛💛,mensagem simples,2026-02-21 17:15:48.853+00,Mobiliza PE,111055674052635@lid,Mobiliza PE,2026-04-18 01:39:35.907327+00
746,Pernambuco,Mobiliza PE,Mobiliza PE,120363405595256912@g.us,3EB0EA93E4EF297E4C6D44,"Esse é o João que a gente confia: quanto maior o desafio, maior a entrega 💛🚀",mensagem simples,2026-04-15 12:10:43.111+00,Mobiliza PE,111055674052635@lid,Mobiliza PE,2026-04-18 01:39:35.907327+00
747,Pernambuco,Mobiliza,Mobiliza,120363425016992076@g.us,3EB0EB52365501F3C6DBE4,"Enquanto restauração tá caindo teto, dinheiro público vai pra instituto de pesquisa falsa",mensagem simples,2026-04-08 14:42:00.241+00,Mobiliza PE,111055674052635@lid,Mobiliza PE,2026-04-18 01:39:35.907327+00
748,Pernambuco,Mobiliza,Mobiliza,120363425016992076@g.us,3EB0EBB2A18C063CBB2247,"*Galera, se liga nisso aqui rapidinho…*

De um lado: creche entregue.🥹
Do outro: promessa entregue? 🤭

Tem comparação que nem precisa de legenda….",mensagem simples,2026-03-03 18:06:18.481+00,Mobiliza PE,111055674052635@lid,Mobiliza PE,2026-04-18 01:39:35.907327+00
749,Pernambuco,Mobiliza PE,Mobiliza PE,120363405595256912@g.us,3EB0EBFC5B609BABCF047B,Olha tamanho do abandono. A diferença começa na gestão. E a gente sabe quem tem capacidade de virar esse jogo em Pernambuco. 💛💛,mensagem simples,2026-04-06 16:52:27.318+00,Mobiliza PE,111055674052635@lid,Mobiliza PE,2026-04-18 01:39:35.907327+00
750,Pernambuco,Mobiliza PE,Mobiliza PE,120363405595256912@g.us,3EB0EC532AEF4D8689B182,"Tô sentindo que o pessoal da vingancinha tá meio sem argumento nos comentários hoje... *quem já passou lá nas missões pra equilibrar o debate?*

🔗 Missão 1 : https://engaja.pro/missaope-18-03 
🔗Missão 2 : https://engaja.pro/missaope2-18-03",mensagem simples,2026-03-18 13:49:34.617+00,Mobiliza PE,111055674052635@lid,Mobiliza PE,2026-04-18 01:39:35.907327+00
751,Pernambuco,Mobiliza,Mobiliza,120363425016992076@g.us,3EB0ECB0E34B8D508B3CE3,"Pernambuco tem gente boa demais pra continuar sendo mal governado. O #PEpraFrente começa com a escolha certa nas urnas, e o time já sabe disso faz tempo 💛💛",mensagem simples,2026-04-06 16:54:06.45+00,Mobiliza PE,111055674052635@lid,Mobiliza PE,2026-04-18 01:39:35.907327+00
752,Pernambuco,Mobiliza,Mobiliza,120363425016992076@g.us,3EB0ECFE41908C5535A491,Não precisa nem pensar duas vezes. Meu voto tá garantido faz tempo 🚀💛,mensagem simples,2026-04-14 18:14:09.408+00,Mobiliza PE,111055674052635@lid,Mobiliza PE,2026-04-18 01:39:35.907327+00
753,Pernambuco,Mobiliza PE,Mobiliza PE,120363405595256912@g.us,3EB0ED004CC41F3C5FEFCA,"*O compromisso já tá marcado no calendário pra ninguém se perder?*

Reage aqui nessa mensagem com um 💛, vamos sentir o clima!",mensagem simples,2026-03-24 13:04:38.255+00,Mobiliza PE,111055674052635@lid,Mobiliza PE,2026-04-18 01:39:35.907327+00
754,Pernambuco,Mobiliza PE,Mobiliza PE,120363405595256912@g.us,3EB0ED0F648A7CEC10EA56,"*Galera, o trabalho tá de primeira, mas não pode esmorecer.* Quem tá no topo, não se acomode, e quem tá fora, trate de chegar junto! A gente quer ver essa mobilização crescendo de verdade, com todo mundo puxando pelo menos um pra somar.
Agora pode comemorar que o Sextou é oficial! *Mas fiquem de olho que esse final de semana tem missão, hein?*
Vamo simbora, Mobiliza PE! #VemJoão 🚀",mensagem simples,2026-03-27 19:36:47.315+00,Mobiliza PE,111055674052635@lid,Mobiliza PE,2026-04-18 01:39:35.907327+00
755,Pernambuco,Mobiliza PE,Mobiliza PE,120363405595256912@g.us,3EB0ED3B2B018E3788C9B9,"Bora encerrar esse sábado com nossa *SAIDEIRA TRIPLA* dessa maratona de celebração. É a última onda amarela pra deixar o instagram com a cara da felicidade do nosso prefeito e de Tabata! 💛💛💛
*O esquema é o de sempre: escolhe um comentário, coloca o teu tempero e carimba nos três links abaixo. Copiou, colou, foi!*
1. https://engaja.pro/pemissao6-21-02
2. https://engaja.pro/pemissao7-21-02
3. https://engaja.pro/pemissao8-21-02",mensagem simples,2026-02-21 21:15:07.367+00,Mobiliza PE,111055674052635@lid,Mobiliza PE,2026-04-18 01:39:35.907327+00
756,Pernambuco,Mobiliza,Mobiliza,120363425016992076@g.us,3EB0ED3B55A5E5C492B9D2,João vem resolver essa bagunça de Pernambuco agora 💛💛,mensagem simples,2026-03-18 10:29:14.89+00,Mobiliza PE,111055674052635@lid,Mobiliza PE,2026-04-18 01:39:35.907327+00
757,Pernambuco,Mobiliza PE,Mobiliza PE,120363405595256912@g.us,3EB0ED89254E96D8558723,"Vão abrir contra a CPI da empresa de ônibus do pai, da mãe e da irmã de Raquel?",mensagem simples,2026-03-02 17:23:07.312+00,Mobiliza PE,111055674052635@lid,Mobiliza PE,2026-04-18 01:39:35.907327+00
758,Pernambuco,Mobiliza PE,Mobiliza PE,120363405595256912@g.us,3EB0EE896839FBEB00ADB0,"*🚨 MISSÃO DUPLA FRESQUINHA 🚨*

🔗 Missão 1: https://engaja.pro/missaope3-27-03
🔗 Missão 2: https://engaja.pro/missaope4-27-03

Galera, enquanto a turma tá ficando cada vez mais roxa de raiva, *a gente chega com o sorriso no rosto pra mostrar que união e trabalho é o que faz Pernambuco avançar.*

Bora ocupar esses dois posts com a nossa energia boa?",mensagem simples,2026-03-27 16:21:51.268+00,Mobiliza PE,111055674052635@lid,Mobiliza PE,2026-04-18 01:39:35.907327+00
759,Pernambuco,Mobiliza,Mobiliza,120363425016992076@g.us,3EB0EEB2C529AF07403791,Começou o circo político. Já fizeram um impeachment que não deu em nada. Tão desesperados... 💛💛💛,mensagem simples,2026-03-02 17:25:53.277+00,Mobiliza PE,111055674052635@lid,Mobiliza PE,2026-04-18 01:39:35.907327+00
760,Pernambuco,Mobiliza PE,Mobiliza PE,120363405595256912@g.us,3EB0EFC153EBB040AA5636,"Galera, agora que #VEMJOAO é uma realidade a gente tem que mostrar ainda mais força!

Isso significa não deixar eles se safarem com a conversinha deles.
*Vamo chegar junto na missão e mostrar que Pernambucano não leva desaforo pra casa!*

Tá aí os links:
🔗Missão 1: https://engaja.pro/missao-pe1-25-03
🔗Missão 2: https://engaja.pro/missao-pe2-25-03

*Quem não foi lá deixar um comentário antes, corre que ainda dá tempo de somar nessa luta!*",mensagem simples,2026-03-25 18:53:59.635+00,Mobiliza PE,111055674052635@lid,Mobiliza PE,2026-04-18 01:39:35.907327+00
761,Pernambuco,Mobiliza PE,Mobiliza PE,120363405595256912@g.us,3EB0EFC538A42074AC8C9C,"*AQUI PROMETEU CRECHE E ENTREGOU DE VERDADE!*

É Recife cuidando do futuro e dando tranquilidade pra quem precisa trabalhar. O resultado tá aí pra todo mundo ver. É o maior investimento da história, visse? É daqui pra melhor! 💛 🚀

*1️⃣ VAMOS ESPALHAR ESSA NOTÍCIA! COMPARTILHA MUITO NOS STATUS, STORIES, EM TODAS AS REDES!*

*2️⃣ Link:* https://engaja.pro/missaope01-01-04",mensagem simples,2026-04-01 18:49:20.978+00,Mobiliza PE,111055674052635@lid,Mobiliza PE,2026-04-18 01:39:35.907327+00
762,Pernambuco,Mobiliza,Mobiliza,120363425016992076@g.us,3EB0F045880C0C57013683,"*Pega a sugestão do comentário, adapta e brilha! 🚀💛*",mensagem simples,2026-04-15 12:11:08.052+00,Mobiliza PE,111055674052635@lid,Mobiliza PE,2026-04-18 01:39:35.907327+00
763,Pernambuco,Mobiliza PE,Mobiliza PE,120363405595256912@g.us,3EB0F0884AA27150A1033E,Que bom ouvir um candidato falar com técnica e sem discurso vazio sobre segurança 💛🚀,mensagem simples,2026-04-14 08:18:28.815+00,Mobiliza PE,111055674052635@lid,Mobiliza PE,2026-04-18 01:39:35.907327+00
764,Pernambuco,Mobiliza,Mobiliza,120363425016992076@g.us,3EB0F1A1EE96073F78D471,"No Recife foi assim, no estado vai ser igual. Quem entrega não tem medo de desafio 💛💛",mensagem simples,2026-04-14 16:26:10.695+00,Mobiliza PE,111055674052635@lid,Mobiliza PE,2026-04-18 01:39:35.907327+00
765,Pernambuco,Mobiliza PE,Mobiliza PE,120363405595256912@g.us,3EB0F1A70C3666F4093007,"Não teve R$ 1 da Prefeitura pago para o filho de seu ninguém. Mas o pai de Raquel recebeu dinheiro do estado, sonegou impostos e ainda deixou de pagar a fiscalização por 3 anos. Cadê a CPI de Painho? 💛",mensagem simples,2026-03-03 11:18:50.251+00,Mobiliza PE,111055674052635@lid,Mobiliza PE,2026-04-18 01:39:35.907327+00
766,Pernambuco,Mobiliza PE,Mobiliza PE,120363405595256912@g.us,3EB0F1F175B6F32AD8B825,"Bom dia, pessoal! Primeiramente, feliz *Dia das Mulheres* para todas as mulheres maravilhosas que fazem parte da nossa comunidade e do nosso movimento.

Hoje vamos fazer uma _missão super especial_ para ajudar a dar *visibilidade a um tema muito importante: o combate à violência contra a mulher.*

Clique no link, assista ao vídeo e deixe um comentário de apoio. *Cada interação ajuda essa mensagem a chegar a mais pessoas.*

Bora cumprir a missão?

Link: https://engaja.pro/missaope-08-03",mensagem simples,2026-03-08 10:52:39.984+00,Mobiliza PE,111055674052635@lid,Mobiliza PE,2026-04-18 01:39:35.907327+00
767,Pernambuco,Mobiliza PE,Mobiliza PE,120363405595256912@g.us,3EB0F21443FE27DF73C8AA,"A fogueira já tá acesa e o forro já vai começar!

Ainda não é São João, mas faltam só 30 minutinhos pra gente começar o nosso balancê do Mobiliza. Já tô aqui no centro do salão só esperando a galera encostar pra gente iniciar esse encontro.

Se avexe não, mas não se atrase! A presença de vocês é o que faz o nosso movimento brilhar. Bora moer!

🔗Link: https://engaja.pro/encontro-mobilizape",mensagem simples,2026-04-15 19:00:21.93+00,Mobiliza PE,111055674052635@lid,Mobiliza PE,2026-04-18 01:39:35.907327+00
768,Pernambuco,Mobiliza PE,Mobiliza PE,120363405595256912@g.us,3EB0F2953E0452E40A09B4,"Boa tarde minha galeraaa, já passaram no link de hoje? 🧐🔥

Quem ainda não foi, *bora agora dar aquela força* pra manter o volume forte lá no topo! 🚀 *Amarelou, hein!* 💛

Conto com vocês! 👇
*O link é esse aqui:* https://engaja.pro/missaope01-30-03",mensagem simples,2026-03-30 11:56:28.128+00,Mobiliza PE,111055674052635@lid,Mobiliza PE,2026-04-18 01:39:35.907327+00
769,Pernambuco,Mobiliza PE,Mobiliza PE,120363405595256912@g.us,3EB0F37A5FA43D4CCD3C7F,"*Seguindo as mesmas sugestões de comentários, e sem copiar, simbora*",mensagem simples,2026-04-16 16:03:09.172+00,Mobiliza PE,111055674052635@lid,Mobiliza PE,2026-04-18 01:39:35.907327+00
770,Pernambuco,Mobiliza PE,Mobiliza PE,120363405595256912@g.us,3EB0F418D5B8179CE362BD,Isso é o que chama de gestão pública? Gastar 281 mil em pesquisa falsa? Vergonha desse governo de raquel,mensagem simples,2026-04-08 14:42:40.987+00,Mobiliza PE,111055674052635@lid,Mobiliza PE,2026-04-18 01:39:35.907327+00
771,Pernambuco,Mobiliza,Mobiliza,120363425016992076@g.us,3EB0F43448405AD1F37EC0,Raquel num falou que tinha feito obra? Cadê a obra mulher?? kkkkk chove e aparece tudo.,mensagem simples,2026-04-07 16:30:53.967+00,Mobiliza PE,111055674052635@lid,Mobiliza PE,2026-04-18 01:39:35.907327+00
772,Pernambuco,Mobiliza,Mobiliza,120363425016992076@g.us,3EB0F4A4951297E214E81C,"💬 Papo rápido com vocês:

Pessoal, vocês vêm acompanhando o *volume de notícias* desses últimos dias… e *queria dividir uma leitura importante.* É natural gerar expectativa. Mas olha só: quanto mais esse momento se estende, mais a gente se aproxima de algo grande... e vocês sabem que isso não é por acaso. 🕊️

Por isso, *nosso papel agora ganha ainda mais força. É hora de intensificar o que já vem funcionando.* As missões ajudam a construir esse cenário e a levar, pro restante do estado, tudo de positivo que a gente já vê acontecendo no Recife. A tendência é que elas aumentem e isso faz parte do momento.

*Agora é presença, constância e organização.* Vamos juntos? Posso contar com você?

*Reage com 💛 e VEM COM JOÃO!*",mensagem simples,2026-03-18 16:43:17.266+00,Mobiliza PE,111055674052635@lid,Mobiliza PE,2026-04-18 01:39:35.907327+00
773,Pernambuco,Mobiliza,Mobiliza,120363425016992076@g.us,3EB0F4AD37B0819EA26F11,"O povo só quer uma coisa: vem, João 💛",mensagem simples,2026-03-19 12:47:34.605+00,Mobiliza PE,111055674052635@lid,Mobiliza PE,2026-04-18 01:39:35.907327+00
774,Pernambuco,Mobiliza PE,Mobiliza PE,120363405595256912@g.us,3EB0F53D3538784BE814CE,"Ei, recado importante: hoje a nosso encontro começa um pouquinho mais tarde, às 19h30!

Dá tempo de jantar com calma, botar o pijama (ou a camisa amarela 💛) e se preparar porque quarta-feira é dia sagrado, né? Quem perder vai ficar por fora das novidades que serão apresentadas.

Já colocou o despertador? Mais certo que o calor de Petrolina é que a sala vai ferver hoje! 🚀

Link da Reunião Geral: https://meet.google.com/tif-zugp-sqg",mensagem simples,2026-02-25 15:04:45.985+00,Mobiliza PE,111055674052635@lid,Mobiliza PE,2026-04-18 01:39:35.907327+00
775,Pernambuco,Mobiliza PE,Mobiliza PE,120363405595256912@g.us,3EB0F5F0726FCE44BDAC62,"É esse tipo de governador que Pernambuco precisa, toma conta logo de PE, meu prefeitoo 💛",mensagem simples,2026-03-03 08:34:23.212+00,Mobiliza PE,111055674052635@lid,Mobiliza PE,2026-04-18 01:39:35.907327+00
776,Pernambuco,Mobiliza,Mobiliza,120363425016992076@g.us,3EB0F65CC0855BD9073728,"Ei, eu sei que tu tá aí dando aquela espiada no Instagram, vendo o movimento do sábado... Então aproveita que já tá com o celular na mão pra cumprir essa *missão dupla que é mais rápida que um passo de frevo!*",mensagem simples,2026-03-28 17:44:52.525+00,Mobiliza PE,111055674052635@lid,Mobiliza PE,2026-04-18 01:39:35.907327+00
777,Pernambuco,Mobiliza,Mobiliza,120363425016992076@g.us,3EB0F6913E69BAFF21E6C8,*COMENTÁRIOS PARA SE INSPIRAR (não copiem e colem):*,mensagem simples,2026-03-28 14:59:24.89+00,Mobiliza PE,111055674052635@lid,Mobiliza PE,2026-04-18 01:39:35.907327+00
778,Pernambuco,Mobiliza PE,Mobiliza PE,120363405595256912@g.us,3EB0F6D5BF4BAB8AF9F0A6,"Tô vendo que o time cresceu esses dias e tem muita gente nova chegando na área. 
Sejam bem-vindos à nossa casa! 🚀
Pra começar o dia, deixa eu testar uma coisa com quem chegou agora, e ver se os veteranos ainda lembram.",mensagem simples,2026-03-09 12:48:34.203+00,Mobiliza PE,111055674052635@lid,Mobiliza PE,2026-04-18 01:39:35.907327+00
779,Pernambuco,Mobiliza PE,Mobiliza PE,120363405595256912@g.us,3EB0F6E9D8F3216645512B,Pernambuco tá sinalizando que quer mais gestão e menos promessa 💛🚀,mensagem simples,2026-04-08 09:57:14.276+00,Mobiliza PE,111055674052635@lid,Mobiliza PE,2026-04-18 01:39:35.907327+00
780,Pernambuco,Mobiliza,Mobiliza,120363425016992076@g.us,3EB0F7197D5943C1C5DFC3,"Recife ganhou mais um espaço lindo e a gente já sabe que Pernambuco inteiro vai ganhar muito mais. Vai, João! 💛🚀",mensagem simples,2026-04-02 16:28:01.126+00,Mobiliza PE,111055674052635@lid,Mobiliza PE,2026-04-18 01:39:35.907327+00
781,Pernambuco,Mobiliza PE,Mobiliza PE,120363405595256912@g.us,3EB0F73726756CB8EAF2F8,"*🚨MISSÃO NA ÁREA DE BOM DIA* 

Link: https://engaja.pro/09-04-engaja

*Trabalho só rende quando tem mais gente caminhando junto, visse?*

Hoje o dia começou celebrando com essa turma que não tem hora e nem tempo ruim pra fazer Pernambuco avançar.

*Simbora chegar lá nos comentários e reforçar que juntos a gente é mais forte!*

#PEpraFrente

💛🚀",mensagem simples,2026-04-09 10:29:22.138+00,Mobiliza PE,111055674052635@lid,Mobiliza PE,2026-04-18 01:39:35.907327+00
782,Pernambuco,Mobiliza,Mobiliza,120363425016992076@g.us,3EB0F7402047A89483566B,"Meu povo, que coisa linda ver as redes cada vez mais cheias de amarelo!💛
*Mas a galera de lá não para e a gente não pode vacilar!*
Quem ainda não chegou junto hoje, corre que ainda dá tempo de deixar claro pra todo o estado que #VemJoão e não tem quem segure!

*Confere aí checklist do dia, e não pula nenhuma!*

📍 Missão 1 : https://engaja.pro/missaope1-02-04 
📍 Missão 2: https://engaja.pro/missaope2-02-04 
📍 Missão 3: https://engaja.pro/missaope3-02-04 
📍 Missão 4: https://engaja.pro/missaope4-02-04 
📍 Missão 5: https://engaja.pro/missaope5-02-04 
📍 Missão 6: https://engaja.pro/missaope6-02-04

As sugestões de comentários estão logo aqui em cima nos posts de mais cedo. 
É só adaptar e mandar ver!",mensagem simples,2026-04-02 18:10:40.642+00,Mobiliza PE,111055674052635@lid,Mobiliza PE,2026-04-18 01:39:35.907327+00
783,Pernambuco,Mobiliza PE,Mobiliza PE,120363405595256912@g.us,3EB0F7CD014C56EFA5A20C,"Aqui em casa não tem dúvida, não tem segunda opção é João Campos governador! 💛",mensagem simples,2026-04-02 16:26:38.379+00,Mobiliza PE,111055674052635@lid,Mobiliza PE,2026-04-18 01:39:35.907327+00
784,Pernambuco,Mobiliza,Mobiliza,120363425016992076@g.us,3EB0F7E13C2A689E403994,"Falaram em reforma, falaram em investimento, falaram em saúde de qualidade… aí chove e o HR vira piscina. Mentir é feio demais, raquel, mas enganar doente é pior ainda",mensagem simples,2026-04-07 16:31:08.222+00,Mobiliza PE,111055674052635@lid,Mobiliza PE,2026-04-18 01:39:35.907327+00
785,Pernambuco,Mobiliza PE,Mobiliza PE,120363405595256912@g.us,3EB0F8CB00583697E1C684,"Sem mimimi, sem cima do muro. É João pra governador e Lula pra presidente, simples assim! 💛",mensagem simples,2026-03-30 16:29:56.792+00,Mobiliza PE,111055674052635@lid,Mobiliza PE,2026-04-18 01:39:35.907327+00
786,Pernambuco,Mobiliza PE,Mobiliza PE,120363405595256912@g.us,3EB0F8EEB736760F27AD39,"*Então bora fazer a informação rodar?*

Joga nos stories, manda no grupo da família, no grupo do churrasco, naquele grupo que só aparece em época de eleição… 👀

*Reage aqui com um ✅ e fechamos o dia do jeito certo.*",mensagem simples,2026-03-03 18:05:37.235+00,Mobiliza PE,111055674052635@lid,Mobiliza PE,2026-04-18 01:39:35.907327+00
787,Pernambuco,Mobiliza PE,Mobiliza PE,120363405595256912@g.us,3EB0F93E1091C9610C86F8,"💬 Papo rápido com vocês:

Pessoal, vocês vêm acompanhando o *volume de notícias* desses últimos dias… e *queria dividir uma leitura importante.* É natural gerar expectativa. Mas olha só: quanto mais esse momento se estende, mais a gente se aproxima de algo grande... e vocês sabem que isso não é por acaso. 🕊️

Por isso, *nosso papel agora ganha ainda mais força. É hora de intensificar o que já vem funcionando.* As missões ajudam a construir esse cenário e a levar, pro restante do estado, tudo de positivo que a gente já vê acontecendo no Recife. A tendência é que elas aumentem e isso faz parte do momento.

*Agora é presença, constância e organização.* Vamos juntos? Posso contar com você?

*Reage com 💛 e VEM COM JOÃO!*",mensagem simples,2026-03-18 16:43:26.554+00,Mobiliza PE,111055674052635@lid,Mobiliza PE,2026-04-18 01:39:35.907327+00
788,Pernambuco,Mobiliza,Mobiliza,120363425016992076@g.us,3EB0F96A1254008B38D832,Recife triplicou as vagas e ainda tem gente que pergunta se ele tá pronto pra governar o estado? Tá mais do que pronto 💛🚀,mensagem simples,2026-04-01 18:49:55.486+00,Mobiliza PE,111055674052635@lid,Mobiliza PE,2026-04-18 01:39:35.907327+00
789,Pernambuco,Lideranças - Mobiliza PE,Lideranças - Mobiliza PE,120363404880079867@g.us,3EB0F9F9EF625BDDC34AEC,"Meus líderes, vejam que coisa massa: *o que a gente faz no digital hoje vira a energia que as pessoas sentem na rua amanhã.* A gente não tá só compartilhando uma foto, a gente lutando pra ver no futuro de Pernambuco as entregas e conquistas que temos visto na capital, e não só promessas vazias.

*Bora compartilhar nas redes sociais com a #PEPraFrente e marcar @joaocampos 💛🚀*",mensagem simples,2026-03-23 11:12:34.749+00,Mobiliza PE,111055674052635@lid,Mobiliza PE,2026-04-18 01:39:35.907327+00
790,Pernambuco,Mobiliza PE,Mobiliza PE,120363405595256912@g.us,3EB0FAE08886519B104C9A,"*Dica de ouro:* Além de comentar, curte os comentários da nossa galera também. 
Isso joga a gente pro topo e esconde o barulho deles. 
Simbora que o ritmo é de vitória! 🏁💛",mensagem simples,2026-04-02 18:08:30.796+00,Mobiliza PE,111055674052635@lid,Mobiliza PE,2026-04-18 01:39:35.907327+00
791,Pernambuco,Mobiliza PE,Mobiliza PE,120363405595256912@g.us,3EB0FC24F1E51ED2B94C30,(Mensagem de mídia sem texto),mensagem simples,2026-04-06 15:09:50.237+00,Mobiliza PE,111055674052635@lid,Mobiliza PE,2026-04-18 01:39:35.907327+00
792,Pernambuco,Mobiliza PE,Mobiliza PE,120363405595256912@g.us,3EB0FC52BB5E4DE685CCF7,"Dificuldade pra ele é combustível, não é barreira. Pernambuco precisa dessa energia de João 💛",mensagem simples,2026-04-15 12:10:51.289+00,Mobiliza PE,111055674052635@lid,Mobiliza PE,2026-04-18 01:39:35.907327+00
793,Pernambuco,Mobiliza PE,Mobiliza PE,120363405595256912@g.us,3EB0FCF105A6151B75032E,"Esse é o João que a gente conhece: dificuldade não intimida, só aumenta a disposição 💛",mensagem simples,2026-04-14 16:26:39.595+00,Mobiliza PE,111055674052635@lid,Mobiliza PE,2026-04-18 01:39:35.907327+00
794,Pernambuco,Mobiliza,Mobiliza,120363425016992076@g.us,3EB0FE06EA12E5A8E5AA86,"*MISSÃO TRIPLA DO CASAMENTO DO ANO*

Missão 1: https://engaja.pro/pemissao1-21-02
Missão 2: https://engaja.pro/pemissao2-21-02
Missão 3: https://engaja.pro/pemissao3-21-02

*Sabadou com o coração transbordando, meu povo!* ✨ 
O homem casou e agora tá com o shape de felicidade completo pra cuidar de Pernambuco! 
O sábado tá lindo e a gente tá como? *Indo lá nos posts desejar toda a felicidade do mundo pra esse casal que a gente gosta tanto!* 💛",mensagem simples,2026-02-21 17:12:06.813+00,Mobiliza PE,111055674052635@lid,Mobiliza PE,2026-04-18 01:39:35.907327+00
795,Pernambuco,Lideranças - Mobiliza PE,Lideranças - Mobiliza PE,120363404880079867@g.us,3EB0FE30FEC342DADFD3F8,"Portas abertas para as lideranças! 🚨

Já estamos ao vivo tratando do que interessa. Ainda dá tempo de pegar o bonde e participar das definições de hoje.

*CLICA E VEM:* https://meet.google.com/npz-izio-miu

Simbora ajustar o passo!",mensagem simples,2026-03-04 19:00:38.299+00,Mobiliza PE,111055674052635@lid,Mobiliza PE,2026-04-18 01:39:35.907327+00
796,Pernambuco,Mobiliza,Mobiliza,120363425016992076@g.us,3EB0FE7F5B242656D5C174,E o escândalo da família de ônibus de Raquel?,mensagem simples,2026-03-02 17:26:08.546+00,Mobiliza PE,111055674052635@lid,Mobiliza PE,2026-04-18 01:39:35.907327+00
797,Pernambuco,Mobiliza PE,Mobiliza PE,120363405595256912@g.us,3EB0FEDFD472D58C2CEB0C,"Bom dia, turma! 
Quarta-feira chegou e o ritmo aqui não para. 🚀

*Hoje é o nosso dia, e não vejo a hora de dar 19:30 pra gente se encontrar e trocar aquela ideia.* 
Vamos alinhar os ponteiros e mostrar como o digital vira impacto real lá na ponta. E também queremos ouvir vocês. 
Quando cada um contribui, esse movimento ganha força para levar a verdade a cada canto de Pernambuco.

Pra gente ir aquecendo: *se o nosso movimento hoje fosse um emoji, qual seria o seu?* Manda aí! 💛👇",mensagem simples,2026-03-11 10:34:06.119+00,Mobiliza PE,111055674052635@lid,Mobiliza PE,2026-04-18 01:39:35.907327+00
798,Pernambuco,Mobiliza,Mobiliza,120363425016992076@g.us,3EB0FF24EF84F42FAADB45,Saindo pela porta da frente do Recife e entrando pela porta grande em Pernambuco. A gente vai tá lá do lado pra votar! 💛💛🚀,mensagem simples,2026-03-30 18:27:36.847+00,Mobiliza PE,111055674052635@lid,Mobiliza PE,2026-04-18 01:39:35.907327+00
799,Pernambuco,Mobiliza,Mobiliza,120363425016992076@g.us,3EB0FF9D1E3DAE26100B5B,"🚨 *MAIS DUAS MISSÕES NO AR!* 🚨
O café já bateu aí? Pois agora é a hora de espantar o sono e fortalecer a verdade. 

👉 Nossa missão é clara: ocupar os comentários com fatos, firmeza e coerência.
Sem ataque pessoal. Sem exagero. Só verdade.

*Vem simbora comentar:*
1️⃣ https://engaja.pro/pemissao03-03-04
2️⃣ https://engaja.pro/pemissao03-03-05",mensagem simples,2026-03-03 13:20:25.056+00,Mobiliza PE,111055674052635@lid,Mobiliza PE,2026-04-18 01:39:35.907327+00
800,Pernambuco,Mobiliza,Mobiliza,120363425016992076@g.us,3EB0FFA0272B433F30139F,"Quando o trabalho é bem feito, o reconhecimento vem. Simples assim 💛🚀",mensagem simples,2026-04-08 09:56:47.266+00,Mobiliza PE,111055674052635@lid,Mobiliza PE,2026-04-18 01:39:35.907327+00
801,Pernambuco,Mobiliza PE,Mobiliza PE,120363405595256912@g.us,3EB0FFEB1124D124D644B8,"Bom dia, turma! 

Se o ritmo lá fora tá acelerado, por aqui a gente segue naquela base: foco no que o Recife tá mostrando e olho aberto com as ""novidades"" que chegam do Estado.

Que os próximos dias sejam leves e cheios daquela ocupação inteligente que só esse grupo sabe fazer.

Bora pra cima! 🚀💛",mensagem simples,2026-02-23 09:49:45.704+00,Mobiliza PE,111055674052635@lid,Mobiliza PE,2026-04-18 01:39:35.907327+00
802,Pernambuco,Mobiliza PE,Mobiliza PE,120363405595256912@g.us,3EB0FFFA1AD8DC6932A8EE,O trabalho não para e agora o estado todo quer esse resultado 💛💛,mensagem simples,2026-03-27 16:23:31.429+00,Mobiliza PE,111055674052635@lid,Mobiliza PE,2026-04-18 01:39:35.907327+00
803,Pernambuco,Mobiliza,Mobiliza,120363425016992076@g.us,A50652178B964DCF87427402F738A5C5,Quem tá inventando mentira é porque tá com medo do tamanho dessa campanha 💛,mensagem simples,2026-04-04 13:11:03.196+00,Mobiliza PE,111055674052635@lid,Mobiliza PE,2026-04-18 01:39:35.907327+00
804,Pernambuco,Mobiliza,Mobiliza,120363425016992076@g.us,A5091B92DA0DED16C9420BF918E2A1AA,"Gente, dei um pulo nos comentários dos posts agora e vi que a turma do desagrado já bateu o ponto hoje. Ô desespero, visse! *Bora lá mostrar quem é que manda e que faz a diferença de verdade?*",mensagem simples,2026-03-20 13:50:21.918+00,Mobiliza PE,111055674052635@lid,Mobiliza PE,2026-04-18 01:39:35.907327+00
805,Pernambuco,Mobiliza,Mobiliza,120363425016992076@g.us,A50C1A8B70016DA6AA9DD44D163A41BE,Que paz no coração saber que esse homem vai governar meu pernambuco 💛,mensagem simples,2026-03-24 17:40:29.185+00,Mobiliza PE,111055674052635@lid,Mobiliza PE,2026-04-18 01:39:35.907327+00
806,Pernambuco,Lideranças - Mobiliza PE,Lideranças - Mobiliza PE,120363404880079867@g.us,A50EB65A8D30002A2654D3A0D5AFCE87,@all,mensagem simples,2026-03-17 10:57:52.067+00,Mobiliza PE,111055674052635@lid,Mobiliza PE,2026-04-18 01:39:35.907327+00
807,Pernambuco,Lideranças - Mobiliza PE,Lideranças - Mobiliza PE,120363404880079867@g.us,A50F72C068BD6C8E4EEFC70C70097B19,"Explicando o esCÃOdalo na castração de animais do governo Raquel Lyra...

Vamos espalhar, gente! 🚀",mensagem simples,2026-03-12 10:42:06.83+00,Mobiliza PE,111055674052635@lid,Mobiliza PE,2026-04-18 01:39:35.907327+00
808,Pernambuco,Mobiliza PE,Mobiliza PE,120363405595256912@g.us,A5103DB09E9E081F2F32CEBA06D96193,Sua postagem mostra exatamente o que o #RaquelãoDaEducação significa na prática: recurso público some em contrato suspeito e quem estuda em escola pública segue se virando,mensagem simples,2026-03-14 17:24:52.403+00,Mobiliza PE,111055674052635@lid,Mobiliza PE,2026-04-18 01:39:35.907327+00
809,Pernambuco,Mobiliza PE,Mobiliza PE,120363405595256912@g.us,A511BC408B6297C48B46D5F9C6E2E62E,"Meu povo, *hoje tem Oscar*, mas a estatueta de *melhor rolê já tem dono*! 🏆

O prefeito meteu o estilo Agente Secreto e foi vistoriar a Ponte Júlia Santiago dirigindo o Piu Piu, o mesmíssimo Fusca 72 que o Wagner Moura usou no filme.

Massa demais, visse? Essa moral é toda nossa e a gestão mostra que o trabalho não para nem no domingão. *Bora lá no Insta mostrar que a nossa torcida já tá pronta pra Hollywood e pro Recife!*

*Clica aqui e deixa teu comentário e COMPARTILHA:* https://engaja.pro/missaope01-15-03",mensagem simples,2026-03-15 19:25:07.652+00,Mobiliza PE,111055674052635@lid,Mobiliza PE,2026-04-18 01:39:35.907327+00
810,Pernambuco,Mobiliza,Mobiliza,120363425016992076@g.us,A5132436D34E8EC54F8DED0472E1F5E0,Confio demais! Bora pra cima 🚀,mensagem simples,2026-03-20 16:21:50.401+00,Mobiliza PE,111055674052635@lid,Mobiliza PE,2026-04-18 01:39:35.907327+00
811,Pernambuco,Mobiliza,Mobiliza,120363425016992076@g.us,A5138DCFFC2935F9B77B86A6E7D1B341,(Mensagem de mídia sem texto),mensagem simples,2026-04-13 19:55:35.736+00,Mobiliza PE,111055674052635@lid,Mobiliza PE,2026-04-18 01:39:35.907327+00
812,Pernambuco,Mobiliza,Mobiliza,120363425016992076@g.us,A515FE7EEDC6418FEF270CDBD40D39A0,Meu governador tá chegando! 💛,mensagem simples,2026-03-30 06:57:02.007+00,Mobiliza PE,111055674052635@lid,Mobiliza PE,2026-04-18 01:39:35.907327+00
813,Pernambuco,Mobiliza PE,Mobiliza PE,120363405595256912@g.us,A516388933F5CC4FB210B31923CCBC99,Meu governador tá chegando! 💛,mensagem simples,2026-03-30 06:55:57.26+00,Mobiliza PE,111055674052635@lid,Mobiliza PE,2026-04-18 01:39:35.907327+00
814,Pernambuco,Lideranças - Mobiliza PE,Lideranças - Mobiliza PE,120363404880079867@g.us,A51835914712A9C3D89C9FC210876156,https://www.metropoles.com/colunas/dinheiro-e-negocios/cetus-construtora-inidonea-recebe-mais-de-r-160-milhoes-do-governo-de-pernambuco,mensagem simples,2026-03-12 09:54:13.473+00,Mobiliza PE,111055674052635@lid,Mobiliza PE,2026-04-18 01:39:35.907327+00
815,Pernambuco,Mobiliza,Mobiliza,120363425016992076@g.us,A5189CAB827CD38B2201FED85E04F18B,"*MISSÃO DO DIA:*
*Vamos com tudo nos comentários*, espalhando essa energia e fortalecendo a mensagem.

*Clica no link:* https://engaja.pro/missaope01-30-03

Capricha, interage e chama mais gente! *Bora, Mobilizar!* @all 💛🚀",mensagem simples,2026-03-30 06:56:52.25+00,Mobiliza PE,111055674052635@lid,Mobiliza PE,2026-04-18 01:39:35.907327+00
816,Pernambuco,Mobiliza,Mobiliza,120363425016992076@g.us,A5190F6065196D3E8C6DD3BBE0F8E220,João governador pra terminar o que Eduardo começou 💛,mensagem simples,2026-03-20 07:40:50.753+00,Mobiliza PE,111055674052635@lid,Mobiliza PE,2026-04-18 01:39:35.907327+00
817,Pernambuco,Mobiliza PE,Mobiliza PE,120363405595256912@g.us,A51A017F6E0CE22D948B249DCFAD1C75,"*Dá um pulinho lá, vamos mostrar esse trabalho lindo! Deixa um elogio ou só um emoji de coração. 💛🚀*

🟡Missão 1: https://engaja.pro/missaope1-20-03
🟡Missão 2: https://engaja.pro/missaope2-20-03
🟡Missão 3: https://engaja.pro/missaope3-20-03

@all",mensagem simples,2026-03-20 13:50:00.299+00,Mobiliza PE,111055674052635@lid,Mobiliza PE,2026-04-18 01:39:35.907327+00
818,Pernambuco,Mobiliza PE,Mobiliza PE,120363405595256912@g.us,A51CEA3E9A9A8D9ECE9A437DF707FA05,"OLHA ESSA ONDA AMARELA, MEU POVO!💛 

*É LINDO ver todos vocês lá, colocando pra moer! 💛* 
NESSE MOMENTO NÃO TEM COMO NÃO SE EMOCIONAR!  🥹

É forte, é real, é nosso! 🔥  

ENTÃO VAMOS LÁ! 
👉 Comentar  
👉 Curtir o comentário um do outro  
👉 FORTALECER ESSA CORRENTE  

Vamos mostrar a nossa força e apoio.💛",mensagem simples,2026-03-19 21:17:40.185+00,Mobiliza PE,111055674052635@lid,Mobiliza PE,2026-04-18 01:39:35.907327+00
819,Pernambuco,Mobiliza,Mobiliza,120363425016992076@g.us,A51D5F0AFC150CEB633E928B98EDD583,Do Recife pra todo Pernambuco… tá chegando a hora! 💛💛,mensagem simples,2026-03-30 06:57:06.99+00,Mobiliza PE,111055674052635@lid,Mobiliza PE,2026-04-18 01:39:35.907327+00
820,Pernambuco,Mobiliza,Mobiliza,120363425016992076@g.us,A51D8AE2439DCBA21603D3DF73467EFA,"*Sugestão de comentários, para você se inspirar:*",mensagem simples,2026-04-02 09:05:21.626+00,Mobiliza PE,111055674052635@lid,Mobiliza PE,2026-04-18 01:39:35.907327+00
821,Pernambuco,Lideranças - Mobiliza PE,Lideranças - Mobiliza PE,120363404880079867@g.us,A51DA868473931B6CF6FE8744EC00158,"*Cetus: construtora inidônea recebe mais de R$ 160 milhões do Governo de Pernambuco*

Em pouco menos de um ano, a Cetus Construtora recebeu mais de R$ 160 milhões do Governo de Pernambuco, apesar de ter sido declarada como inidônea. Além disso, relatórios apontam indícios de irregularidades nos serviços prestados, como boletins de medição duplicados, reutilização de registros fotográficos, serviços pagos sem comprovação de execução e suspeita de superfaturamento em itens adquiridos.

A empresa foi contratada sem licitação, por meio de adesão a uma ata de registro de preços – mecanismo conhecido como “carona” – para executar serviços de manutenção predial em escolas da rede estadual. No momento da contratação, a empreiteira estava formalmente impedida de atuar com o poder público.

Mesmo assim, mais de R$ 160 milhões já foram pagos. O contrato foi assinado pela Secretaria de Educação em junho de 2025, com valor inicial de R$ 148,2 milhões. Poucos meses depois, recebeu o aditivo máximo permitido por lei, de 25%, elevando o total para R$ 185,3 milhões.

Antes mesmo de completar um ano de execução, os pagamentos já haviam atingido R$ 164 milhões, o equivalente a quase 90% do valor total contratado.

Contrato foi assinado sem análise jurídica obrigatória
Outro ponto que chama atenção é que a contratação ocorreu sem análise prévia da Procuradoria Geral do Estado de Pernambuco (PGE-PE). Documentos internos indicam que o processo não foi submetido ao órgão de assessoramento jurídico, apesar de esse ser um procedimento obrigatório para contratações superiores a R$ 1 milhão.

Registros mostram que a assinatura foi autorizada sem o envio do processo para avaliação jurídica prévia, contrariando normas administrativas do próprio governo estadual. O documento não teria passado pelo aval de Bianca Teixeira Lyra, procuradora-geral de Pernambuco e prima da governadora de Pernambuco, Raquel Lyra.

Governo escolheu empresa mais cara
A escolha da Cetus também levanta questionamentos sobre a vantagem econômica da contratação. Na mesma ata de registro de preços havia outra empresa habilitada, a BDT Engenharia, que apresentava valores menores ao da empreiteira contratada pelo Governo de Pernambuco.",mensagem simples,2026-03-12 09:54:10.598+00,Mobiliza PE,111055674052635@lid,Mobiliza PE,2026-04-18 01:39:35.907327+00
822,Pernambuco,Mobiliza PE,Mobiliza PE,120363405595256912@g.us,A522718DFF3CB6C6330E6CD105D00A56,*Sugestões de comentário:*,mensagem simples,2026-03-14 17:24:38.899+00,Mobiliza PE,111055674052635@lid,Mobiliza PE,2026-04-18 01:39:35.907327+00
823,Pernambuco,Mobiliza,Mobiliza,120363425016992076@g.us,A522F2B139909D32E5D3CE129D9B8128,"É isso, a gente precisa de um governador que faz, não que fica procurando onde botar a culpa! Vem, João! 💛💛",mensagem simples,2026-03-24 17:40:24.175+00,Mobiliza PE,111055674052635@lid,Mobiliza PE,2026-04-18 01:39:35.907327+00
824,Pernambuco,Mobiliza PE,Mobiliza PE,120363405595256912@g.us,A523C4921DB172EEEFFEEE22358407DD,"É isso, a gente precisa de um governador que faz, não que fica procurando onde botar a culpa! Vem, João! 💛💛",mensagem simples,2026-03-24 17:39:48.492+00,Mobiliza PE,111055674052635@lid,Mobiliza PE,2026-04-18 01:39:35.907327+00
825,Pernambuco,Mobiliza,Mobiliza,120363425016992076@g.us,A526FAB183729864EE5D2249A621D817,É sobre cuidar de gente com seriedade. Esse é o modelo que a gente quer! 💛,mensagem simples,2026-04-02 09:05:24.477+00,Mobiliza PE,111055674052635@lid,Mobiliza PE,2026-04-18 01:39:35.907327+00
826,Pernambuco,Lideranças - Mobiliza PE,Lideranças - Mobiliza PE,120363404880079867@g.us,A5273A36ED00DC033D8036147B92F111,"*(Vero Notícias)*

*Exclusivo: PF abre inquérito sobre ""gabinete do ódio"" ligado a Raquel Lyra*

_Por Lucas Valença_

O portal Vero Notícias obteve com exclusividade a confirmação de que a Polícia Federal (PF) instaurou um inquérito para apurar a existência de uma suposta estrutura de comunicação digital voltada a atacar adversários políticos criada e mantida pelo Governo de Pernambuco. A investigação foi determinada pelo Supremo Tribunal Federal (STF).

O procedimento ocorre em meio ao acúmulo de denúncias públicas feitas nos últimos meses envolvendo aliados da governadora Raquel Lyra. As suspeitas apontam para a possível existência de um núcleo organizado de atuação nas redes sociais, nos moldes do chamado ""gabinete do ódio"" da família Bolsonaro.

Em agosto de 2025, o presidente da Assembleia Legislativa (Alepe) denunciou publicamente um assessor do governo estadual por comandar uma ""milícia digital"".

Segundo as declarações, o grupo atuaria por meio da disseminação de denúncias anônimas e campanhas nas redes sociais, prática que pode configurar abuso de poder político e uso indevido de estruturas públicas.

A investigação deve apurar se houve uso de recursos públicos, participação de agentes estatais e eventual organização criminosa voltada à produção dos ataques a adversários políticos.",mensagem simples,2026-04-10 14:45:30.164+00,Mobiliza PE,111055674052635@lid,Mobiliza PE,2026-04-18 01:39:35.907327+00
827,Pernambuco,Mobiliza PE,Mobiliza PE,120363405595256912@g.us,A52767CC72E833D93A10903A855EF90E,*Sugestões de comentários:*,mensagem simples,2026-03-20 16:50:48.489+00,Mobiliza PE,111055674052635@lid,Mobiliza PE,2026-04-18 01:39:35.907327+00
828,Pernambuco,Lideranças - Mobiliza PE,Lideranças - Mobiliza PE,120363404880079867@g.us,A52BA2FC4FF7810FE420573D2C4C88E2,"*Bom dia, lideranças!* 💛

Card para compartilharmos em todo canto, beleza?

👇🏼",mensagem simples,2026-03-03 11:58:35.497+00,Mobiliza PE,111055674052635@lid,Mobiliza PE,2026-04-18 01:39:35.907327+00
829,Pernambuco,Mobiliza,Mobiliza,120363425016992076@g.us,A52D2D4E8AF4E75E47B692C49FAB643E,(Mensagem de mídia sem texto),mensagem simples,2026-04-17 08:04:27.754+00,Mobiliza PE,111055674052635@lid,Mobiliza PE,2026-04-18 01:39:35.907327+00
830,Pernambuco,Mobiliza,Mobiliza,120363425016992076@g.us,A52E4AFADF0E440DCE064333FDB7FEC9,"*Pernambuco, escuta esse grito!* João Campos acabou de avisar que a missão agora é com o estado todo. O vídeo tá emocionante demais, a cara da esperança que a gente tava precisando. Vê aí e me diz se não dá um orgulho danado? *Vamos fazer esse vídeo chegar em cada canto de PE hoje!* 🗣️✨",mensagem simples,2026-03-20 16:51:24.098+00,Mobiliza PE,111055674052635@lid,Mobiliza PE,2026-04-18 01:39:35.907327+00
831,Pernambuco,Mobiliza PE,Mobiliza PE,120363405595256912@g.us,A53060E4D1D68ED000E8A08C11CC65A2,"Bom dia, time! Começando a semana com energia lá em cima e o coração acelerado, porque *tá chegando a hora!*💛

As ruas já mostram o sentimento… Pernambuco já sabe que vem coisa grande por aí. *É momento de estar todo mundo junto, alinhado e com sangue no olho pra fazer acontecer.*",mensagem simples,2026-03-30 06:55:40.306+00,Mobiliza PE,111055674052635@lid,Mobiliza PE,2026-04-18 01:39:35.907327+00
832,Pernambuco,Lideranças - Mobiliza PE,Lideranças - Mobiliza PE,120363404880079867@g.us,A531A48A87B4B93DA8477A8F3CBEE591,(Mensagem de mídia sem texto),mensagem simples,2026-04-10 18:50:24.849+00,Mobiliza PE,111055674052635@lid,Mobiliza PE,2026-04-18 01:39:35.907327+00
833,Pernambuco,Lideranças - Mobiliza PE,Lideranças - Mobiliza PE,120363404880079867@g.us,A5340D482CF3FE2D071FE59D13C56476,(Mensagem de mídia sem texto),mensagem simples,2026-03-03 11:58:57.845+00,Mobiliza PE,111055674052635@lid,Mobiliza PE,2026-04-18 01:39:35.907327+00
834,Pernambuco,Mobiliza,Mobiliza,120363425016992076@g.us,A53482D5CDCF6796ADDCB68F12470E2A,*Sugestões de comentários:*,mensagem simples,2026-03-20 16:21:41.069+00,Mobiliza PE,111055674052635@lid,Mobiliza PE,2026-04-18 01:39:35.907327+00
835,Pernambuco,Mobiliza,Mobiliza,120363425016992076@g.us,A53654DB03A55ABBE28E5C105DED7CCF,"E aí, time! Março chegou botando para moer e a gente não vai ficar parado assistindo o tempo passar, né?",mensagem simples,2026-03-02 14:20:10.306+00,Mobiliza PE,111055674052635@lid,Mobiliza PE,2026-04-18 01:39:35.907327+00
836,Mato Grosso do Sul,Senador Nelsinho | CANAL OFICIAL,Senador Nelsinho | CANAL OFICIAL,120363423242767408@g.us,A537083314343947642A38CE5EDE0582,"Esse carinho que recebi é o que dá sentido à nossa missão. *Ver que o trabalho está chegando na ponta e mudando a vida das pessoas é o que me motiva a seguir firme.* 
Uma semana abençoada para todos nós! 🙌",mensagem simples,2026-02-23 10:26:07.861+00,Mobiliza PE,111055674052635@lid,Mobiliza PE,2026-04-18 01:39:35.907327+00
837,Pernambuco,Mobiliza,Mobiliza,120363425016992076@g.us,A538359C4BB94F1CE94756FF1538BC10,Bom dia! 💛,mensagem simples,2026-04-17 08:03:28.785+00,Mobiliza PE,111055674052635@lid,Mobiliza PE,2026-04-18 01:39:35.907327+00
838,Mato Grosso do Sul,Senador Nelsinho | CANAL OFICIAL,Senador Nelsinho | CANAL OFICIAL,120363423242767408@g.us,A53900CFF638D0C0BFA820AA9C13F5E3,"Bom dia, meus amigos! Vocês chegaram a ver esse vídeo de ontem? https://www.instagram.com/p/DVEOLWSACFb/

*Faço questão de compartilhar com vocês.* 
Comecei a semana com a energia lá em cima depois desse encontro em Três Lagoas.",mensagem simples,2026-02-23 10:25:55.442+00,Mobiliza PE,111055674052635@lid,Mobiliza PE,2026-04-18 01:39:35.907327+00
839,Pernambuco,Mobiliza,Mobiliza,120363425016992076@g.us,A539B63B27AAB49099808AE50294F665,"Meu voto tá garantido faz tempo, pode inventar o que quiser que não muda nada não 💛🚀",mensagem simples,2026-04-04 13:11:04.323+00,Mobiliza PE,111055674052635@lid,Mobiliza PE,2026-04-18 01:39:35.907327+00
840,Pernambuco,Mobiliza PE,Mobiliza PE,120363405595256912@g.us,A539DD263771F3DA8EF7DA4F9F784CED,Quem tá inventando mentira é porque tá com medo do tamanho dessa campanha 💛,mensagem simples,2026-04-04 13:10:14.274+00,Mobiliza PE,111055674052635@lid,Mobiliza PE,2026-04-18 01:39:35.907327+00
841,Pernambuco,Mobiliza PE,Mobiliza PE,120363405595256912@g.us,A539E8F0D88DD2A01C678AE23B4D62F5,https://www.instagram.com/reel/DWfIFTYEVLD,mensagem simples,2026-03-29 20:51:44.102+00,Mobiliza PE,111055674052635@lid,Mobiliza PE,2026-04-18 01:39:35.907327+00
842,Pernambuco,Mobiliza PE,Mobiliza PE,120363405595256912@g.us,A53B48761A17A82EBCBE232E9F7B9D05,"É oficial: as portas estão abertas, a galera já ta se reunindo e o cheirinho do café ta bom demais!

Simboooora: https://engaja.pro/encontro-mobilizape

@all",mensagem simples,2026-04-01 19:33:33.366+00,Mobiliza PE,111055674052635@lid,Mobiliza PE,2026-04-18 01:39:35.907327+00
843,Pernambuco,Mobiliza,Mobiliza,120363425016992076@g.us,A53FF9799E1484FEC78CC22389BB6B12,Vamo simbora que o trabalho não para 💛,mensagem simples,2026-03-20 16:21:47.247+00,Mobiliza PE,111055674052635@lid,Mobiliza PE,2026-04-18 01:39:35.907327+00
844,Pernambuco,Mobiliza PE,Mobiliza PE,120363405595256912@g.us,A54173760B5D4E5252C91327B014F6BA,"*O que manda nesse fim de semana?* 

Reaja ou responda só com o emoji:

*🌊 Pé na areia e banho de mar*
*💃 Onde tiver um som e gente animada*
*🍕 Maratonar série + delivery*
*💤 Rede, ventilador no 3 e recuperar o sono*",mensagem simples,2026-03-13 15:40:22.281+00,Mobiliza PE,111055674052635@lid,Mobiliza PE,2026-04-18 01:39:35.907327+00
845,Pernambuco,Mobiliza,Mobiliza,120363425016992076@g.us,A541D2C062C4EAD5E6981E88AC7312E5,Agora é pra frente de verdade 🚀,mensagem simples,2026-03-20 16:51:41.013+00,Mobiliza PE,111055674052635@lid,Mobiliza PE,2026-04-18 01:39:35.907327+00
846,Pernambuco,Lideranças - Mobiliza PE,Lideranças - Mobiliza PE,120363404880079867@g.us,A54267AA73A5C1D6E4F020ACA8D2BFB7,(Mensagem de mídia sem texto),mensagem simples,2026-04-04 13:06:27.308+00,Mobiliza PE,111055674052635@lid,Mobiliza PE,2026-04-18 01:39:35.907327+00
847,Pernambuco,Mobiliza,Mobiliza,120363425016992076@g.us,A5444123554305BB154611BA5DCF59E1,"Bom dia, time! Começando a semana com energia lá em cima e o coração acelerado, porque *tá chegando a hora!*💛

As ruas já mostram o sentimento… Pernambuco já sabe que vem coisa grande por aí. *É momento de estar todo mundo junto, alinhado e com sangue no olho pra fazer acontecer.*",mensagem simples,2026-03-30 06:56:47.155+00,Mobiliza PE,111055674052635@lid,Mobiliza PE,2026-04-18 01:39:35.907327+00
848,Pernambuco,Mobiliza,Mobiliza,120363425016992076@g.us,A5452E7EF6D7FA3D88BFEB01746F9770,*Sugestões de comentários:*,mensagem simples,2026-03-20 16:51:37.89+00,Mobiliza PE,111055674052635@lid,Mobiliza PE,2026-04-18 01:39:35.907327+00
849,Pernambuco,Mobiliza PE,Mobiliza PE,120363405595256912@g.us,A5468B73D21AEF76BD24FB7453DF35E3,"*MISSÃO DUPLA*

Meu povo, *a chapa fechou* e o termômetro da oposição quebrou! 🌡️ Tá uma choradeira do lado de lá que se a gente descuidar, o Capibaribe transborda. Eles criam a ficção, e *a gente entrega o trabalho.*

*Bora ali no post mostrar a força da nossa organização* e que não tem tempo para novela. Só chegar e depositar sua energia! 💛

🔗Missão 1: https://engaja.pro/missaope4-19-03
🔗Missão 2: https://engaja.pro/missaope5-19-03",mensagem simples,2026-03-19 16:36:03.973+00,Mobiliza PE,111055674052635@lid,Mobiliza PE,2026-04-18 01:39:35.907327+00
850,Pernambuco,Mobiliza,Mobiliza,120363425016992076@g.us,A548F4B46889DD916240355D8624FA03,"Bora espalhar por todo canto, gente 💛💛",mensagem simples,2026-04-16 13:15:09.084+00,Mobiliza PE,111055674052635@lid,Mobiliza PE,2026-04-18 01:39:35.907327+00
851,Pernambuco,Mobiliza,Mobiliza,120363425016992076@g.us,A5495442912B462039BB1FC9AB357C8B,*#MEUGOVERNADOR*💛💛💛,mensagem simples,2026-03-20 07:41:19.769+00,Mobiliza PE,111055674052635@lid,Mobiliza PE,2026-04-18 01:39:35.907327+00
852,Pernambuco,Mobiliza,Mobiliza,120363425016992076@g.us,A549CB9BD0947D4B5FAE807E0621E3EB,https://www.instagram.com/reel/DWfIFTYEVLD,mensagem simples,2026-03-29 20:52:19.97+00,Mobiliza PE,111055674052635@lid,Mobiliza PE,2026-04-18 01:39:35.907327+00
853,Pernambuco,Mobiliza,Mobiliza,120363425016992076@g.us,A54BF0F16C7693C3B98F50B5CEB184D5,"O Mobiliza não é só uma comunidade, é o motor que não deixa a ninguém parar. E para funcionar, cada um precisa fazer sua parte nas missões.",mensagem simples,2026-03-02 14:20:10.747+00,Mobiliza PE,111055674052635@lid,Mobiliza PE,2026-04-18 01:39:35.907327+00
854,Pernambuco,Mobiliza,Mobiliza,120363425016992076@g.us,A54BF44C604A42FDEF6E545F758126A6,O governo assinou contrato suspeito de R$ 160 milhões pra manutenção de escolas públicas em Pernambuco. O resultado tá aí... #RaquelãoDaEducação,mensagem simples,2026-03-14 17:25:57.86+00,Mobiliza PE,111055674052635@lid,Mobiliza PE,2026-04-18 01:39:35.907327+00
855,Pernambuco,Mobiliza PE,Mobiliza PE,120363405595256912@g.us,A54C9EAB7DEEB1DB7B8165581D4C5A4F,"Enquanto uns fazem barulho, João faz história com entregas reais. 🚀🚀",mensagem simples,2026-04-02 09:04:33.464+00,Mobiliza PE,111055674052635@lid,Mobiliza PE,2026-04-18 01:39:35.907327+00
856,Pernambuco,Mobiliza PE,Mobiliza PE,120363405595256912@g.us,A54CCB20FCE9A7700F42C28079990F80,É sobre cuidar de gente com seriedade. Esse é o modelo que a gente quer! 💛,mensagem simples,2026-04-02 09:04:43.687+00,Mobiliza PE,111055674052635@lid,Mobiliza PE,2026-04-18 01:39:35.907327+00
857,Pernambuco,Mobiliza,Mobiliza,120363425016992076@g.us,A54D56373B82CA3DB325CFA987F7F86C,"Explicando o esCÃOdalo na castração de animais do governo Raquel Lyra...

Vamos espalhar, gente! 🚀",mensagem simples,2026-03-12 10:44:31.806+00,Mobiliza PE,111055674052635@lid,Mobiliza PE,2026-04-18 01:39:35.907327+00
858,Pernambuco,Mobiliza,Mobiliza,120363425016992076@g.us,A54E8B9568685D0F760DDE2B51AB544F,"Bom dia! 💛

Mais conteúdo pra gente sair espalhando, gente!

Vamos nessa! 🚀",mensagem simples,2026-03-13 08:40:06.838+00,Mobiliza PE,111055674052635@lid,Mobiliza PE,2026-04-18 01:39:35.907327+00
859,Pernambuco,Mobiliza PE,Mobiliza PE,120363405595256912@g.us,A550ABDE300C542679F8E4F8256A6829,"Bora decolar também, Pernambuco. Tá chegando a hora! 💛🚀",mensagem simples,2026-03-30 06:56:00.625+00,Mobiliza PE,111055674052635@lid,Mobiliza PE,2026-04-18 01:39:35.907327+00
860,Pernambuco,Mobiliza,Mobiliza,120363425016992076@g.us,A55170024CD71CA412ECF2289B5507B9,"O reconhecimento vem pra quem não para, meu povo! O resultado não engana: João Campos lidera com 50% das intenções de voto pro Governo de Pernambuco. 

É o estado inteiro pedindo por um trabalho sério e entregas de verdade que transformam as vidas da gente. O time tá forte e Pernambuco já escolheu o caminho do futuro! 💛🚀

*1️⃣ Vamos comentar e compartilhar bastante*

*2️⃣ Pega o link da boa:* https://engaja.pro/missaope02-08-04",mensagem simples,2026-04-08 09:55:56.205+00,Mobiliza PE,111055674052635@lid,Mobiliza PE,2026-04-18 01:39:35.907327+00
861,Pernambuco,Mobiliza PE,Mobiliza PE,120363405595256912@g.us,A55467280465CEAE81E9558D9BC85C80,Bora fazer Pernambuco voltar a ser referência 💛,mensagem simples,2026-03-20 16:50:55.657+00,Mobiliza PE,111055674052635@lid,Mobiliza PE,2026-04-18 01:39:35.907327+00
862,Pernambuco,Lideranças - Mobiliza PE,Lideranças - Mobiliza PE,120363404880079867@g.us,A55A1A861E3DC794A6A8E827E3A31F58,(Mensagem de mídia sem texto),mensagem simples,2026-04-16 15:48:39.513+00,Mobiliza PE,111055674052635@lid,Mobiliza PE,2026-04-18 01:39:35.907327+00
863,Pernambuco,Mobiliza,Mobiliza,120363425016992076@g.us,A55ACD9A9B7E67A8ADBE4664A36C6D82,"*Sugestão de comentários, para você se inspirar:*",mensagem simples,2026-04-04 13:11:00.675+00,Mobiliza PE,111055674052635@lid,Mobiliza PE,2026-04-18 01:39:35.907327+00
864,Pernambuco,Mobiliza PE,Mobiliza PE,120363405595256912@g.us,A55DC6FB172F7282745D0DCDB6B6195A,"*MISSÃO TRIPLA!*
Turma, *é pra entrar nos 3 links, comentar com vontade e curtir os comentários dos nossos companheiros.* Não deixa a narrativa da galera do contra crescer não!

ONDE A GENTE VAI AGIR *(Simbora comentar!)*:
🔗 https://engaja.pro/pemissao1-02-03
🔗 https://engaja.pro/pemissao2-02-03
🔗 https://engaja.pro/pemissao3-02-03",mensagem simples,2026-03-02 17:10:25.487+00,Mobiliza PE,111055674052635@lid,Mobiliza PE,2026-04-18 01:39:35.907327+00
865,Pernambuco,Mobiliza PE,Mobiliza PE,120363405595256912@g.us,A55F0010D79B7AB9EFBA7F8932C9D0A5,"Bora espalhar por todo canto, gente 💛💛",mensagem simples,2026-04-16 13:15:13.567+00,Mobiliza PE,111055674052635@lid,Mobiliza PE,2026-04-18 01:39:35.907327+00
866,Pernambuco,Mobiliza,Mobiliza,120363425016992076@g.us,A55FB28A57561B91B108B27813959E9D,(Mensagem de mídia sem texto),mensagem simples,2026-03-12 10:44:18.244+00,Mobiliza PE,111055674052635@lid,Mobiliza PE,2026-04-18 01:39:35.907327+00
867,Pernambuco,Lideranças - Mobiliza PE,Lideranças - Mobiliza PE,120363404880079867@g.us,A5600C4BF7E4F3F819B2CC50BCE4DCD9,"Boa tarde! 💛🚀

Abaixo, *notícia importante* pra divulgarem em grupos e páginas nas suas respectivas regiões, beleza? 👇🏽",mensagem simples,2026-04-10 14:44:41.678+00,Mobiliza PE,111055674052635@lid,Mobiliza PE,2026-04-18 01:39:35.907327+00
868,Pernambuco,Mobiliza,Mobiliza,120363425016992076@g.us,A560FC429754853E101795132BCFE737,"*MISSÃO DUPLA*

Meu povo, *a chapa fechou* e o termômetro da oposição quebrou! 🌡️ Tá uma choradeira do lado de lá que se a gente descuidar, o Capibaribe transborda. Eles criam a ficção, e *a gente entrega o trabalho.*

*Bora ali no post mostrar a força da nossa organização* e que não tem tempo para novela. Só chegar e depositar sua energia! 💛

🔗Missão 1: https://engaja.pro/missaope4-19-03
🔗Missão 2: https://engaja.pro/missaope5-19-03",mensagem simples,2026-03-19 16:36:06.703+00,Mobiliza PE,111055674052635@lid,Mobiliza PE,2026-04-18 01:39:35.907327+00
869,Pernambuco,Mobiliza,Mobiliza,120363425016992076@g.us,A562C141CDAE0A55A8A89761A5976F5C,Vamos mostrar que a gente tem gente de verdade *comentando e compartilhando muito* o que realmente importa: o avanço da nossa cidade. @all,mensagem simples,2026-04-02 09:05:16.732+00,Mobiliza PE,111055674052635@lid,Mobiliza PE,2026-04-18 01:39:35.907327+00
870,Pernambuco,Mobiliza PE,Mobiliza PE,120363405595256912@g.us,A565E1F93C55CB408E9D2F087CD172C2,Que paz no coração saber que esse homem vai governar meu pernambuco 💛,mensagem simples,2026-03-24 17:39:55.512+00,Mobiliza PE,111055674052635@lid,Mobiliza PE,2026-04-18 01:39:35.907327+00
871,Pernambuco,Mobiliza PE,Mobiliza PE,120363405595256912@g.us,A565F971A35EE8F8869B5DBA628E1097,"*MISSÃO TRIPLA PRA COMEÇAR O DIA COM TUDO*💪

Hoje é dia de fazer barulho do jeito certo: presença, apoio e comentário amarelo dominando tudo. 👇

*Se liga nas missões:*
🟡Missão 1: https://engaja.pro/missaope1-20-03
🟡Missão 2: https://engaja.pro/missaope3-20-03
🟡Missão 3: https://engaja.pro/missaope3-20-03",mensagem simples,2026-03-20 07:39:54.977+00,Mobiliza PE,111055674052635@lid,Mobiliza PE,2026-04-18 01:39:35.907327+00
872,Pernambuco,Mobiliza,Mobiliza,120363425016992076@g.us,A568E3E6AB8A215887535EB8C922400D,"Não é falta de dinheiro, é falta de destino certo. Pernambuco gastou R$ 160 milhões com empresa suspeita em obra escolar e aescola tá assim. Pergunta onde foi parar...",mensagem simples,2026-03-14 17:25:51.266+00,Mobiliza PE,111055674052635@lid,Mobiliza PE,2026-04-18 01:39:35.907327+00
873,Pernambuco,Mobiliza PE,Mobiliza PE,120363405595256912@g.us,A5699CB37A80198BECB79127D06BDD9D,"Eita, que a semana já começou fervendo! 🔥

Sei que vocês passaram o domingo descansando a mente, mas já estavam era com saudade de uma agitação, não estavam? Pois se preparem que o Mobiliza aqui não brinca em serviço: *é missão tripla pra começar a semana com todo o gás*! haha.

A oposição tá querendo montar um circo com essa história de CPI, mas a gente sabe que o foco é um só: travar quem tá trabalhando. Vamos invadir as redes e mostrar que o Recife não tem tempo pra picuinha!",mensagem simples,2026-03-02 17:10:23.979+00,Mobiliza PE,111055674052635@lid,Mobiliza PE,2026-04-18 01:39:35.907327+00
874,Pernambuco,Mobiliza PE,Mobiliza PE,120363405595256912@g.us,A56CE2C2CE28F741F4E513922AA1EDFA,Parceria e empenho que transformam a cidade. Ocupando os espaços com a verdade! 💛🚀,mensagem simples,2026-04-02 09:04:35.853+00,Mobiliza PE,111055674052635@lid,Mobiliza PE,2026-04-18 01:39:35.907327+00
875,Pernambuco,Mobiliza PE,Mobiliza PE,120363405595256912@g.us,A56F8CA4B3018378BF5EF9CD2B8BC0A2,"*Posso contar com você comentando nas 5 missões que já rolaram hoje?*

Assim que finalizar as cinco, reage aqui com um 💛, combinado?",mensagem simples,2026-03-03 13:24:30.249+00,Mobiliza PE,111055674052635@lid,Mobiliza PE,2026-04-18 01:39:35.907327+00
876,Pernambuco,Mobiliza PE,Mobiliza PE,120363405595256912@g.us,A56FC236C940483646C45D94519AB798,Agora é pra frente de verdade 🚀,mensagem simples,2026-03-20 16:50:54.45+00,Mobiliza PE,111055674052635@lid,Mobiliza PE,2026-04-18 01:39:35.907327+00
877,Pernambuco,Lideranças - Mobiliza PE,Lideranças - Mobiliza PE,120363404880079867@g.us,A57057574B64BFC9047F69CEE3DA49D5,"Bom dia, Lideranças! 💛

Importante distribuirmos isso pelas nossas páginas e blogs parceiros pelo interior, beleza?

Vamos nessa! 🚀",mensagem simples,2026-03-12 09:55:08.997+00,Mobiliza PE,111055674052635@lid,Mobiliza PE,2026-04-18 01:39:35.907327+00
878,Pernambuco,Lideranças - Mobiliza PE,Lideranças - Mobiliza PE,120363404880079867@g.us,A572A671E6842B39689C8CB590405049,(Mensagem de mídia sem texto),mensagem simples,2026-03-12 10:41:58.308+00,Mobiliza PE,111055674052635@lid,Mobiliza PE,2026-04-18 01:39:35.907327+00
879,Pernambuco,Lideranças - Mobiliza PE,Lideranças - Mobiliza PE,120363404880079867@g.us,A578B922188A02C74BFD77F2E5063DA1,(Mensagem de mídia sem texto),mensagem simples,2026-03-29 12:18:14.718+00,Mobiliza PE,111055674052635@lid,Mobiliza PE,2026-04-18 01:39:35.907327+00
880,Pernambuco,Mobiliza,Mobiliza,120363425016992076@g.us,A57A58646B44200C725EACF540FA10A6,"Finalmente Pernambuco vai ter governador que faz de verdade! Voto onde, João? 💛💛",mensagem simples,2026-03-24 17:40:28.455+00,Mobiliza PE,111055674052635@lid,Mobiliza PE,2026-04-18 01:39:35.907327+00
881,Pernambuco,Mobiliza,Mobiliza,120363425016992076@g.us,A57AD68F1D671206A306867244E8DFDA,"Quando não tem argumento, sobra mentira. O povo de Pernambuco não é bobo 💛💛",mensagem simples,2026-04-04 13:11:05.449+00,Mobiliza PE,111055674052635@lid,Mobiliza PE,2026-04-18 01:39:35.907327+00
882,Pernambuco,Mobiliza PE,Mobiliza PE,120363405595256912@g.us,A57C114F98330BB913B8A7E8C1967713,"*""EU TO PRONTO PRA SER GOVERNADOR DE PERNAMBUCO!""*
Missão: https://engaja.pro/missaope7-20-03

Bora! @all",mensagem simples,2026-03-20 16:50:40.34+00,Mobiliza PE,111055674052635@lid,Mobiliza PE,2026-04-18 01:39:35.907327+00
883,Pernambuco,Mobiliza,Mobiliza,120363425016992076@g.us,A57DC11663600D555DECC7845993EFD1,"Cadê a turma on por aqui? 👀

Passando neste fim de domingo com mais um vídeo lindo! 🥺

Como é que fica o coração e a energia depois disso, hein? 🚀

Bora *COMPARTILHAR GERAL* por todo canto, bora? 💛💛",mensagem simples,2026-03-29 20:52:15.572+00,Mobiliza PE,111055674052635@lid,Mobiliza PE,2026-04-18 01:39:35.907327+00
884,Pernambuco,Mobiliza PE,Mobiliza PE,120363405595256912@g.us,A57EF87A63A45050E07AD8591194BFB4,"Bora pro Governo logo, João, trabalhar que o povo de Pernambuco tá te esperando 🚀💛💛",mensagem simples,2026-03-24 17:39:50.186+00,Mobiliza PE,111055674052635@lid,Mobiliza PE,2026-04-18 01:39:35.907327+00
885,Pernambuco,Lideranças - Mobiliza PE,Lideranças - Mobiliza PE,120363404880079867@g.us,A580999205BDA63D34D50000789BDCC9,(Mensagem de mídia sem texto),mensagem simples,2026-03-12 19:19:12.87+00,Mobiliza PE,111055674052635@lid,Mobiliza PE,2026-04-18 01:39:35.907327+00
886,Pernambuco,Mobiliza,Mobiliza,120363425016992076@g.us,A581A03DC8260DAFA8E2D5C3495A5088,Confiança total! Vamos juntos 🚀💛,mensagem simples,2026-03-20 16:51:43.404+00,Mobiliza PE,111055674052635@lid,Mobiliza PE,2026-04-18 01:39:35.907327+00
887,Pernambuco,Mobiliza PE,Mobiliza PE,120363405595256912@g.us,A581E1D8AD7ACDBD0141642B76B23FCD,"*Pernambuco, escuta esse grito!* João Campos acabou de avisar que a missão agora é com o estado todo. O vídeo tá emocionante demais, a cara da esperança que a gente tava precisando. Vê aí e me diz se não dá um orgulho danado? *Vamos fazer esse vídeo chegar em cada canto de PE hoje!* 🗣️✨",mensagem simples,2026-03-20 16:50:30.899+00,Mobiliza PE,111055674052635@lid,Mobiliza PE,2026-04-18 01:39:35.907327+00
888,Pernambuco,Mobiliza,Mobiliza,120363425016992076@g.us,A58470C643F3EA4C67A1C5F379EAA28F,(Mensagem de mídia sem texto),mensagem simples,2026-04-08 10:40:47.257+00,Mobiliza PE,111055674052635@lid,Mobiliza PE,2026-04-18 01:39:35.907327+00
889,Pernambuco,Mobiliza,Mobiliza,120363425016992076@g.us,A588E8572D87B92B66D7DD09DFD662CF,"Bora pro Governo logo, João, trabalhar que o povo de Pernambuco tá te esperando 🚀💛💛",mensagem simples,2026-03-24 17:40:24.771+00,Mobiliza PE,111055674052635@lid,Mobiliza PE,2026-04-18 01:39:35.907327+00
890,Pernambuco,Mobiliza,Mobiliza,120363425016992076@g.us,A58C9259CC2EA94C92E3B9E1C92C7F0C,É sinal que tão desesperados. Quem tá perdendo inventa história 🚀💛,mensagem simples,2026-04-04 13:11:06.785+00,Mobiliza PE,111055674052635@lid,Mobiliza PE,2026-04-18 01:39:35.907327+00
891,Pernambuco,Mobiliza PE,Mobiliza PE,120363405595256912@g.us,A58DD52198083012FD8F6B151240E033,"Vem, João! Chegou a tua hora, a nossa hora, viva Pernambuco! 💛💛",mensagem simples,2026-03-20 07:40:15.265+00,Mobiliza PE,111055674052635@lid,Mobiliza PE,2026-04-18 01:39:35.907327+00
892,Pernambuco,Mobiliza,Mobiliza,120363425016992076@g.us,A58E9AC2C9C58CE82590736E54645291,Aqui vai algumas sugestões de comentários para você adaptar do seu jeito:,mensagem simples,2026-03-24 17:40:23.439+00,Mobiliza PE,111055674052635@lid,Mobiliza PE,2026-04-18 01:39:35.907327+00
893,Pernambuco,Mobiliza PE,Mobiliza PE,120363405595256912@g.us,A58FF88A01A001F058FEF293FFD14BF8,Bom dia! 💛,mensagem simples,2026-04-17 08:03:38.486+00,Mobiliza PE,111055674052635@lid,Mobiliza PE,2026-04-18 01:39:35.907327+00
894,Pernambuco,Mobiliza,Mobiliza,120363425016992076@g.us,A592B4D222251CAE3D6F0FD883C873D0,"Bora decolar também, Pernambuco. Tá chegando a hora! 💛🚀",mensagem simples,2026-03-30 06:57:05.087+00,Mobiliza PE,111055674052635@lid,Mobiliza PE,2026-04-18 01:39:35.907327+00
895,Pernambuco,Lideranças - Mobiliza PE,Lideranças - Mobiliza PE,120363404880079867@g.us,A593616064BA269671EB41FB30FCD644,https://veronoticias.com/politica/exclusivo-pf-abre-inquerito-sobre-gabinete-do-odio-ligado-a-raquel-lyra/,mensagem simples,2026-04-10 14:45:20.572+00,Mobiliza PE,111055674052635@lid,Mobiliza PE,2026-04-18 01:39:35.907327+00
896,Pernambuco,Mobiliza,Mobiliza,120363425016992076@g.us,A595B3BFA922D3E9D42BA6CE43867855,(Mensagem de mídia sem texto),mensagem simples,2026-04-06 15:53:44.947+00,Mobiliza PE,111055674052635@lid,Mobiliza PE,2026-04-18 01:39:35.907327+00
897,Pernambuco,Mobiliza,Mobiliza,120363425016992076@g.us,A59A29C5E4228250F22CD91011FC5C58,"Bom dia, meu povo! Quintou com missão por aqui. 💛

João segue focado em *entregar trabalho e cuidar de gente*. É a prova de que Recife está em *boas mãos* e que Pernambuco merece esse mesmo nível de compromisso logo ali na frente. 💛🚀

🚨*LINK DA MISSÃO:*  https://engaja.pro/missaope1-02-04",mensagem simples,2026-04-02 09:05:01.718+00,Mobiliza PE,111055674052635@lid,Mobiliza PE,2026-04-18 01:39:35.907327+00
898,Pernambuco,Mobiliza,Mobiliza,120363425016992076@g.us,A59A9E618735A41165FCEF34B98F6B79,Trabalho que a gente vê e sente no dia a dia. Recife não para! 🚀,mensagem simples,2026-04-02 09:05:25.989+00,Mobiliza PE,111055674052635@lid,Mobiliza PE,2026-04-18 01:39:35.907327+00
899,Pernambuco,Mobiliza,Mobiliza,120363425016992076@g.us,A59B95063CBAC8C8620556C5B7F90ABF,*Sugestões de comentários:*,mensagem simples,2026-03-20 07:40:48.43+00,Mobiliza PE,111055674052635@lid,Mobiliza PE,2026-04-18 01:39:35.907327+00
900,Pernambuco,Mobiliza PE,Mobiliza PE,120363405595256912@g.us,A59D539C625334C6E77F687A9CA75957,"Reclamação legítima e tem contexto: o governo contratou empresa ficha suja, sem licitação, pra cuidar justamente disso. A escola não tá assim por acidente...",mensagem simples,2026-03-14 17:24:48.786+00,Mobiliza PE,111055674052635@lid,Mobiliza PE,2026-04-18 01:39:35.907327+00
901,Pernambuco,Mobiliza PE,Mobiliza PE,120363405595256912@g.us,A59DFA2CC19FFCEB6FD4DB318956EEAA,"Finalmente Pernambuco vai ter governador que faz de verdade! Voto onde, João? 💛💛",mensagem simples,2026-03-24 17:39:51.631+00,Mobiliza PE,111055674052635@lid,Mobiliza PE,2026-04-18 01:39:35.907327+00
902,Pernambuco,Mobiliza,Mobiliza,120363425016992076@g.us,A59FCB985824003F6FFEEEAE6559F560,É primeiro turno! 💛🚀,mensagem simples,2026-04-16 13:15:08.573+00,Mobiliza PE,111055674052635@lid,Mobiliza PE,2026-04-18 01:39:35.907327+00
903,Pernambuco,Mobiliza PE,Mobiliza PE,120363405595256912@g.us,A5A16583694DB992614EDB1F8B57BAF4,Aqui vai algumas sugestões de comentários para você adaptar do seu jeito:,mensagem simples,2026-03-24 17:39:43.372+00,Mobiliza PE,111055674052635@lid,Mobiliza PE,2026-04-18 01:39:35.907327+00
904,Pernambuco,Mobiliza,Mobiliza,120363425016992076@g.us,A5A16B825004712444752A594FFC8656,Bora fazer Pernambuco voltar a ser referência 💛,mensagem simples,2026-03-20 16:51:42.055+00,Mobiliza PE,111055674052635@lid,Mobiliza PE,2026-04-18 01:39:35.907327+00
905,Pernambuco,Mobiliza,Mobiliza,120363425016992076@g.us,A5A6BBE47F1F42AA11AADD6382D11460,"*Dá um pulinho lá, vamos mostrar esse trabalho lindo! Deixa um elogio ou só um emoji de coração. 💛🚀*

🟡Missão 1: https://engaja.pro/missaope1-20-03
🟡Missão 2: https://engaja.pro/missaope2-20-03
🟡Missão 3: https://engaja.pro/missaope3-20-03

@all",mensagem simples,2026-03-20 13:50:23.841+00,Mobiliza PE,111055674052635@lid,Mobiliza PE,2026-04-18 01:39:35.907327+00
906,Pernambuco,Mobiliza PE,Mobiliza PE,120363405595256912@g.us,A5A6D6C8DCF61694A73E5067595DFEA9,"*MISSÃO DO DIA:*
*Vamos com tudo nos comentários*, espalhando essa energia e fortalecendo a mensagem.

*Clica no link:* https://engaja.pro/missaope01-30-03

Capricha, interage e chama mais gente! *Bora, Mobilizar!*💛🚀",mensagem simples,2026-03-30 06:55:45.739+00,Mobiliza PE,111055674052635@lid,Mobiliza PE,2026-04-18 01:39:35.907327+00
907,Pernambuco,Mobiliza,Mobiliza,120363425016992076@g.us,A5A84BD72C5D5D82CCCD01B646FCDB8B,"*MISSÃO TRIPLA PRA COMEÇAR O DIA COM TUDO*💪

Hoje é dia de fazer barulho do jeito certo: presença, apoio e comentário amarelo dominando tudo. 👇

*Se liga nas missões:*
🟡Missão 1: https://engaja.pro/missaope1-20-03
🟡Missão 2: https://engaja.pro/missaope3-20-03
🟡Missão 3: https://engaja.pro/missaope3-20-03",mensagem simples,2026-03-20 07:40:40.039+00,Mobiliza PE,111055674052635@lid,Mobiliza PE,2026-04-18 01:39:35.907327+00
908,Pernambuco,Mobiliza PE,Mobiliza PE,120363405595256912@g.us,A5A94BE69BE8EE18A079AE78F7BB887F,João governador pra terminar o que Eduardo começou 💛,mensagem simples,2026-03-20 07:40:10.474+00,Mobiliza PE,111055674052635@lid,Mobiliza PE,2026-04-18 01:39:35.907327+00
909,Pernambuco,Mobiliza PE,Mobiliza PE,120363405595256912@g.us,A5A9A97969BF68B55BECF57BA3942F3F,Tenho nem roupa ir pra votar num governador desse! Vamos João! 💛💛💛💛,mensagem simples,2026-03-20 07:40:13.574+00,Mobiliza PE,111055674052635@lid,Mobiliza PE,2026-04-18 01:39:35.907327+00
910,Pernambuco,Mobiliza PE,Mobiliza PE,120363405595256912@g.us,A5AA69B739924AFBF44E3D2630377877,(Mensagem de mídia sem texto),mensagem simples,2026-04-06 15:53:41.394+00,Mobiliza PE,111055674052635@lid,Mobiliza PE,2026-04-18 01:39:35.907327+00
911,Pernambuco,Mobiliza,Mobiliza,120363425016992076@g.us,A5AAD30241B48C58FBA122F7BC1DD244,"Isso aí tem nome: #RaquelãoDaEducação. R$ 160 milhões gastos em ""manutenção"" escolar e olha como a escola tá. Alguém precisa responder por isso.",mensagem simples,2026-03-14 17:25:53.238+00,Mobiliza PE,111055674052635@lid,Mobiliza PE,2026-04-18 01:39:35.907327+00
912,Pernambuco,Mobiliza,Mobiliza,120363425016992076@g.us,A5AC468ABE1A9EED66C327306BA8B3EB,Tenho nem roupa ir pra votar num governador desse! Vamos João! 💛💛💛💛,mensagem simples,2026-03-20 07:41:21.617+00,Mobiliza PE,111055674052635@lid,Mobiliza PE,2026-04-18 01:39:35.907327+00
913,Pernambuco,Mobiliza PE,Mobiliza PE,120363405595256912@g.us,A5ACF7086056536DBCF8EB20F92325F8,"Gente, dei um pulo nos comentários dos posts agora e vi que a turma do desagrado já bateu o ponto hoje. Ô desespero, visse! *Bora lá mostrar quem é que manda e que faz a diferença de verdade?*",mensagem simples,2026-03-20 13:49:49.858+00,Mobiliza PE,111055674052635@lid,Mobiliza PE,2026-04-18 01:39:35.907327+00
914,Pernambuco,Mobiliza,Mobiliza,120363425016992076@g.us,A5AD43D02BADCFBE8D044E31BA2C1B97,"*MISSÃO TRIPLA!*
Turma, *é pra entrar nos 3 links, comentar com vontade e curtir os comentários dos nossos companheiros.* Não deixa a narrativa da galera do contra crescer não!

ONDE A GENTE VAI AGIR *(Simbora comentar!)*:
🔗 https://engaja.pro/pemissao1-02-03
🔗 https://engaja.pro/pemissao2-02-03
🔗 https://engaja.pro/pemissao3-02-03",mensagem simples,2026-03-02 17:09:53.289+00,Mobiliza PE,111055674052635@lid,Mobiliza PE,2026-04-18 01:39:35.907327+00
915,Pernambuco,Mobiliza,Mobiliza,120363425016992076@g.us,A5AD8951E1B4977D849E16EDEC25188F,*Sugestões de comentário:*,mensagem simples,2026-03-14 17:25:47.949+00,Mobiliza PE,111055674052635@lid,Mobiliza PE,2026-04-18 01:39:35.907327+00
916,Pernambuco,Lideranças - Mobiliza PE,Lideranças - Mobiliza PE,120363404880079867@g.us,A5AE8FDED72D8B15C8EAD9447D5818AD,(Mensagem de mídia sem texto),mensagem simples,2026-04-02 11:46:51.268+00,Mobiliza PE,111055674052635@lid,Mobiliza PE,2026-04-18 01:39:35.907327+00
917,Pernambuco,Mobiliza,Mobiliza,120363425016992076@g.us,A5B01AE91A42A09CED7C5A6140A49DB6,"Bom dia, meu povo!!!! Hoje o dia promete.

Enquanto tem gente do outro lado presa em narrativa e ataque, a gente tá aqui vendo história sendo construída de verdade. 💛

É engraçado… eles tentam diminuir, inventar, bater e a resposta vem em forma de trabalho, legado e futuro.

*O vídeo saiu, o movimento começou e Pernambuco já entendeu o recado.* Quem tem entrega mostra. Quem não tem… fala.",mensagem simples,2026-03-20 07:40:37.291+00,Mobiliza PE,111055674052635@lid,Mobiliza PE,2026-04-18 01:39:35.907327+00
918,Pernambuco,Mobiliza,Mobiliza,120363425016992076@g.us,A5B05CCA38170859EF5BC92DD1477CE0,Tá chegando a hora… Pernambuco já sente que meu governador tá chegando! 💛🚀,mensagem simples,2026-03-30 06:57:00.748+00,Mobiliza PE,111055674052635@lid,Mobiliza PE,2026-04-18 01:39:35.907327+00
919,Pernambuco,Mobiliza,Mobiliza,120363425016992076@g.us,A5B10F1F9BAD4095468BD0FBE420A7BF,"Boa tarde, @all! 💛

Hoje a missão é importante. O vídeo mostra claramente que quando começam a inventar mentira, é porque o trabalho de verdade tá incomodando.

Quem tem entrega não precisa atacar, e isso só reforça que estamos no caminho certo. 🚀",mensagem simples,2026-04-04 13:10:49.837+00,Mobiliza PE,111055674052635@lid,Mobiliza PE,2026-04-18 01:39:35.907327+00
920,Pernambuco,Mobiliza PE,Mobiliza PE,120363405595256912@g.us,A5B18C6CED2560AFB5AC5FF4B3D85CA9,"*Sugestão de comentários, para você se inspirar:*",mensagem simples,2026-04-04 13:10:10.008+00,Mobiliza PE,111055674052635@lid,Mobiliza PE,2026-04-18 01:39:35.907327+00
921,Pernambuco,Mobiliza,Mobiliza,120363425016992076@g.us,A5B5EFAD1B37605FAAE53C5F7A295918,Agora é Pernambuco todo! 💛,mensagem simples,2026-03-20 16:21:48.973+00,Mobiliza PE,111055674052635@lid,Mobiliza PE,2026-04-18 01:39:35.907327+00
922,Pernambuco,Mobiliza PE,Mobiliza PE,120363405595256912@g.us,A5B78D41BEAC9E28D60259E997FCAF58,"🚨 *MISSÃO DUPLA NA ÁREA* 🚨 
🔗 Link 01: https://engaja.pro/missao-pe1-24-03
🔗 Link 02: https://engaja.pro/missao-pe-2-24-03

Fala, turma! 🚀 
Nosso prefeito deu o papo reto sobre como se faz política com maturidade e respeito aos ritos! 🫡 
Bora mostrar que Pernambuco tá vendo a diferença entre quem constrói com harmonia e quem só faz barulho?",mensagem simples,2026-03-24 17:39:35.07+00,Mobiliza PE,111055674052635@lid,Mobiliza PE,2026-04-18 01:39:35.907327+00
923,Pernambuco,Mobiliza PE,Mobiliza PE,120363405595256912@g.us,A5B86C1CE45F39519A0BB6D87E8462EA,Vamos mostrar que a gente tem gente de verdade *comentando e compartilhando muito* o que realmente importa: o avanço da nossa cidade. @all,mensagem simples,2026-04-02 09:04:17.002+00,Mobiliza PE,111055674052635@lid,Mobiliza PE,2026-04-18 01:39:35.907327+00
924,Pernambuco,Mobiliza PE,Mobiliza PE,120363405595256912@g.us,A5B9E5E3FD78FF58816F634206BEE431,*#MEUGOVERNADOR*💛💛💛,mensagem simples,2026-03-20 07:40:12.429+00,Mobiliza PE,111055674052635@lid,Mobiliza PE,2026-04-18 01:39:35.907327+00
925,Pernambuco,Mobiliza PE,Mobiliza PE,120363405595256912@g.us,A5B9F060E8732BD5C934084BDEDD2E23,O governo assinou contrato suspeito de R$ 160 milhões pra manutenção de escolas públicas em Pernambuco. O resultado tá aí... #RaquelãoDaEducação,mensagem simples,2026-03-14 17:24:50.896+00,Mobiliza PE,111055674052635@lid,Mobiliza PE,2026-04-18 01:39:35.907327+00
926,Pernambuco,Mobiliza,Mobiliza,120363425016992076@g.us,A5BB6015D697C1B7F392CE484ED44F86,Bom dia! 💛🚀,mensagem simples,2026-04-09 07:45:12.654+00,Mobiliza PE,111055674052635@lid,Mobiliza PE,2026-04-18 01:39:35.907327+00
927,Pernambuco,Mobiliza PE,Mobiliza PE,120363405595256912@g.us,A5BBC0D42A33F4D52AFCF5EF8A60C278,É sinal que tão desesperados. Quem tá perdendo inventa história 🚀💛,mensagem simples,2026-04-04 13:10:18.839+00,Mobiliza PE,111055674052635@lid,Mobiliza PE,2026-04-18 01:39:35.907327+00
928,Pernambuco,Mobiliza,Mobiliza,120363425016992076@g.us,A5BC6F11C0FB9F078441B228C1191865,"Segura, Pernambuco… porque meu governador tá chegando! 💛🚀",mensagem simples,2026-03-30 06:57:03.591+00,Mobiliza PE,111055674052635@lid,Mobiliza PE,2026-04-18 01:39:35.907327+00
929,Pernambuco,Mobiliza,Mobiliza,120363425016992076@g.us,A5BCAE4E03E5F47D6868F89BD98C6A60,É isso! Hora de avançar 🚀💛,mensagem simples,2026-03-20 16:21:45.65+00,Mobiliza PE,111055674052635@lid,Mobiliza PE,2026-04-18 01:39:35.907327+00
930,Pernambuco,Mobiliza,Mobiliza,120363425016992076@g.us,A5BDBDD0710004F01D76DC6773148156,"*Como participar das missões:*
1️⃣ Chegou a missão na comunidade? Clica no link.
2️⃣ Comente MUITO (comentário estratégico faz diferença!).
3️⃣ Curta a publicação.
4️⃣ Envia para todos participarem

*É simples. Rápido. E faz toda a diferença no alcance e na força do nosso movimento.*",mensagem simples,2026-03-02 14:20:11.363+00,Mobiliza PE,111055674052635@lid,Mobiliza PE,2026-04-18 01:39:35.907327+00
931,Pernambuco,Mobiliza PE,Mobiliza PE,120363405595256912@g.us,A5C067D382BA0C346CD2FCE68A65C231,Do Recife pra todo Pernambuco… tá chegando a hora! 💛💛,mensagem simples,2026-03-30 06:56:02.757+00,Mobiliza PE,111055674052635@lid,Mobiliza PE,2026-04-18 01:39:35.907327+00
932,Pernambuco,Mobiliza PE,Mobiliza PE,120363405595256912@g.us,A5C24F18713C39D52A75C15BF8E05423,Isso é o desespero batendo na porta deles. Quando a mentira aparece é porque a verdade tá incomodando demais 🚀💛,mensagem simples,2026-04-04 13:10:20.212+00,Mobiliza PE,111055674052635@lid,Mobiliza PE,2026-04-18 01:39:35.907327+00
933,Pernambuco,Lideranças - Mobiliza PE,Lideranças - Mobiliza PE,120363404880079867@g.us,A5C3B50546EFBD298E31A1B7668717C1,(Mensagem de mídia sem texto),mensagem simples,2026-03-12 19:18:55.635+00,Mobiliza PE,111055674052635@lid,Mobiliza PE,2026-04-18 01:39:35.907327+00
934,Pernambuco,Mobiliza PE,Mobiliza PE,120363405595256912@g.us,A5C54E90170B9E45B881200FF1376B21,(Mensagem de mídia sem texto),mensagem simples,2026-04-08 10:40:34.952+00,Mobiliza PE,111055674052635@lid,Mobiliza PE,2026-04-18 01:39:35.907327+00
935,Pernambuco,Mobiliza PE,Mobiliza PE,120363405595256912@g.us,A5C5C0FFB340B234599C2A90F6504345,Tá chegando a hora… Pernambuco já sente que meu governador tá chegando! 💛🚀,mensagem simples,2026-03-30 06:55:55.565+00,Mobiliza PE,111055674052635@lid,Mobiliza PE,2026-04-18 01:39:35.907327+00
936,Pernambuco,Mobiliza PE,Mobiliza PE,120363405595256912@g.us,A5C81A6E973C4571B898FF931AE006FB,Trabalho que a gente vê e sente no dia a dia. Recife não para! 🚀,mensagem simples,2026-04-02 09:04:31.139+00,Mobiliza PE,111055674052635@lid,Mobiliza PE,2026-04-18 01:39:35.907327+00
937,Pernambuco,Lideranças - Mobiliza PE,Lideranças - Mobiliza PE,120363404880079867@g.us,A5CB8411385592584191A02F4899E202,"E aí, liderancas! 🚀

Cadê a galera do interior por aqui, hein? 👀

Se liga no vídeo abaixo e espalha geral por grupos, stories, status e todo canto que der!

O Presidente deu a letra aqui 👇🏼",mensagem simples,2026-03-29 12:18:03.883+00,Mobiliza PE,111055674052635@lid,Mobiliza PE,2026-04-18 01:39:35.907327+00
938,Pernambuco,Mobiliza,Mobiliza,120363425016992076@g.us,A5CC8114A5A9E609EAB41E277B95B7C0,"*MISSÃO DE HOJE:*
Vamos pra cima nos *comentários e compartilhar muito*. É hora de mostrar que a gente tá atento e não acreditar em quem distorce até coisas pessoais.

Link: https://engaja.pro/missaope01-04-04",mensagem simples,2026-04-04 13:10:55.58+00,Mobiliza PE,111055674052635@lid,Mobiliza PE,2026-04-18 01:39:35.907327+00
939,Pernambuco,Mobiliza PE,Mobiliza PE,120363405595256912@g.us,A5CC8C307D08D88CA528622C2FA801C6,*Sugestões de comentários:*,mensagem simples,2026-03-20 07:40:07.676+00,Mobiliza PE,111055674052635@lid,Mobiliza PE,2026-04-18 01:39:35.907327+00
940,Pernambuco,Mobiliza,Mobiliza,120363425016992076@g.us,A5CDF4D6F83430E78A562DF53F4FC897,"Enquanto uns fazem barulho, João faz história com entregas reais. 🚀🚀",mensagem simples,2026-04-02 09:05:27.387+00,Mobiliza PE,111055674052635@lid,Mobiliza PE,2026-04-18 01:39:35.907327+00
941,Pernambuco,Mobiliza PE,Mobiliza PE,120363405595256912@g.us,A5CEF13AC65C93F946BF231DE9C8D204,Confiança total! Vamos juntos 🚀💛,mensagem simples,2026-03-20 16:50:57.335+00,Mobiliza PE,111055674052635@lid,Mobiliza PE,2026-04-18 01:39:35.907327+00
942,Pernambuco,Mobiliza,Mobiliza,120363425016992076@g.us,A5CF2751A240362C387CDDC86E61F65F,Sua postagem mostra exatamente o que o #RaquelãoDaEducação significa na prática: recurso público some em contrato suspeito e quem estuda em escola pública segue se virando,mensagem simples,2026-03-14 17:25:59.314+00,Mobiliza PE,111055674052635@lid,Mobiliza PE,2026-04-18 01:39:35.907327+00
943,Pernambuco,Mobiliza PE,Mobiliza PE,120363405595256912@g.us,A5D13B0CAE6AC2CF82944680D158EED4,"*MISSÃO DE HOJE:*
Vamos pra cima nos *comentários e compartilhar muito*. É hora de mostrar que a gente tá atento e não acreditar em quem distorce até coisas pessoais.

Link: https://engaja.pro/missaope01-04-04",mensagem simples,2026-04-04 13:10:04.682+00,Mobiliza PE,111055674052635@lid,Mobiliza PE,2026-04-18 01:39:35.907327+00
944,Pernambuco,Mobiliza PE,Mobiliza PE,120363405595256912@g.us,A5D29EEBE240AA665D8F53A49E13EDCD,(Mensagem de mídia sem texto),mensagem simples,2026-04-17 08:04:20.58+00,Mobiliza PE,111055674052635@lid,Mobiliza PE,2026-04-18 01:39:35.907327+00
945,Pernambuco,Mobiliza,Mobiliza,120363425016992076@g.us,A5D2A5AFA0E82F60FFBD5BF0D8EACDF4,Isso é o desespero batendo na porta deles. Quando a mentira aparece é porque a verdade tá incomodando demais 🚀💛,mensagem simples,2026-04-04 13:11:08.587+00,Mobiliza PE,111055674052635@lid,Mobiliza PE,2026-04-18 01:39:35.907327+00
946,Pernambuco,Mobiliza,Mobiliza,120363425016992076@g.us,A5D32B0778B3BAB83D8FE0791A7944B9,"Reclamação legítima e tem contexto: o governo contratou empresa ficha suja, sem licitação, pra cuidar justamente disso. A escola não tá assim por acidente...",mensagem simples,2026-03-14 17:25:55.948+00,Mobiliza PE,111055674052635@lid,Mobiliza PE,2026-04-18 01:39:35.907327+00
947,Pernambuco,Mobiliza PE,Mobiliza PE,120363405595256912@g.us,A5D3C2A33EDC7FA38838FCB9CA226D62,"Quando não tem argumento, sobra mentira. O povo de Pernambuco não é bobo 💛💛",mensagem simples,2026-04-04 13:10:17.65+00,Mobiliza PE,111055674052635@lid,Mobiliza PE,2026-04-18 01:39:35.907327+00
948,Pernambuco,Mobiliza,Mobiliza,120363425016992076@g.us,A5D47B46B25151C66C7C44051E222EB3,"Eita, que a semana já começou fervendo! 🔥

Sei que vocês passaram o domingo descansando a mente, mas já estavam era com saudade de uma agitação, não estavam? Pois se preparem que o Mobiliza aqui não brinca em serviço: *é missão tripla pra começar a semana com todo o gás*! haha.

A oposição tá querendo montar um circo com essa história de CPI, mas a gente sabe que o foco é um só: travar quem tá trabalhando. Vamos invadir as redes e mostrar que o Recife não tem tempo pra picuinha!",mensagem simples,2026-03-02 17:09:51.303+00,Mobiliza PE,111055674052635@lid,Mobiliza PE,2026-04-18 01:39:35.907327+00
949,Pernambuco,Mobiliza,Mobiliza,120363425016992076@g.us,A5D496BE82B646A8B02A3739C2039AFF,"Vem, João! Chegou a tua hora, a nossa hora, viva Pernambuco! 💛💛",mensagem simples,2026-03-20 07:41:23.752+00,Mobiliza PE,111055674052635@lid,Mobiliza PE,2026-04-18 01:39:35.907327+00
950,Pernambuco,Mobiliza PE,Mobiliza PE,120363405595256912@g.us,A5D7366E81B0F9EEA4C77252234F673E,"Isso aí tem nome: #RaquelãoDaEducação. R$ 160 milhões gastos em ""manutenção"" escolar e olha como a escola tá. Alguém precisa responder por isso.",mensagem simples,2026-03-14 17:24:46.696+00,Mobiliza PE,111055674052635@lid,Mobiliza PE,2026-04-18 01:39:35.907327+00
951,Pernambuco,Mobiliza,Mobiliza,120363425016992076@g.us,A5DD25ED06DB0B87CFA9C297527A2712,"OLHA ESSA ONDA AMARELA, MEU POVO!💛 

*É LINDO ver todos vocês lá, colocando pra moer! 💛* 
NESSE MOMENTO NÃO TEM COMO NÃO SE EMOCIONAR!  🥹

É forte, é real, é nosso! 🔥  

ENTÃO VAMOS LÁ! 
👉 Comentar  
👉 Curtir o comentário um do outro  
👉 FORTALECER ESSA CORRENTE  

Vamos mostrar a nossa força e apoio.💛",mensagem simples,2026-03-19 21:18:05.657+00,Mobiliza PE,111055674052635@lid,Mobiliza PE,2026-04-18 01:39:35.907327+00
952,Pernambuco,Mobiliza PE,Mobiliza PE,120363405595256912@g.us,A5DD8CBF818B373D1C03B55D1E3CD091,"Cadê a turma on por aqui? 👀

Passando neste fim de domingo com mais um vídeo lindo! 🥺

Como é que fica o coração e a energia depois disso, hein? 🚀

Bora *COMPARTILHAR GERAL* por todo canto, bora? 💛💛",mensagem simples,2026-03-29 20:51:33.818+00,Mobiliza PE,111055674052635@lid,Mobiliza PE,2026-04-18 01:39:35.907327+00
953,Pernambuco,Mobiliza,Mobiliza,120363425016992076@g.us,A5DDBE2D68A944393A1877206A0AAA2E,"Bora, João! Pernambuco tá contigo 💛",mensagem simples,2026-03-20 16:21:44.163+00,Mobiliza PE,111055674052635@lid,Mobiliza PE,2026-04-18 01:39:35.907327+00
954,Pernambuco,Mobiliza PE,Mobiliza PE,120363405595256912@g.us,A5DE594C36A36F91F005E45BD44CB32A,"Bom dia, meu povo!!!! Hoje o dia promete.

Enquanto tem gente do outro lado presa em narrativa e ataque, a gente tá aqui vendo história sendo construída de verdade. 💛

É engraçado… eles tentam diminuir, inventar, bater e a resposta vem em forma de trabalho, legado e futuro.

*O vídeo saiu, o movimento começou e Pernambuco já entendeu o recado.* Quem tem entrega mostra. Quem não tem… fala.",mensagem simples,2026-03-20 07:39:44.624+00,Mobiliza PE,111055674052635@lid,Mobiliza PE,2026-04-18 01:39:35.907327+00
955,Pernambuco,Mobiliza,Mobiliza,120363425016992076@g.us,A5DFCC077B3B596B832A8DD3422D60B3,*Sugestão de comentários:*,mensagem simples,2026-03-30 06:56:58.038+00,Mobiliza PE,111055674052635@lid,Mobiliza PE,2026-04-18 01:39:35.907327+00
956,Pernambuco,Mobiliza PE,Mobiliza PE,120363405595256912@g.us,A5E1EF0F6C9FCF6F1A5854052B273BE3,"Boa tarde, @all! 💛

Hoje a missão é importante. O vídeo mostra claramente que quando começam a inventar mentira, é porque o trabalho de verdade tá incomodando.

Quem tem entrega não precisa atacar, e isso só reforça que estamos no caminho certo. 🚀",mensagem simples,2026-04-04 13:09:59.309+00,Mobiliza PE,111055674052635@lid,Mobiliza PE,2026-04-18 01:39:35.907327+00
957,Pernambuco,Lideranças - Mobiliza PE,Lideranças - Mobiliza PE,120363404880079867@g.us,A5E204C3DD2559B40C12F39D27E19F5C,(Mensagem de mídia sem texto),mensagem simples,2026-04-06 10:52:57.132+00,Mobiliza PE,111055674052635@lid,Mobiliza PE,2026-04-18 01:39:35.907327+00
958,Pernambuco,Mobiliza PE,Mobiliza PE,120363405595256912@g.us,A5E274F2F89D907DF3AC4A6903F70994,"*Sugestão de comentários, para você se inspirar:*",mensagem simples,2026-04-02 09:04:24.729+00,Mobiliza PE,111055674052635@lid,Mobiliza PE,2026-04-18 01:39:35.907327+00
959,Pernambuco,Mobiliza PE,Mobiliza PE,120363405595256912@g.us,A5E507E7252774CE27BEA859C2A39637,"Não é falta de dinheiro, é falta de destino certo. Pernambuco gastou R$ 160 milhões com empresa suspeita em obra escolar e aescola tá assim. Pergunta onde foi parar...",mensagem simples,2026-03-14 17:24:43.843+00,Mobiliza PE,111055674052635@lid,Mobiliza PE,2026-04-18 01:39:35.907327+00
960,Pernambuco,Mobiliza PE,Mobiliza PE,120363405595256912@g.us,A5E6F6795245B60510722D4A0FB8249F,"Segura, Pernambuco… porque meu governador tá chegando! 💛🚀",mensagem simples,2026-03-30 06:55:58.837+00,Mobiliza PE,111055674052635@lid,Mobiliza PE,2026-04-18 01:39:35.907327+00
961,Pernambuco,Mobiliza PE,Mobiliza PE,120363405595256912@g.us,A5E7DC6F5ED8B8CC350D301427EF7A97,(Mensagem de mídia sem texto),mensagem simples,2026-04-13 19:55:46.926+00,Mobiliza PE,111055674052635@lid,Mobiliza PE,2026-04-18 01:39:35.907327+00
962,Pernambuco,Mobiliza PE,Mobiliza PE,120363405595256912@g.us,A5E7E1E4A8A642D8FB8587F9302746AF,É primeiro turno! 💛🚀,mensagem simples,2026-04-16 13:15:05.182+00,Mobiliza PE,111055674052635@lid,Mobiliza PE,2026-04-18 01:39:35.907327+00
963,Pernambuco,Mobiliza PE,Mobiliza PE,120363405595256912@g.us,A5E8E1AE388203C3699078F90BC3CA35,Bom dia! 💛🚀,mensagem simples,2026-04-09 07:45:03.695+00,Mobiliza PE,111055674052635@lid,Mobiliza PE,2026-04-18 01:39:35.907327+00
964,Pernambuco,Mobiliza PE,Mobiliza PE,120363405595256912@g.us,A5E9B6F366F4A5D9477340A5093A3E33,"Preparado e com propósito, é disso que Pernambuco precisa 💛",mensagem simples,2026-03-20 16:50:52.866+00,Mobiliza PE,111055674052635@lid,Mobiliza PE,2026-04-18 01:39:35.907327+00
965,Pernambuco,Mobiliza,Mobiliza,120363425016992076@g.us,A5EB0A476F55D2B388EDC3BAA9125431,"Preparado e com propósito, é disso que Pernambuco precisa 💛",mensagem simples,2026-03-20 16:51:39.544+00,Mobiliza PE,111055674052635@lid,Mobiliza PE,2026-04-18 01:39:35.907327+00
966,Pernambuco,Mobiliza,Mobiliza,120363425016992076@g.us,A5EFA4214C3937EE1694220363C20E2D,(Mensagem de mídia sem texto),mensagem simples,2026-03-13 08:39:40.105+00,Mobiliza PE,111055674052635@lid,Mobiliza PE,2026-04-18 01:39:35.907327+00
967,Pernambuco,Mobiliza,Mobiliza,120363425016992076@g.us,A5F15644B37DC77B3DA955E15450E94B,"Meu povo, *hoje tem Oscar*, mas a estatueta de *melhor rolê já tem dono*! 🏆

O prefeito meteu o estilo Agente Secreto e foi vistoriar a Ponte Júlia Santiago dirigindo o Piu Piu, o mesmíssimo Fusca 72 que o Wagner Moura usou no filme.

Massa demais, visse? Essa moral é toda nossa e a gestão mostra que o trabalho não para nem no domingão. *Bora lá no Insta mostrar que a nossa torcida já tá pronta pra Hollywood e pro Recife!*

*Clica aqui e deixa teu comentário e COMPARTILHA:* https://engaja.pro/missaope01-15-03",mensagem simples,2026-03-15 19:24:42.211+00,Mobiliza PE,111055674052635@lid,Mobiliza PE,2026-04-18 01:39:35.907327+00
968,Pernambuco,Mobiliza PE,Mobiliza PE,120363405595256912@g.us,A5F1AE51D8E4C677577368C7F5BA5C38,"Meu voto tá garantido faz tempo, pode inventar o que quiser que não muda nada não 💛🚀",mensagem simples,2026-04-04 13:10:16.159+00,Mobiliza PE,111055674052635@lid,Mobiliza PE,2026-04-18 01:39:35.907327+00
969,Pernambuco,Mobiliza PE,Mobiliza PE,120363405595256912@g.us,A5F48BCD24CCB30449EAA3B1437F0D33,"Bom sábado, pessoal! Vocês viram isso aqui?

*Uma escola pública em Pernambuco em situação precária*… e o que chama atenção é o contexto: *mais de R$ 160 milhões* gastos em “manutenção” de escolas no estado.

A pergunta é simples: *se teve esse dinheiro todo, por que a escola tá assim?*

*FOCO NA MISSÃO DUPLA:*
1️⃣ Vamos comentar no post 
2️⃣ Compartilhar o vídeo pra mais gente ver.

*Clica no link:* https://engaja.pro/missaope01-14-03",mensagem simples,2026-03-14 17:24:35.57+00,Mobiliza PE,111055674052635@lid,Mobiliza PE,2026-04-18 01:39:35.907327+00
970,Pernambuco,Lideranças - Mobiliza PE,Lideranças - Mobiliza PE,120363404880079867@g.us,A5F5203AED3B5ABBCC8231C41AE4C92E,(Mensagem de mídia sem texto),mensagem simples,2026-04-16 10:28:07.995+00,Mobiliza PE,111055674052635@lid,Mobiliza PE,2026-04-18 01:39:35.907327+00
971,Pernambuco,Mobiliza PE,Mobiliza PE,120363405595256912@g.us,A5F63CB4E611FCF061988D19C9C5F84B,*Sugestão de comentários:*,mensagem simples,2026-03-30 06:55:52.188+00,Mobiliza PE,111055674052635@lid,Mobiliza PE,2026-04-18 01:39:35.907327+00
972,Pernambuco,Mobiliza,Mobiliza,120363425016992076@g.us,A5F656B649D7B825EC194A333AA6EC28,"Bom sábado, pessoal! Vocês viram isso aqui?

*Uma escola pública em Pernambuco em situação precária*… e o que chama atenção é o contexto: *mais de R$ 160 milhões* gastos em “manutenção” de escolas no estado.

A pergunta é simples: *se teve esse dinheiro todo, por que a escola tá assim?*

*FOCO NA MISSÃO DUPLA:*
1️⃣ Vamos comentar no post 
2️⃣ Compartilhar o vídeo pra mais gente ver.

*Clica no link:* https://engaja.pro/missaope01-14-03",mensagem simples,2026-03-14 17:25:31.302+00,Mobiliza PE,111055674052635@lid,Mobiliza PE,2026-04-18 01:39:35.907327+00
973,Pernambuco,Mobiliza,Mobiliza,120363425016992076@g.us,A5F6E361F4329AFF461363FF4C6D6592,Parceria e empenho que transformam a cidade. Ocupando os espaços com a verdade! 💛🚀,mensagem simples,2026-04-02 09:05:28.413+00,Mobiliza PE,111055674052635@lid,Mobiliza PE,2026-04-18 01:39:35.907327+00
974,Pernambuco,Mobiliza PE,Mobiliza PE,120363405595256912@g.us,A5FD0DE78D49216911F9DF7EAA93EFD1,"O reconhecimento vem pra quem não para, meu povo! O resultado não engana: João Campos lidera com 50% das intenções de voto pro Governo de Pernambuco. 

É o estado inteiro pedindo por um trabalho sério e entregas de verdade que transformam as vidas da gente. O time tá forte e Pernambuco já escolheu o caminho do futuro! 💛🚀

*1️⃣ Vamos comentar e compartilhar bastante*

*2️⃣ Pega o link da boa:* https://engaja.pro/missaope02-08-04",mensagem simples,2026-04-08 09:55:14.41+00,Mobiliza PE,111055674052635@lid,Mobiliza PE,2026-04-18 01:39:35.907327+00
975,Pernambuco,Mobiliza,Mobiliza,120363425016992076@g.us,A5FD57D82CBCA5B1CAA1F771AECE78F0,"*""EU TO PRONTO PRA SER GOVERNADOR DE PERNAMBUCO!""*
Missão: https://engaja.pro/missaope7-20-03

Bora! @all",mensagem simples,2026-03-20 16:51:36.861+00,Mobiliza PE,111055674052635@lid,Mobiliza PE,2026-04-18 01:39:35.907327+00
976,Pernambuco,Mobiliza PE,Mobiliza PE,120363405595256912@g.us,A5FD64A81BEAF3A0FD4663D592791358,@all,mensagem simples,2026-03-03 13:24:36.597+00,Mobiliza PE,111055674052635@lid,Mobiliza PE,2026-04-18 01:39:35.907327+00
977,Pernambuco,Mobiliza PE,Mobiliza PE,120363405595256912@g.us,A5FE5796C3C5CA4C124E4759DEB536BA,"Bom dia, meu povo! Quintou com missão por aqui. 💛

João segue focado em *entregar trabalho e cuidar de gente*. É a prova de que Recife está em *boas mãos* e que Pernambuco merece esse mesmo nível de compromisso logo ali na frente. 💛🚀

🚨*LINK DA MISSÃO:*  https://engaja.pro/missaope1-02-04",mensagem simples,2026-04-02 09:04:02.826+00,Mobiliza PE,111055674052635@lid,Mobiliza PE,2026-04-18 01:39:35.907327+00
978,Pernambuco,Mobiliza,Mobiliza,120363425016992076@g.us,A5FF677E978405E397D3861161159D45,"🚨 *MISSÃO DUPLA NA ÁREA* 🚨 
🔗 Link 01: https://engaja.pro/missao-pe1-24-03
🔗 Link 02: https://engaja.pro/missao-pe-2-24-03

Fala, turma! 🚀 
Nosso prefeito deu o papo reto sobre como se faz política com maturidade e respeito aos ritos! 🫡 
Bora mostrar que Pernambuco tá vendo a diferença entre quem constrói com harmonia e quem só faz barulho?",mensagem simples,2026-03-24 17:40:17.449+00,Mobiliza PE,111055674052635@lid,Mobiliza PE,2026-04-18 01:39:35.907327+00
979,Pernambuco,Mobiliza PE,Mobiliza PE,120363405595256912@g.us,AC077C5858A95E62B805877161A022BF,Pernambuco acaba de se encher de esperança 💛💛,mensagem simples,2026-03-28 13:46:41.275+00,Mobiliza PE,111055674052635@lid,Mobiliza PE,2026-04-18 01:39:35.907327+00
980,Pernambuco,Mobiliza,Mobiliza,120363425016992076@g.us,AC07D11BFF36E507F41901C0169A4A5B,"Coração batendo forte e o dedo já no gatilho: *segura a ansiedade!* Que é já já. A onda amarela vai ocupar a timeline pra ninguém ter dúvida de quem faz de verdade. Já vai separando os emojis amarelos 💛, a #VemJoão, que a onda vai ser grande. Simbora?",mensagem simples,2026-03-19 20:02:56.482+00,Mobiliza PE,111055674052635@lid,Mobiliza PE,2026-04-18 01:39:35.907327+00
981,Pernambuco,Mobiliza,Mobiliza,120363425016992076@g.us,AC0A33D92F6EEC15A5727ED830D375A6,"Ele quer ser presidente no futuro. Pode apostar que vai fazer muito por Pernambuco pra viabilizar isso, que sorte a nossa! 💛💛💛💛💛",mensagem simples,2026-03-19 21:06:31.071+00,Mobiliza PE,111055674052635@lid,Mobiliza PE,2026-04-18 01:39:35.907327+00
982,Pernambuco,Mobiliza PE,Mobiliza PE,120363405595256912@g.us,AC0C13BFC09B7B37D4B6356644962308,É o time perfeito pra fazer mais pelo interior 💛💛,mensagem simples,2026-03-28 13:46:37.888+00,Mobiliza PE,111055674052635@lid,Mobiliza PE,2026-04-18 01:39:35.907327+00
983,Pernambuco,Mobiliza,Mobiliza,120363425016992076@g.us,AC0D0D907E37448D9D8DBB317CAC60E9,Agora Pernambuco decola de vez 💛💛💛💛💛,mensagem simples,2026-03-19 21:06:35.26+00,Mobiliza PE,111055674052635@lid,Mobiliza PE,2026-04-18 01:39:35.907327+00
984,Pernambuco,Mobiliza PE,Mobiliza PE,120363405595256912@g.us,AC0E44E6094593DCC32509109AD09989,Esse time tá cheio de camisa 10 💛💛,mensagem simples,2026-03-28 13:46:44.414+00,Mobiliza PE,111055674052635@lid,Mobiliza PE,2026-04-18 01:39:35.907327+00
985,Pernambuco,Mobiliza PE,Mobiliza PE,120363405595256912@g.us,AC0E9684F1A7AC532D500A20014B1AF5,João governador pra terminar o que Eduardo começou 💛,mensagem simples,2026-03-19 21:05:54.081+00,Mobiliza PE,111055674052635@lid,Mobiliza PE,2026-04-18 01:39:35.907327+00
986,Pernambuco,Mobiliza PE,Mobiliza PE,120363405595256912@g.us,AC0EDED52062A3104A9498DF64102D41,"É tanta obra no Recife que não cabe mais numa cidade só, tem que espalhar por Pernambuco todo agora 😂😂💛",mensagem simples,2026-03-19 21:06:02.463+00,Mobiliza PE,111055674052635@lid,Mobiliza PE,2026-04-18 01:39:35.907327+00
987,Pernambuco,Mobiliza,Mobiliza,120363425016992076@g.us,AC131F96569DAC9840658E41A1085399,*COMENTEM E COMPARTILHEM AO MÁXIMO!*🔥,mensagem simples,2026-03-19 21:03:30.296+00,Mobiliza PE,111055674052635@lid,Mobiliza PE,2026-04-18 01:39:35.907327+00
988,Pernambuco,Mobiliza,Mobiliza,120363425016992076@g.us,AC14A2D0F9BDC8FEDA471499338080C8,"Não basta ter time, o time tem que estar entrosado. E Lula e João estão 💛",mensagem simples,2026-03-28 12:37:22.462+00,Mobiliza PE,111055674052635@lid,Mobiliza PE,2026-04-18 01:39:35.907327+00
989,Pernambuco,Mobiliza PE,Mobiliza PE,120363405595256912@g.us,AC157B01A439B8C71C28C2DDB0D6F937,Quando eu vejo comentário cheio de coração roxo agora eu penso: é fake,mensagem simples,2026-04-11 10:48:06.632+00,Mobiliza PE,111055674052635@lid,Mobiliza PE,2026-04-18 01:39:35.907327+00
990,Pernambuco,Mobiliza,Mobiliza,120363425016992076@g.us,AC1680A6A9A131646FE363EB4C3FBDF0,*COMENTÁRIOS PARA SE INSPIRAR (não copiem e colem):*,mensagem simples,2026-03-28 12:37:00.332+00,Mobiliza PE,111055674052635@lid,Mobiliza PE,2026-04-18 01:39:35.907327+00
991,Pernambuco,Mobiliza PE,Mobiliza PE,120363405595256912@g.us,AC16CE9AB41FD836F2A99D134C6F991E,O homem tá pronto e vem aí pra terminar o que Eduardo começou! 💛💛,mensagem simples,2026-03-19 21:06:03.942+00,Mobiliza PE,111055674052635@lid,Mobiliza PE,2026-04-18 01:39:35.907327+00
992,Pernambuco,Mobiliza,Mobiliza,120363425016992076@g.us,AC18E1B1D20CD5552DF1D7924ECC7945,Tenho nem roupa ir pra votar num governador desse! Vamos João! 💛💛💛💛,mensagem simples,2026-03-19 21:06:28.782+00,Mobiliza PE,111055674052635@lid,Mobiliza PE,2026-04-18 01:39:35.907327+00
993,Pernambuco,Mobiliza PE,Mobiliza PE,120363405595256912@g.us,AC1ABC3FBDAA7B902555A8D47391620D,João é o camisa 10 do time de Lula! 💛,mensagem simples,2026-03-28 13:46:35.443+00,Mobiliza PE,111055674052635@lid,Mobiliza PE,2026-04-18 01:39:35.907327+00
994,Pernambuco,Mobiliza,Mobiliza,120363425016992076@g.us,AC1B2C6B3CCB643065D0ECDED4E49A53,O homem tá pronto e vem aí pra terminar o que Eduardo começou! 💛💛,mensagem simples,2026-03-19 21:06:34.7+00,Mobiliza PE,111055674052635@lid,Mobiliza PE,2026-04-18 01:39:35.907327+00
995,Pernambuco,Mobiliza,Mobiliza,120363425016992076@g.us,AC1F7F0B53583F495E793554643BA339,"Finalmente o Recife vai dividir João com a gente, Pernambuco merece crescer também 💛💛",mensagem simples,2026-03-19 21:06:29.916+00,Mobiliza PE,111055674052635@lid,Mobiliza PE,2026-04-18 01:39:35.907327+00
996,Pernambuco,Mobiliza PE,Mobiliza PE,120363405595256912@g.us,AC201FD897F8692CFC9CD17C028E932F,"Então já fica o lembrete: *quarta-feira, às 19h30, temos nossa reunião. É o momento de alinhar, ouvir, construir juntos e sair com direcionamento claro.*",mensagem simples,2026-03-02 14:18:08.756+00,Mobiliza PE,111055674052635@lid,Mobiliza PE,2026-04-18 01:39:35.907327+00
997,Pernambuco,Mobiliza,Mobiliza,120363425016992076@g.us,AC21B0B2DC980AB7D0A599173354C21A,Vem João mostrar como se faz gestão de verdade em Pernambuco 💛,mensagem simples,2026-03-16 11:51:12.709+00,Mobiliza PE,111055674052635@lid,Mobiliza PE,2026-04-18 01:39:35.907327+00
998,Pernambuco,Mobiliza,Mobiliza,120363425016992076@g.us,AC234E4AEEE18F1D280323099AEB5AB3,"Raquel tá vendo Pernambuco inteiro abraçar João nas ruas, mas ainda tá muito cedo pra esse desespero todo, não? O gabinete do ódio é do lado de lá.",mensagem simples,2026-04-11 10:48:55.197+00,Mobiliza PE,111055674052635@lid,Mobiliza PE,2026-04-18 01:39:35.907327+00
999,Pernambuco,Lideranças - Mobiliza PE,Lideranças - Mobiliza PE,120363404880079867@g.us,AC24203661FA4F912C1F55761EF0EA4A,"*Alguns passos simples que podem ajudar no engajamento do seu time:*
1️⃣ Reforçar a importância de estarem ativos na comunidade.
2️⃣ Enviar as missões e incentivar que curtam, comentem e participem.
3️⃣ Solicitar a presença de todo o seu time nas reuniões de quarta-feira, sempre reforçando horário e link.",mensagem simples,2026-03-02 13:41:41.565+00,Mobiliza PE,111055674052635@lid,Mobiliza PE,2026-04-18 01:39:35.907327+00
1000,Pernambuco,Mobiliza,Mobiliza,120363425016992076@g.us,AC2796F8ABE6766A8CA1802037E19DD0,O time que vai transformar Pernambuco. 💛💛,mensagem simples,2026-03-28 12:37:15.513+00,Mobiliza PE,111055674052635@lid,Mobiliza PE,2026-04-18 01:39:35.907327+00
1001,Pernambuco,Mobiliza PE,Mobiliza PE,120363405595256912@g.us,AC27D9E68CEE400B8C2AAA5132478253,*COMENTÁRIOS PARA SE INSPIRAR (não copiem e colem):*,mensagem simples,2026-03-28 13:46:25.698+00,Mobiliza PE,111055674052635@lid,Mobiliza PE,2026-04-18 01:39:35.907327+00
1002,Pernambuco,Mobiliza,Mobiliza,120363425016992076@g.us,AC291AB07649317856A5A41FE9DAB86B,"Gente, imagina esse desespero de raquel mais perto da eleição? Gabinete do ódio, aqui não!",mensagem simples,2026-04-11 10:48:56.01+00,Mobiliza PE,111055674052635@lid,Mobiliza PE,2026-04-18 01:39:35.907327+00
1003,Pernambuco,Mobiliza PE,Mobiliza PE,120363405595256912@g.us,AC2A2D8A7A641ED4A04F475AD78B0055,"Vem, João! Chegou a tua hora, a nossa hora, viva Pernambuco! 💛💛",mensagem simples,2026-03-19 21:05:55.662+00,Mobiliza PE,111055674052635@lid,Mobiliza PE,2026-04-18 01:39:35.907327+00
1004,Pernambuco,Mobiliza PE,Mobiliza PE,120363405595256912@g.us,AC2D33E32E2D4FD85BBE14898646CE75,"🚨*MISSÃO NOVA*🚨

*Link da missão:* https://engaja.pro/missaope02-11-04

Ei, vocês viram esse post que O GLOBO soltou hoje mais cedo? O repórter tentando explicar a eleição em Pernambuco, mas a gente que vive o dia a dia sabe bem qual é o X da questão. 

O nosso futuro Governador segue naquele ritmo que a gente conhece: *obra entregue e trabalho de verdade.* A oposição tá agoniada porque contra entrega não tem argumento que segure.

*Bora mostrar que aqui tem gente que vê a mudança na porta de casa?*",mensagem simples,2026-04-11 13:13:35.702+00,Mobiliza PE,111055674052635@lid,Mobiliza PE,2026-04-18 01:39:35.907327+00
1005,Pernambuco,Mobiliza,Mobiliza,120363425016992076@g.us,AC2D42769E666D119D60778B4AB02C97,*Os comentários estão acima e vocês já sabem: não é para copiar e colar.*,mensagem simples,2026-04-14 20:10:31.594+00,Mobiliza PE,111055674052635@lid,Mobiliza PE,2026-04-18 01:39:35.907327+00
1006,Pernambuco,Mobiliza,Mobiliza,120363425016992076@g.us,AC305794212CE9D7B50D0BCE5F6720C7,É o time da esperança entrando em campo 💛,mensagem simples,2026-03-28 12:37:06.307+00,Mobiliza PE,111055674052635@lid,Mobiliza PE,2026-04-18 01:39:35.907327+00
1007,Pernambuco,Mobiliza PE,Mobiliza PE,120363405595256912@g.us,AC30CDA8AE05408290919738E7A75229,"*A missão é rápida mas o impacto é gigante!* Deixa o comentário no gatilho, faz o check-list das três missões e volta pro lazer com a consciência limpa.
@all 

1️⃣ *Missão 1:* https://escalada.me/missaope2-28-03
*Missão 2:* https://engaja.pro/missaope3-28-03
*Missão 3:* https://engaja.pro/missaope4-28-03

2️⃣ Comenta com vontade e mostra que Pernambuco tá fechado com esse time!",mensagem simples,2026-03-28 13:45:55.31+00,Mobiliza PE,111055674052635@lid,Mobiliza PE,2026-04-18 01:39:35.907327+00
1008,Pernambuco,Mobiliza,Mobiliza,120363425016992076@g.us,AC327AFB5610BC63981D27192D0AA565,"Vem, João! Chegou a tua hora, a nossa hora, viva Pernambuco! 💛💛",mensagem simples,2026-03-19 21:06:32.208+00,Mobiliza PE,111055674052635@lid,Mobiliza PE,2026-04-18 01:39:35.907327+00
1009,Pernambuco,Mobiliza PE,Mobiliza PE,120363405595256912@g.us,AC3485F08494A83CF7B16E7981424725,"Primeiro foi a arapongagem, agora a milícia digital. Mais um escândalo e Raquel investigada pela PF!",mensagem simples,2026-04-11 10:48:03.444+00,Mobiliza PE,111055674052635@lid,Mobiliza PE,2026-04-18 01:39:35.907327+00
1010,Pernambuco,Mobiliza PE,Mobiliza PE,120363405595256912@g.us,AC3C433423A5BE132690B1269D085858,Vem João mostrar como se faz gestão de verdade em Pernambuco 💛,mensagem simples,2026-03-16 11:50:06.859+00,Mobiliza PE,111055674052635@lid,Mobiliza PE,2026-04-18 01:39:35.907327+00
1011,Pernambuco,Mobiliza PE,Mobiliza PE,120363405595256912@g.us,AC3C46A2FA5EFCDCEFF03F0CD4ED8698,"*MISSÃO DUPLA NO AR:*
Pois boraaa, meu povo! *É jogo rápido, 48 segundos de relógio e tu já cumpriu tua parte.*
A oposição pensava que o ritmo iria cair por ser feriado, mas onde tem entrega, tem o nosso time junto.
 *Não vamos deixar que a oposição domine a narrativa.* Eles estão lá tentando cantar de galo, mas vamos ocupar as redes com a verdade de quem faz! Simbora que o homem merece o topo!

*Missão 7:* https://engaja.pro/missaope7-02-04
*Missão 8:* https://engaja.pro/missaope8-02-04",mensagem simples,2026-04-02 19:25:14.816+00,Mobiliza PE,111055674052635@lid,Mobiliza PE,2026-04-18 01:39:35.907327+00
1012,Pernambuco,Mobiliza,Mobiliza,120363425016992076@g.us,AC3CF652E0D521D7F5F727B170AD1635,"Vem urna, que eu tô pronto com João Governador 💛",mensagem simples,2026-03-19 21:06:30.484+00,Mobiliza PE,111055674052635@lid,Mobiliza PE,2026-04-18 01:39:35.907327+00
1013,Pernambuco,Mobiliza PE,Mobiliza PE,120363405595256912@g.us,AC3D611842F95C325843C8BA8465B1C3,"Vem urna, que eu tô pronto com João Governador 💛",mensagem simples,2026-03-19 21:05:49.716+00,Mobiliza PE,111055674052635@lid,Mobiliza PE,2026-04-18 01:39:35.907327+00
1014,Pernambuco,Mobiliza,Mobiliza,120363425016992076@g.us,AC3F0C52C488C86CC0CA4EE7B0D01CD2,"Eii, olha o print que chegou aqui! 

A oposição viu alguns dos nossos comentários repetidos e está dizendo que a gente é robô. É exatamente o que eles querem: tirar o valor da nossa mobilização real. 

Bora virar esse jogo? Quando chegar as sugestões de comentários, *não copia e cola!* 
Lê a sugestão, mas *escreve com tuas palavras, do teu jeito.* Pode usar e abusar de coração amarelo 💛 e foguete 🚀",mensagem simples,2026-04-11 12:50:03.866+00,Mobiliza PE,111055674052635@lid,Mobiliza PE,2026-04-18 01:39:35.907327+00
1015,Pernambuco,Mobiliza,Mobiliza,120363425016992076@g.us,AC43254582AD3D000BE5A428434532B2,"Bora, meu povo! O homem ouviu os sinais e agora Pernambuco todo vai entrar nesse ritmo de trabalho que a gente já conhece e aprova! 💛🚀

Recife ficou pequeno pra tanta entrega, né não? É hora de levar essa energia de #MEUPREFEITO para virar o nosso #MEUGOVERNADOR e fazer o estado decolar de vez, terminando o que Eduardo começou. VAMOS MOSTRAR A NOSSA FORÇA! 🗳️✨

https://engaja.pro/missaope6-19-03",mensagem simples,2026-03-19 21:03:29.197+00,Mobiliza PE,111055674052635@lid,Mobiliza PE,2026-04-18 01:39:35.907327+00
1016,Pernambuco,Mobiliza PE,Mobiliza PE,120363405595256912@g.us,AC43C08A8AC5E381942BF935127A1A5D,"*Dicas de comentários (do seu jeito, hein?):*",mensagem simples,2026-04-11 13:13:55.867+00,Mobiliza PE,111055674052635@lid,Mobiliza PE,2026-04-18 01:39:35.907327+00
1017,Pernambuco,Mobiliza,Mobiliza,120363425016992076@g.us,AC45A6ABBA3ED751BA807311C9E11D04,Sai: #meuprefeito Entra: #meugovernador 💛💛,mensagem simples,2026-03-19 21:03:59.317+00,Mobiliza PE,111055674052635@lid,Mobiliza PE,2026-04-18 01:39:35.907327+00
1018,Pernambuco,Mobiliza PE,Mobiliza PE,120363405595256912@g.us,AC4BBB54E6399C6AF2E5170E99E289AB,"Coração batendo forte e o dedo já no gatilho: *segura a ansiedade!* Que é já já. A onda amarela vai ocupar a timeline pra ninguém ter dúvida de quem faz de verdade. Já vai separando os emojis amarelos 💛, a #VemJoão, que a onda vai ser grande. Simbora?",mensagem simples,2026-03-19 20:02:42.797+00,Mobiliza PE,111055674052635@lid,Mobiliza PE,2026-04-18 01:39:35.907327+00
1019,Pernambuco,Mobiliza,Mobiliza,120363425016992076@g.us,AC4CAB61BC2BFA82411D91E11EB21B9A,Se fosse essa a escalação da copa o hexa tava garantido! 💛💛,mensagem simples,2026-03-28 12:37:05.022+00,Mobiliza PE,111055674052635@lid,Mobiliza PE,2026-04-18 01:39:35.907327+00
1020,Pernambuco,Mobiliza PE,Mobiliza PE,120363405595256912@g.us,AC4D0C357A18B8C6D0486002736A6E06,Eu vejo a vida melhor no futuro com João Governador 💛,mensagem simples,2026-03-19 21:06:00.425+00,Mobiliza PE,111055674052635@lid,Mobiliza PE,2026-04-18 01:39:35.907327+00
1021,Pernambuco,Lideranças - Mobiliza PE,Lideranças - Mobiliza PE,120363404880079867@g.us,AC4D45DE8E47B8A7EB5E3C389582A700,"Ao longo da semana, iremos entrar em contato individualmente com cada um de vocês para atualizar como estão as entradas do time. E claro, qualquer dúvida ou dificuldade, estamos sempre à disposição no privado para ajudar no que for preciso.",mensagem simples,2026-03-02 13:41:58.83+00,Mobiliza PE,111055674052635@lid,Mobiliza PE,2026-04-18 01:39:35.907327+00
1022,Pernambuco,Mobiliza PE,Mobiliza PE,120363405595256912@g.us,AC4F99E5CF67AD3458CBFADAF0727D5C,"Não basta ter time, o time tem que estar entrosado. E Lula e João estão 💛",mensagem simples,2026-03-28 13:46:46.491+00,Mobiliza PE,111055674052635@lid,Mobiliza PE,2026-04-18 01:39:35.907327+00
1023,Pernambuco,Mobiliza,Mobiliza,120363425016992076@g.us,AC4FCC42FDDB053414F69EB5D83CC4E9,"Pelo visto Pernambuco meu país não tem governador, tem líder supremo. A PF tá de olho...",mensagem simples,2026-04-11 10:48:54.624+00,Mobiliza PE,111055674052635@lid,Mobiliza PE,2026-04-18 01:39:35.907327+00
1024,Pernambuco,Mobiliza PE,Mobiliza PE,120363405595256912@g.us,AC526CB9DC955E9C103AE81F2EEE446C,"Bora, meu povo! O homem ouviu os sinais e agora Pernambuco todo vai entrar nesse ritmo de trabalho que a gente já conhece e aprova! 💛🚀

Recife ficou pequeno pra tanta entrega, né não? É hora de levar essa energia de #MEUPREFEITO para virar o nosso #MEUGOVERNADOR e fazer o estado decolar de vez, terminando o que Eduardo começou. VAMOS MOSTRAR A NOSSA FORÇA! 🗳️✨

https://engaja.pro/missaope6-19-03",mensagem simples,2026-03-19 21:02:00.554+00,Mobiliza PE,111055674052635@lid,Mobiliza PE,2026-04-18 01:39:35.907327+00
1025,Pernambuco,Mobiliza PE,Mobiliza PE,120363405595256912@g.us,AC5A0C2A50E9C40AEC3F0087FDDC8170,"Passando pra *agradecer a todo mundo* que colou na reunião hoje! *O plano tá traçado* e a estratégia tá finíssima. Se a oposição soubesse *o quanto a gente se diverte organizando o trabalho,* eles iam cair para trás. Bora pra cima que o Recife não espera por quem fica de bico, né? Valeu, time! #BORALÁ #VEMJOÃO 💛🚀
@all",mensagem simples,2026-03-18 20:43:22.402+00,Mobiliza PE,111055674052635@lid,Mobiliza PE,2026-04-18 01:39:35.907327+00
1026,Pernambuco,Mobiliza,Mobiliza,120363425016992076@g.us,AC5E8FF902460D81312892F30BDAB181,"Primeiro foi a arapongagem, agora a milícia digital. Mais um escândalo e Raquel investigada pela PF!",mensagem simples,2026-04-11 10:48:52.703+00,Mobiliza PE,111055674052635@lid,Mobiliza PE,2026-04-18 01:39:35.907327+00
1027,Pernambuco,Mobiliza,Mobiliza,120363425016992076@g.us,AC5FB17DFA15438549DD86B62B620A7B,"*Nada de copia e cola por aqui, a ideia é cada um dar o seu toque nos comentários, beleza? Segue as sugestões:*",mensagem simples,2026-04-11 10:48:47.128+00,Mobiliza PE,111055674052635@lid,Mobiliza PE,2026-04-18 01:39:35.907327+00
1028,Pernambuco,Mobiliza,Mobiliza,120363425016992076@g.us,AC5FF466A0D575E4B6490C83FAA994E4,É o time perfeito pra fazer mais pelo interior 💛💛,mensagem simples,2026-03-28 12:37:10.896+00,Mobiliza PE,111055674052635@lid,Mobiliza PE,2026-04-18 01:39:35.907327+00
1029,Pernambuco,Mobiliza PE,Mobiliza PE,120363405595256912@g.us,AC6466F04EDA471D6C1841C1F96C7E17,Bora trocar a governadora que promete e não entrega pelo cara que entrega mesmo quando nem promete 💛💛💛,mensagem simples,2026-03-19 21:05:57.506+00,Mobiliza PE,111055674052635@lid,Mobiliza PE,2026-04-18 01:39:35.907327+00
1030,Pernambuco,Lideranças - Mobiliza PE,Lideranças - Mobiliza PE,120363404880079867@g.us,AC6532C46D876CCE4E77D98BE53F9396,"Boa tarde, líderes! Março começou e a nossa responsabilidade só aumenta. O propósito do Mobiliza nas mãos de vocês é um só: *não deixar o povo esfriar.* Quando a liderança se movimenta, o time acompanha. Quando a liderança puxa, o Mobiliza cresce.",mensagem simples,2026-03-02 13:41:26.211+00,Mobiliza PE,111055674052635@lid,Mobiliza PE,2026-04-18 01:39:35.907327+00
1031,Pernambuco,Mobiliza,Mobiliza,120363425016992076@g.us,AC6577A45CCA645D61635F7A478E47F3,Vem João cuidar da gente como você cuida do Recife 💛💛,mensagem simples,2026-03-16 11:51:20.31+00,Mobiliza PE,111055674052635@lid,Mobiliza PE,2026-04-18 01:39:35.907327+00
1032,Pernambuco,Mobiliza,Mobiliza,120363425016992076@g.us,AC66264B6281668E606E7DCE97068222,Recife divide o nosso prefeito com a gente Pernambuco precisa 💛💛💛💛,mensagem simples,2026-03-16 11:51:18.748+00,Mobiliza PE,111055674052635@lid,Mobiliza PE,2026-04-18 01:39:35.907327+00
1033,Pernambuco,Mobiliza PE,Mobiliza PE,120363405595256912@g.us,AC66E3DCED733F9660774EB91177C717,"Pernambuco precisa de um gestor como o meu prefeito agora. Vem, João! 💛💛",mensagem simples,2026-03-16 11:50:02.367+00,Mobiliza PE,111055674052635@lid,Mobiliza PE,2026-04-18 01:39:35.907327+00
1034,Pernambuco,Mobiliza,Mobiliza,120363425016992076@g.us,AC6799EB20F6BE40633A832DB5EB7A83,"*Sugestão de comentário (não copia e cola, faz do teu jeito!):*",mensagem simples,2026-03-16 11:51:06.731+00,Mobiliza PE,111055674052635@lid,Mobiliza PE,2026-04-18 01:39:35.907327+00
1035,Pernambuco,Mobiliza PE,Mobiliza PE,120363405595256912@g.us,AC6AA8989593037C0C8C5B93136624E4,"🚨*MISSÃO TRIPLA: O COMBO DO SUCESSO!*

O sabadão tá doce, mas a notícia é braba: O time de Lula e João Campos agora é um só! 
A união que Pernambuco esperava foi selada e *a gente vai fazer essas postagens bater recorde de comentário.*

*São 3 missões num tapa só.* Coisa de no máximo 48 segundos pra cada uma, pra não esfriar o espetinho nem atrapalhar a resenha!",mensagem simples,2026-03-28 13:45:28.276+00,Mobiliza PE,111055674052635@lid,Mobiliza PE,2026-04-18 01:39:35.907327+00
1036,Pernambuco,Mobiliza PE,Mobiliza PE,120363405595256912@g.us,AC6D220B4657A8B903F250F44F5F466C,"*Sugestão de comentário (não copia e cola, faz do teu jeito!):*",mensagem simples,2026-03-16 11:49:56.598+00,Mobiliza PE,111055674052635@lid,Mobiliza PE,2026-04-18 01:39:35.907327+00
1037,Pernambuco,Mobiliza PE,Mobiliza PE,120363405595256912@g.us,AC6D61617BF97A140268C04B3EEF1AE6,"Ô povo, passando só pra dar um recado: *te preparaaa!* 👀 Às 20h30 a gente solta uma missão que vai deixar muita gente sem dormir e o estado todo animado. O juízo de vocês já tá fervendo? Só um spoiler: *o que é bom no Recife, Pernambuco merece também.* 💛🚀",mensagem simples,2026-03-19 19:14:51.576+00,Mobiliza PE,111055674052635@lid,Mobiliza PE,2026-04-18 01:39:35.907327+00
1038,Pernambuco,Mobiliza PE,Mobiliza PE,120363405595256912@g.us,AC6F4F2F2A45E83F3904A4D54DE25936,*Os comentários estão acima e vocês já sabem: não é para copiar e colar.*,mensagem simples,2026-04-14 20:11:04.122+00,Mobiliza PE,111055674052635@lid,Mobiliza PE,2026-04-18 01:39:35.907327+00
1039,Pernambuco,Mobiliza,Mobiliza,120363425016992076@g.us,AC72ADFD1DFDF50729F7B5BCBFA2C665,João governador pra terminar o que Eduardo começou 💛,mensagem simples,2026-03-19 21:06:31.626+00,Mobiliza PE,111055674052635@lid,Mobiliza PE,2026-04-18 01:39:35.907327+00
1040,Pernambuco,Mobiliza,Mobiliza,120363425016992076@g.us,AC73333A5F8AC98452A158EE24AF6E52,Quando eu vejo comentário cheio de coração roxo agora eu penso: é fake,mensagem simples,2026-04-11 10:48:54.077+00,Mobiliza PE,111055674052635@lid,Mobiliza PE,2026-04-18 01:39:35.907327+00
1041,Pernambuco,Mobiliza PE,Mobiliza PE,120363405595256912@g.us,AC73B0291968ECC84596CEF8FD48863B,"Milícia digital, Gabinete do ódio, abuso de poder. No bingo do ditador moderno, a cartela de Raquel já tá toda preenchida...",mensagem simples,2026-04-11 10:48:01.475+00,Mobiliza PE,111055674052635@lid,Mobiliza PE,2026-04-18 01:39:35.907327+00
1042,Pernambuco,Mobiliza,Mobiliza,120363425016992076@g.us,AC77E636B516CF0449D09B21A3B7B7D8,"🚨 *BORA MOER NESSA MISSÃO* 🚨

🔗Link: https://engaja.pro/missaope09-14-04

Enquanto tem uma turma que só pisa no barro se for pra tirar foto de propaganda, *João já gastou foi sola de sapato hoje visitando o interior.* O desespero de quem só vê Pernambuco pelo mapa é grande quando vê o homem trabalhando de verdade. 

Bora lá comentar pra deixar esse pessoal ainda mais aperreado com o nosso sucesso! *40 segundinhos e tu resolve essa bronca.* #PEpraFrente 💛🚀",mensagem simples,2026-04-14 20:10:19.285+00,Mobiliza PE,111055674052635@lid,Mobiliza PE,2026-04-18 01:39:35.907327+00
1043,Pernambuco,Mobiliza PE,Mobiliza PE,120363405595256912@g.us,AC7C69DDBFCA6A9A65483A096EC14B50,*COMENTEM E COMPARTILHEM AO MÁXIMO!*🔥,mensagem simples,2026-03-19 21:02:33.827+00,Mobiliza PE,111055674052635@lid,Mobiliza PE,2026-04-18 01:39:35.907327+00
1044,Pernambuco,Mobiliza,Mobiliza,120363425016992076@g.us,AC7DC84D2652AE0C34E62AD4EA83FAE0,Esse time tá cheio de camisa 10 💛💛,mensagem simples,2026-03-28 12:37:17.137+00,Mobiliza PE,111055674052635@lid,Mobiliza PE,2026-04-18 01:39:35.907327+00
1045,Pernambuco,Mobiliza,Mobiliza,120363425016992076@g.us,AC853FB212657DA4CF7CA66455989DE6,Escutou o povo e decidiu ser candidato. E vai seguir escutando pra transformar Pernambuco 💛,mensagem simples,2026-03-19 21:06:29.352+00,Mobiliza PE,111055674052635@lid,Mobiliza PE,2026-04-18 01:39:35.907327+00
1046,Pernambuco,Mobiliza,Mobiliza,120363425016992076@g.us,AC87ADF9E4DEB0873EDDC60723A5F9ED,"Pernambuco precisa de um gestor como o meu prefeito agora. Vem, João! 💛💛",mensagem simples,2026-03-16 11:51:09.77+00,Mobiliza PE,111055674052635@lid,Mobiliza PE,2026-04-18 01:39:35.907327+00
1047,Pernambuco,Mobiliza PE,Mobiliza PE,120363405595256912@g.us,AC89B0CF6336E0073039FF05248ABF66,Agora Pernambuco decola de vez 💛💛💛💛💛,mensagem simples,2026-03-19 21:06:06.348+00,Mobiliza PE,111055674052635@lid,Mobiliza PE,2026-04-18 01:39:35.907327+00
1048,Pernambuco,Mobiliza PE,Mobiliza PE,120363405595256912@g.us,AC8B8042D520742AFE0F674BD45F1D37,"*🚨MISSÃO PARA COMEÇAR O SÁBADO NO PIQUE🚨*

Link da missão: https://engaja.pro/missaope01-11-04

E aí time, já tão no pique? O João Campos mandou o papo reto e a gente assina embaixo: *aqui não tem espaço pra confusão, só pra serviço entregue e respeito total.* 

Bora lá comentar e mostrar que quem tem resultado não precisa de gabinete do ódio! 

*Nossa união é o que move Pernambuco pra frente. Ocupa lá que é jogo rápido!*",mensagem simples,2026-04-11 10:47:37.922+00,Mobiliza PE,111055674052635@lid,Mobiliza PE,2026-04-18 01:39:35.907327+00
1049,Pernambuco,Mobiliza PE,Mobiliza PE,120363405595256912@g.us,AC8BEB25D384A05C3B1D98038F8B3A16,"Eita, meu povo! Boa tarde! 
*Passando aqui pra agradecer de coração a todo mundo que colou ontem na reunião do Mobiliza PE.* O movimento foi massa demais, só gente de bem e com sangue nos olhos pra fazer a diferença. O recado tá dado e a chapa tá quente: agora é *#VemJoao e não tem quem pare!*",mensagem simples,2026-03-26 17:32:13.15+00,Mobiliza PE,111055674052635@lid,Mobiliza PE,2026-04-18 01:39:35.907327+00
1050,Pernambuco,Mobiliza,Mobiliza,120363425016992076@g.us,AC8EBC5C8D40BD4B89CC1B269B1FD31E,Eduardo foi o melhor parceiro que Lula já teve. Agora vai ser João 💛💛,mensagem simples,2026-03-28 12:37:03.209+00,Mobiliza PE,111055674052635@lid,Mobiliza PE,2026-04-18 01:39:35.907327+00
1051,Pernambuco,Mobiliza,Mobiliza,120363425016992076@g.us,AC8EFB6D69C73F3CE55A5BF464D62090,O Recife está voando e o estado merece esse mesmo ritmo 💛💛💛,mensagem simples,2026-03-16 11:51:11.377+00,Mobiliza PE,111055674052635@lid,Mobiliza PE,2026-04-18 01:39:35.907327+00
1052,Pernambuco,Mobiliza,Mobiliza,120363425016992076@g.us,AC906D35E1EB064F3538F413323655C2,"🚨*MISSÃO NOVA*🚨

*Link da missão:* https://engaja.pro/missaope02-11-04

Ei, vocês viram esse post que O GLOBO soltou hoje mais cedo? O repórter tentando explicar a eleição em Pernambuco, mas a gente que vive o dia a dia sabe bem qual é o X da questão. 

O nosso futuro Governador segue naquele ritmo que a gente conhece: *obra entregue e trabalho de verdade.* A oposição tá agoniada porque contra entrega não tem argumento que segure.

*Bora mostrar que aqui tem gente que vê a mudança na porta de casa?*",mensagem simples,2026-04-11 13:13:29.316+00,Mobiliza PE,111055674052635@lid,Mobiliza PE,2026-04-18 01:39:35.907327+00
1053,Pernambuco,Mobiliza PE,Mobiliza PE,120363405595256912@g.us,AC91D8AC6CCB1092C3843F4B91EACDBB,Eduardo foi o melhor parceiro que Lula já teve. Agora vai ser João 💛💛,mensagem simples,2026-03-28 13:46:28.282+00,Mobiliza PE,111055674052635@lid,Mobiliza PE,2026-04-18 01:39:35.907327+00
1054,Pernambuco,Mobiliza PE,Mobiliza PE,120363405595256912@g.us,AC932BABA03B0C4005E4ABA13029693E,"Raquel tá vendo Pernambuco inteiro abraçar João nas ruas, mas ainda tá muito cedo pra esse desespero todo, não? O gabinete do ódio é do lado de lá.",mensagem simples,2026-04-11 10:48:10.795+00,Mobiliza PE,111055674052635@lid,Mobiliza PE,2026-04-18 01:39:35.907327+00
1055,Pernambuco,Mobiliza PE,Mobiliza PE,120363405595256912@g.us,AC93439FFA6FE94AE015C56513E8DC64,@all,mensagem simples,2026-03-28 11:51:18.135+00,Mobiliza PE,111055674052635@lid,Mobiliza PE,2026-04-18 01:39:35.907327+00
1056,Pernambuco,Mobiliza PE,Mobiliza PE,120363405595256912@g.us,AC936151B9447800ED5092FDEE3B98D4,O nome desse time é trabalho! 💛,mensagem simples,2026-03-28 13:46:39.939+00,Mobiliza PE,111055674052635@lid,Mobiliza PE,2026-04-18 01:39:35.907327+00
1057,Pernambuco,Mobiliza,Mobiliza,120363425016992076@g.us,AC9672ECC46406BD5C6D967A326033DC,"É tanta obra no Recife que não cabe mais numa cidade só, tem que espalhar por Pernambuco todo agora 😂😂💛",mensagem simples,2026-03-19 21:06:34.132+00,Mobiliza PE,111055674052635@lid,Mobiliza PE,2026-04-18 01:39:35.907327+00
1058,Pernambuco,Mobiliza,Mobiliza,120363425016992076@g.us,AC980FDB219CD6EF6CAFB273FE0B2A1E,"O que traz voto é entrega, e João tem de sobra 🚀💛

A diferença é simples: só um trabalha incansavelmente... Bora João 💛💛

O povo de Pernambuco merece gestão que se comprova na prática. É João 💛💛🚀

Voto se conquista com entrega, e entrega é exatamente o que João sabe fazer 💛

O estado tá precisando de alguém que tenha trabalho real. Esse é João 🚀

Quem mora no Recife não precisa de convencimento. Já viu acontecer 💛

Aqui a conta é simples: quem entregou mais na cidade, vai entregar mais no estado 💛💛🚀",mensagem simples,2026-04-11 13:14:26.6+00,Mobiliza PE,111055674052635@lid,Mobiliza PE,2026-04-18 01:39:35.907327+00
1059,Pernambuco,Mobiliza PE,Mobiliza PE,120363405595256912@g.us,AC9ABB000240ED96E47FF2A0E36F3B12,"O que traz voto é entrega, e João tem de sobra 🚀💛

A diferença é simples: só um trabalha incansavelmente... Bora João 💛💛

O povo de Pernambuco merece gestão que se comprova na prática. É João 💛💛🚀

Voto se conquista com entrega, e entrega é exatamente o que João sabe fazer 💛

O estado tá precisando de alguém que tenha trabalho real. Esse é João 🚀

Quem mora no Recife não precisa de convencimento. Já viu acontecer 💛

Aqui a conta é simples: quem entregou mais na cidade, vai entregar mais no estado 💛💛🚀",mensagem simples,2026-04-11 13:14:16.963+00,Mobiliza PE,111055674052635@lid,Mobiliza PE,2026-04-18 01:39:35.907327+00
1060,Pernambuco,Mobiliza PE,Mobiliza PE,120363405595256912@g.us,AC9C02749414B78DFD09227EBC0B9593,"*Bom dia, turma!* 

Segunda-feira começou e o *tabuleiro político de Pernambuco já tá se mexendo.* Tem gente tentando montar super chapa, costura daqui, promessa dali…

Querem montar estratégia, mas *a gente sabe que a única estratégia que o povo respeita é o trabalho que aparece na rua.*

🚨*MISSÃO:*🚨
📎 Olha o post aqui: https://engaja.pro/missaope-01-16-03",mensagem simples,2026-03-16 11:49:53.186+00,Mobiliza PE,111055674052635@lid,Mobiliza PE,2026-04-18 01:39:35.907327+00
1061,Pernambuco,Mobiliza PE,Mobiliza PE,120363405595256912@g.us,AC9EB9C2A41720ECA968A22AE4046719,FAKEL LYRA!,mensagem simples,2026-04-11 10:48:05.237+00,Mobiliza PE,111055674052635@lid,Mobiliza PE,2026-04-18 01:39:35.907327+00
1062,Pernambuco,Mobiliza PE,Mobiliza PE,120363405595256912@g.us,ACA00247F3BEA6005BBFB8A63085DF9C,Tenho nem roupa ir pra votar num governador desse! Vamos João! 💛💛💛💛,mensagem simples,2026-03-19 21:05:44.593+00,Mobiliza PE,111055674052635@lid,Mobiliza PE,2026-04-18 01:39:35.907327+00
1063,Pernambuco,Mobiliza,Mobiliza,120363425016992076@g.us,ACA2475A512BA1D54851D66732609CF4,João é o camisa 10 do time de Lula! 💛,mensagem simples,2026-03-28 12:37:07.837+00,Mobiliza PE,111055674052635@lid,Mobiliza PE,2026-04-18 01:39:35.907327+00
1064,Pernambuco,Mobiliza,Mobiliza,120363425016992076@g.us,ACA2DD7727F9469222D618E4936C162E,Eu vejo a vida melhor no futuro com João Governador 💛,mensagem simples,2026-03-19 21:06:33.521+00,Mobiliza PE,111055674052635@lid,Mobiliza PE,2026-04-18 01:39:35.907327+00
1065,Pernambuco,Mobiliza PE,Mobiliza PE,120363405595256912@g.us,ACA8E672ED09CBCB229D6D65EF050470,Escutou o povo e decidiu ser candidato. E vai seguir escutando pra transformar Pernambuco 💛,mensagem simples,2026-03-19 21:05:46.39+00,Mobiliza PE,111055674052635@lid,Mobiliza PE,2026-04-18 01:39:35.907327+00
1066,Pernambuco,Mobiliza PE,Mobiliza PE,120363405595256912@g.us,ACAD7179A714F94AAB509CD99AD7F93A,"Bora pro Governo, João, o povo está esperando seu trabalho 💛",mensagem simples,2026-03-16 11:50:10.643+00,Mobiliza PE,111055674052635@lid,Mobiliza PE,2026-04-18 01:39:35.907327+00
1067,Pernambuco,Mobiliza PE,Mobiliza PE,120363405595256912@g.us,ACAE13EDE29059B92F24D607D01AEFC0,Vem João cuidar da gente como você cuida do Recife 💛💛,mensagem simples,2026-03-16 11:50:13.8+00,Mobiliza PE,111055674052635@lid,Mobiliza PE,2026-04-18 01:39:35.907327+00
1068,Pernambuco,Mobiliza PE,Mobiliza PE,120363405595256912@g.us,ACAE2F2E3FBBC585117C5CC2B031A537,@all,mensagem simples,2026-03-19 21:06:52.487+00,Mobiliza PE,111055674052635@lid,Mobiliza PE,2026-04-18 01:39:35.907327+00
1069,Pernambuco,Mobiliza PE,Mobiliza PE,120363405595256912@g.us,ACAEA2E7C6750DF67830453B5B74C129,Se fosse essa a escalação da copa o hexa tava garantido! 💛💛,mensagem simples,2026-03-28 13:46:32.554+00,Mobiliza PE,111055674052635@lid,Mobiliza PE,2026-04-18 01:39:35.907327+00
1070,Pernambuco,Mobiliza PE,Mobiliza PE,120363405595256912@g.us,ACAF7338B46DE7C42A3C62F80519039B,O Recife está voando e o estado merece esse mesmo ritmo 💛💛💛,mensagem simples,2026-03-16 11:50:04.119+00,Mobiliza PE,111055674052635@lid,Mobiliza PE,2026-04-18 01:39:35.907327+00
1071,Pernambuco,Mobiliza PE,Mobiliza PE,120363405595256912@g.us,ACAF93F81D8A91B85C02B5179DC95608,"Ele quer ser presidente no futuro. Pode apostar que vai fazer muito por Pernambuco pra viabilizar isso, que sorte a nossa! 💛💛💛💛💛",mensagem simples,2026-03-19 21:05:51.216+00,Mobiliza PE,111055674052635@lid,Mobiliza PE,2026-04-18 01:39:35.907327+00
1072,Pernambuco,Mobiliza PE,Mobiliza PE,120363405595256912@g.us,ACB3799639E14EFBFCE35DD33FB0B9F9,"Finalmente o Recife vai dividir João com a gente, Pernambuco merece crescer também 💛💛",mensagem simples,2026-03-19 21:05:48.182+00,Mobiliza PE,111055674052635@lid,Mobiliza PE,2026-04-18 01:39:35.907327+00
1073,Pernambuco,Mobiliza,Mobiliza,120363425016992076@g.us,ACB5E87C18CA5DDAEE12D2CF313F326E,Bora trocar a governadora que promete e não entrega pelo cara que entrega mesmo quando nem promete 💛💛💛,mensagem simples,2026-03-19 21:06:32.942+00,Mobiliza PE,111055674052635@lid,Mobiliza PE,2026-04-18 01:39:35.907327+00
1074,Pernambuco,Mobiliza PE,Mobiliza PE,120363405595256912@g.us,ACB638A4D045003BC62ACB34D9D5066E,É o time da esperança entrando em campo 💛,mensagem simples,2026-03-28 13:46:34.221+00,Mobiliza PE,111055674052635@lid,Mobiliza PE,2026-04-18 01:39:35.907327+00
1075,Pernambuco,Mobiliza PE,Mobiliza PE,120363405595256912@g.us,ACBD19ADDC9EC822289C69BB8994B40E,Sai: #meuprefeito Entra: #meugovernador 💛💛,mensagem simples,2026-03-19 21:03:48.291+00,Mobiliza PE,111055674052635@lid,Mobiliza PE,2026-04-18 01:39:35.907327+00
1076,Pernambuco,Lideranças - Mobiliza PE,Lideranças - Mobiliza PE,120363404880079867@g.us,ACC3A386E14C6394D783CE989732A131,"*Lembrando que quarta-feira, às 19h teremos nossa reunião com as lideranças, e às 19:30 com a comunidade Mobiliza PE.* Conto com vocês presentes e mobilizando seus times.",mensagem simples,2026-03-02 13:41:44.443+00,Mobiliza PE,111055674052635@lid,Mobiliza PE,2026-04-18 01:39:35.907327+00
1077,Pernambuco,Mobiliza PE,Mobiliza PE,120363405595256912@g.us,ACC532A83DE23A03FEAD4D086CB2DC0D,"Gente, imagina esse desespero de raquel mais perto da eleição? Gabinete do ódio, aqui não!",mensagem simples,2026-04-11 10:48:13.965+00,Mobiliza PE,111055674052635@lid,Mobiliza PE,2026-04-18 01:39:35.907327+00
1078,Pernambuco,Mobiliza PE,Mobiliza PE,120363405595256912@g.us,ACC940995DE8817BEAAFF07623E7F673,Recife divide o nosso prefeito com a gente Pernambuco precisa 💛💛💛💛,mensagem simples,2026-03-16 11:50:11.896+00,Mobiliza PE,111055674052635@lid,Mobiliza PE,2026-04-18 01:39:35.907327+00
1079,Pernambuco,Mobiliza,Mobiliza,120363425016992076@g.us,ACCED774C92D78896795B0E4C19DAA34,Pernambuco acaba de se encher de esperança 💛💛,mensagem simples,2026-03-28 12:37:13.764+00,Mobiliza PE,111055674052635@lid,Mobiliza PE,2026-04-18 01:39:35.907327+00
1080,Pernambuco,Mobiliza,Mobiliza,120363425016992076@g.us,ACD5207823546CE3D11416962864D842,"*Dicas de comentários (do seu jeito, hein?):*",mensagem simples,2026-04-11 13:13:56.451+00,Mobiliza PE,111055674052635@lid,Mobiliza PE,2026-04-18 01:39:35.907327+00
1081,Pernambuco,Mobiliza PE,Mobiliza PE,120363405595256912@g.us,ACD75F647DC624B53F6D959D2287D26E,Quem vai chegar junto hoje? @all,mensagem simples,2026-03-11 16:14:02.631+00,Mobiliza PE,111055674052635@lid,Mobiliza PE,2026-04-18 01:39:35.907327+00
1082,Pernambuco,Mobiliza,Mobiliza,120363425016992076@g.us,ACD9AECE41501EA446E4FB2DC34DB806,FAKEL LYRA!,mensagem simples,2026-04-11 10:48:53.502+00,Mobiliza PE,111055674052635@lid,Mobiliza PE,2026-04-18 01:39:35.907327+00
1083,Pernambuco,Mobiliza,Mobiliza,120363425016992076@g.us,ACDB7B7EC89E8C708E15F52BF3F3B8EF,"🚨*MISSÃO HISTÓRICA: O TIME DA ESPERANÇA TÁ FORMADO!*

Boa tarde, povo desenrolado! @all Sabadou com uma notícia que vai tremer o estado! *É oficial: o PT fechou o apoio à pré-candidatura de João Campos ao governo de Pernambuco.* A união tá selada e agora ninguém segura esse time!

O trompete tocou e *agora é hora de moer nas redes sociais pra mostrar a força dessa aliança pro povo!*",mensagem simples,2026-03-28 12:35:26.104+00,Mobiliza PE,111055674052635@lid,Mobiliza PE,2026-04-18 01:39:35.907327+00
1084,Pernambuco,Mobiliza PE,Mobiliza PE,120363405595256912@g.us,ACDC3613B0B82FB5B9257EA80FC6BE42,"Eii, olha o print que chegou aqui! 

A oposição viu alguns dos nossos comentários repetidos e está dizendo que a gente é robô. É exatamente o que eles querem: tirar o valor da nossa mobilização real. 

Bora virar esse jogo? Quando chegar as sugestões de comentários, *não copia e cola!* 
Lê a sugestão, mas *escreve com tuas palavras, do teu jeito.* Pode usar e abusar de coração amarelo 💛 e foguete 🚀",mensagem simples,2026-04-11 12:49:23.377+00,Mobiliza PE,111055674052635@lid,Mobiliza PE,2026-04-18 01:39:35.907327+00
1085,Pernambuco,Mobiliza PE,Mobiliza PE,120363405595256912@g.us,ACDD00F239924022845F98E323ABD5BF,O time que vai transformar Pernambuco. 💛💛,mensagem simples,2026-03-28 13:46:43.173+00,Mobiliza PE,111055674052635@lid,Mobiliza PE,2026-04-18 01:39:35.907327+00
1086,Pernambuco,Mobiliza PE,Mobiliza PE,120363405595256912@g.us,ACDF41126DDB84921BA15C4199A26F99,"Pelo visto Pernambuco meu país não tem governador, tem líder supremo. A PF tá de olho...",mensagem simples,2026-04-11 10:48:08.536+00,Mobiliza PE,111055674052635@lid,Mobiliza PE,2026-04-18 01:39:35.907327+00
1087,Pernambuco,Mobiliza PE,Mobiliza PE,120363405595256912@g.us,ACE0B9B11306AAD65F94B4C2711EAB83,"*Ei boy, se liga no recado!* 📢

Hoje o *bicho vai pegar com as capivaras do Capibaribe* na área! 

Resenha à parte,*mas a conversa é certa: a partir das 19:30,* a gente tem nosso encontro marcado.

*Não quero ninguém de fora,* passa logo teu café visse! 

A gente precisa de todo mundo alinhado pra o negócio render.

Se anima e bota pra jambrar, *que o projeto é gigante e a meta é uma só: #vemJoão ser Governador!* 🚀💛",mensagem simples,2026-04-08 11:51:08.642+00,Mobiliza PE,111055674052635@lid,Mobiliza PE,2026-04-18 01:39:35.907327+00
1088,Pernambuco,Mobiliza PE,Mobiliza PE,120363405595256912@g.us,ACE5745B3E18FB571CB0F967ADF26B41,"Boa tarde, pessoal! Começamos um novo mês e uma nova semana. Ritmo lá em cima e energia renovada! O Mobiliza existe para conectar pessoas, fortalecer ideias e transformar vontade em ação. Cada pessoa aqui faz parte desse movimento.",mensagem simples,2026-03-02 14:18:07.601+00,Mobiliza PE,111055674052635@lid,Mobiliza PE,2026-04-18 01:39:35.907327+00
1089,Pernambuco,Mobiliza,Mobiliza,120363425016992076@g.us,ACE7667608193D19D30A984CD4E21F28,"Milícia digital, Gabinete do ódio, abuso de poder. No bingo do ditador moderno, a cartela de Raquel já tá toda preenchida...",mensagem simples,2026-04-11 10:48:49.445+00,Mobiliza PE,111055674052635@lid,Mobiliza PE,2026-04-18 01:39:35.907327+00
1090,Pernambuco,Mobiliza,Mobiliza,120363425016992076@g.us,ACE9D9598AAE616B27C9786F7BE55838,"*Bom dia, turma!* ☀️

Segunda-feira começou e o *tabuleiro político de Pernambuco já tá se mexendo.* Tem gente tentando montar super chapa, costura daqui, promessa dali…

Querem montar estratégia, mas *a gente sabe que a única estratégia que o povo respeita é o trabalho que aparece na rua.*

🚨*MISSÃO:*🚨
📎 Olha o post aqui: https://engaja.pro/missaope-01-16-03",mensagem simples,2026-03-16 11:51:03.19+00,Mobiliza PE,111055674052635@lid,Mobiliza PE,2026-04-18 01:39:35.907327+00
1091,Pernambuco,Mobiliza,Mobiliza,120363425016992076@g.us,ACEA952EFFF62A8745AD1E42F7103342,O nome desse time é trabalho! 💛,mensagem simples,2026-03-28 12:37:12.002+00,Mobiliza PE,111055674052635@lid,Mobiliza PE,2026-04-18 01:39:35.907327+00
1092,Pernambuco,Mobiliza PE,Mobiliza PE,120363405595256912@g.us,ACEDE4512A0DA9FDF903530C0B41FDAD,*#MEUGOVERNADOR*💛💛💛,mensagem simples,2026-03-19 21:05:38.089+00,Mobiliza PE,111055674052635@lid,Mobiliza PE,2026-04-18 01:39:35.907327+00
1093,Pernambuco,Mobiliza PE,Mobiliza PE,120363405595256912@g.us,ACEECFE22D87EBC3B01B76EC36EF6020,"🚨 *BORA MOER NESSA MISSÃO* 🚨

🔗Link: https://engaja.pro/missaope09-14-04

Enquanto tem uma turma que só pisa no barro se for pra tirar foto de propaganda, *João já gastou foi sola de sapato hoje visitando o interior.* O desespero de quem só vê Pernambuco pelo mapa é grande quando vê o homem trabalhando de verdade. 

Bora lá comentar pra deixar esse pessoal ainda mais aperreado com o nosso sucesso! *40 segundinhos e tu resolve essa bronca.* #PEpraFrente 💛🚀",mensagem simples,2026-04-14 20:11:02.437+00,Mobiliza PE,111055674052635@lid,Mobiliza PE,2026-04-18 01:39:35.907327+00
1094,Pernambuco,Mobiliza,Mobiliza,120363425016992076@g.us,ACF0C364D6C8C2B143855215D872B7BB,"*🚨MISSÃO PARA COMEÇAR O SÁBADO NO PIQUE🚨*

Link da missão: https://engaja.pro/missaope01-11-04

E aí time, já tão no pique? O João Campos mandou o papo reto e a gente assina embaixo: *aqui não tem espaço pra confusão, só pra serviço entregue e respeito total.* 

Bora lá comentar e mostrar que quem tem resultado não precisa de gabinete do ódio! 

*Nossa união é o que move Pernambuco pra frente. Ocupa lá que é jogo rápido!*",mensagem simples,2026-04-11 10:48:46.325+00,Mobiliza PE,111055674052635@lid,Mobiliza PE,2026-04-18 01:39:35.907327+00
1095,Pernambuco,Mobiliza,Mobiliza,120363425016992076@g.us,ACF1FDC5DA4F2375FA2A2B04739D986F,"*MISSÃO DUPLA NO AR:*
Pois boraaa, meu povo! *É jogo rápido, 48 segundos de relógio e tu já cumpriu tua parte.*
A oposição pensava que o ritmo iria cair por ser feriado, mas onde tem entrega, tem o nosso time junto.
 *Não vamos deixar que a oposição domine a narrativa.* Eles estão lá tentando cantar de galo, mas vamos ocupar as redes com a verdade de quem faz! Simbora que o homem merece o topo!

*Missão 7:* https://engaja.pro/missaope7-02-04
*Missão 8:* https://engaja.pro/missaope8-02-04",mensagem simples,2026-04-02 19:23:21.394+00,Mobiliza PE,111055674052635@lid,Mobiliza PE,2026-04-18 01:39:35.907327+00
1096,Pernambuco,Mobiliza PE,Mobiliza PE,120363405595256912@g.us,ACF340ABA8908708D5083D4EEC19CF12,"Vamos aproveitar que os comentários já estão no gatilho e bora de missão dupla, meu povo? @all",mensagem simples,2026-04-02 19:24:38.177+00,Mobiliza PE,111055674052635@lid,Mobiliza PE,2026-04-18 01:39:35.907327+00
1097,Pernambuco,Lideranças - Mobiliza PE,Lideranças - Mobiliza PE,120363404880079867@g.us,ACF4ABD414A78B6321E4B6F57022FC33,(Mensagem de mídia sem texto),mensagem simples,2026-04-04 13:06:03.667+00,Mobiliza PE,111055674052635@lid,Mobiliza PE,2026-04-18 01:39:35.907327+00
1098,Pernambuco,Mobiliza,Mobiliza,120363425016992076@g.us,ACF4C992B55EB693885A50C21C603A4A,@all,mensagem simples,2026-03-19 21:06:39.667+00,Mobiliza PE,111055674052635@lid,Mobiliza PE,2026-04-18 01:39:35.907327+00
1099,Pernambuco,Mobiliza PE,Mobiliza PE,120363405595256912@g.us,ACF635244746AAE79AACC5DC1A7E7C1A,"A gente lançou um *formulário rápido* pra saber a opinião de vocês sobre o dia dos nossos encontros semanais (atualmente acontece às quartas, 19h30). 🏃

Pra o nosso grupo pulsar forte, *o horário da reunião tem que ser filé para todo mundo.*

* *Ação:* Escolher um horário bom pra tu.

* *Tempo:* Menos de 1 minuto.

* *Link:* https://tally.so/r/PdYZ4P 💛🚀",mensagem simples,2026-04-07 12:35:27.929+00,Mobiliza PE,111055674052635@lid,Mobiliza PE,2026-04-18 01:39:35.907327+00
1100,Pernambuco,Mobiliza PE,Mobiliza PE,120363405595256912@g.us,ACF8B9F376793664D2A11C6A173DA8DF,"*Nada de copia e cola por aqui, a ideia é cada um dar o seu toque nos comentários, beleza? Segue as sugestões:*",mensagem simples,2026-04-11 10:47:54.951+00,Mobiliza PE,111055674052635@lid,Mobiliza PE,2026-04-18 01:39:35.907327+00
1101,Pernambuco,Mobiliza,Mobiliza,120363425016992076@g.us,ACFA650317DF612626B089E31DE0DC53,"*O QUE VOCÊ PRECISA FAZER (É FICHINHA, MAS É FUNDAMENTAL!):*
1️⃣ Acesse o post oficial do JC com a notícia: https://escalada.me/missaope2-28-03
2️⃣ *Solte o dedo nos comentários:* Use as sugestões abaixo pra *SE INSPIRAR* e mostrar que o time tá entrosado. *Comente mais de uma vez e curta os comentários pró-João!* Vamos ocupar o post com a onda amarela!",mensagem simples,2026-03-28 12:36:10.602+00,Mobiliza PE,111055674052635@lid,Mobiliza PE,2026-04-18 01:39:35.907327+00
1102,Pernambuco,Mobiliza,Mobiliza,120363425016992076@g.us,ACFC31C2FDAA5FB2F0A55B31C876EE56,"Ô povo, passando só pra dar um recado: *te preparaaa!* 👀 Às 20h30 a gente solta uma missão que vai deixar muita gente sem dormir e o estado todo animado. O juízo de vocês já tá fervendo? Só um spoiler: *o que é bom no Recife, Pernambuco merece também.* 💛🚀",mensagem simples,2026-03-19 19:15:13.536+00,Mobiliza PE,111055674052635@lid,Mobiliza PE,2026-04-18 01:39:35.907327+00
1103,Pernambuco,Mobiliza,Mobiliza,120363425016992076@g.us,ACFDA0782266429979E5146ABF01C845,"Bora pro Governo, João, o povo está esperando seu trabalho 💛",mensagem simples,2026-03-19 18:16:13.536+00,Mobiliza PE,111055674052635@lid,Mobiliza PE,2026-04-18 01:39:35.907327+00
1894,Escalada,Rede Escalada,Rede Escalada,120363406995389389@g.us,3EB058809BB9841E076DBD,"Sabe aquela ideia que você teve do nada e achou ""simples demais""? Ela pode ser o começo de algo gigante! 🚀

No módulo *Como colocar ideias em movimento**, você vai descobrir como parar de engavetar suas ideias e dar o primeiro passo pra fazer elas crescerem de verdade.

Bora dar o play e tirar essa ideia da cabeça?

👉 escaladaedu.circle.so/c/como-colocar-ideas-em-movimento",mensagem simples,2026-04-22 14:59:33.314+00,Central Escalada,194674308468846@lid,Central Escalada,2026-04-22 20:21:08.759502+00
1895,Pará,Engaja 2.0,Engaja 2.0 (Vermelha),120363419511068404@g.us,3A7051FAFB024F21D9A0,"https://engaja.pro/22-04-engaja-02-b

Boa tarde!

Vamos lá!
Curtir, comentar, compartilhar e salvar! 🚀

*Exemplos de comentários para usar como base (não copie, apenas se inspire).*

1. Parabéns, futuro senador Helder! Cuidar da Amazônia é cuidar do nosso futuro, e seu compromisso com isso é admirável.
2. Futuro senador Helder, que mensagem importante! A defesa da nossa floresta mostra sua responsabilidade com as próximas gerações. Parabéns.
3. Parabéns, futuro senador Helder! Seu trabalho em valorizar e proteger a Amazônia enche a gente de orgulho.
4. Futuro senador Helder, exemplo de liderança que pensa no presente e no futuro. Parabéns por esse compromisso com o meio ambiente.",mensagem simples,2026-04-22 14:39:01.371+00,Engaja,251015655874706@lid,Engaja,2026-04-22 20:21:13.748011+00
1896,Pará,Engaja 2.0,Engaja 2.0 (Vermelha),120363419511068404@g.us,3AB71273C388484A1A75,"https://engaja.pro/22-04-engaja-02-b

Boa tarde!

Vamos lá!
Curtir, comentar, compartilhar e salvar! 🚀

*Exemplos de comentários para usar como base (não copie, apenas se inspire).*

1. Parabéns, futuro senador Helder! Cuidar da Amazônia é cuidar do nosso futuro, e seu compromisso com isso é admirável.
2. Futuro senador Helder, que mensagem importante! A defesa da nossa floresta mostra sua responsabilidade com as próximas gerações. Parabéns.
3. Parabéns, futuro senador Helder! Seu trabalho em valorizar e proteger a Amazônia enche a gente de orgulho.
4. Futuro senador Helder, exemplo de liderança que pensa no presente e no futuro. Parabéns por esse compromisso com o meio ambiente.",mensagem simples,2026-04-22 14:37:12.737+00,Engaja,251015655874706@lid,Engaja,2026-04-22 20:21:14.233433+00
1897,Pará,Engaja 2.0,Engaja 2.0 (Azul),120363422002705740@g.us,3AB0792E1BC9023316E6,"https://engaja.pro/22-04-engaja-02-a

Boa tarde!

Vamos lá!
Curtir, comentar, compartilhar e salvar! 🚀

*Exemplos de comentários para usar como base (não copie, apenas se inspire).*

1. Parabéns, futuro senador Helder! Cuidar da Amazônia é cuidar do nosso futuro, e seu compromisso com isso é admirável.
2. Futuro senador Helder, que mensagem importante! A defesa da nossa floresta mostra sua responsabilidade com as próximas gerações. Parabéns.
3. Parabéns, futuro senador Helder! Seu trabalho em valorizar e proteger a Amazônia enche a gente de orgulho.
4. Futuro senador Helder, exemplo de liderança que pensa no presente e no futuro. Parabéns por esse compromisso com o meio ambiente.",mensagem simples,2026-04-22 14:37:07.614+00,Engaja,251015655874706@lid,Engaja,2026-04-22 20:21:14.728356+00
1898,Mato Grosso do Sul,Senador Nelsinho | CANAL OFICIAL,Senador Nelsinho | CANAL OFICIAL,120363423242767408@g.us,3EB061C80F2B1A41E071,"📊 ENQUETE: Posso contar com você? (Opções: Já sei até em que grupo vou compartilhar | Claro, vou enviar pra os meus amigos e parentes | Vou pensar em quem posso convidar)",enquete,2026-04-22 12:08:40.674+00,Senador Nelsinho Trad,148155450556608@lid,Senador Nelsinho Trad,2026-04-22 20:28:34.239775+00
1899,Mato Grosso do Sul,Senador Nelsinho | CANAL OFICIAL,Senador Nelsinho | CANAL OFICIAL,120363423242767408@g.us,3EB0D4657577B1AEB382EF,"Mesmo no feriado, não podemos parar, articulei com o Ministério da Saúde para viabilizar ações que ajudem a região de Dourados a combater esse mal! 

Como médico, sei que a dor não espera, e como senador, minha missão é garantir que o atendimento chegue na ponta para quem mais precisa. Seguimos firmes no trabalho!",mensagem simples,2026-04-21 18:49:36.255+00,Senador Nelsinho Trad,148155450556608@lid,Senador Nelsinho Trad,2026-04-22 20:32:46.051806+00
1900,Mato Grosso do Sul,Senador Nelsinho | CANAL OFICIAL,Senador Nelsinho | CANAL OFICIAL,120363423242767408@g.us,3EB082F902E6EE2C3B45D5,"🚨*Uma missão importante pelo nosso Estado.*🚨
Primeiramente, bom dia a todos. 

Só nos últimos 2 meses compartilhamos com vocês aqui na comunidade que garantimos 200 milhões de dólares para as estradas, o fim do tarifaço no nosso agro, o avanço do acordo Mercosul-UE e muito mais. E você acredita que ainda tem muita gente aqui no MS que não sabe de nada disso?

Por isso, vou passar uma missão importantíssima para vocês: 
*Precisamos crescer essa comunidade!*

Aqui, vocês não só ficam sabendo do que está acontecendo, mas também dão suas opiniões através de respostas nas nossas enquetes e postagens, e também mensagens no privado. E valorizo muito essas contribuições.

*Te peço que compartilhe esse link com as pessoas que querem o bem do nosso Mato Grosso do Sul:*
https://chat.whatsapp.com/DAGUpbAt9dT4Jumir5fIRm",mensagem simples,2026-04-22 12:07:10.767+00,Senador Nelsinho Trad,148155450556608@lid,Senador Nelsinho Trad,2026-04-22 20:33:45.555033+00
1903,Mato Grosso do Sul,Engaja MS,Engaja MS,120363424459503632@g.us,3EB0D81BD476A31DC6F894,"🚨*O povo do nosso MS precisa de vocês!*🚨
Bom dia, galera! 

Vocês que acompanham o trabalho do Senador Nelsinho de perto, sabem que o trabalho não para. *Nos últimos 2 meses o mandato garantiu 200 milhões de dólares para as estradas,* derrubou o tarifaço no agro e avançou com o acordo Mercosul-UE.

Mas a *nossa missão agora é furar a bolha.*
Muitas pessoas aqui no nosso Estado ainda não sabem dessas conquistas que influenciam elas diretamente, simplesmente porque a informação não chegou na ponta.

*Quero pedir o apoio de vocês aqui do Engaja MS, que são os apoiadores que sei que podemos contar, para convidar mais pessoas para nossa Comunidade Geral.* É lá que o impacto das entregas do Senador chegam nas pessoas que vivem as consequências no dia-a-dia.

*Compartilhe o link com quem quer ver o nosso estado crescer:* 
https://chat.whatsapp.com/DAGUpbAt9dT4Jumir5fIRm",mensagem simples,2026-04-22 12:09:44.001+00,Engaja MS,164785714897032@lid,Engaja MS,2026-04-22 20:38:21.359178+00
1904,Mato Grosso do Sul,Engaja MS,Engaja MS,120363424459503632@g.us,3EB0AFFEC51B7345F2DA,📊 ENQUETE: Como você pode ajudar a fortalecer nosso movimento hoje? (Opções: Vou compartilhar o link com 5 amigos! 🚀 | Vou enviar agora nos meus grupos de família/trabalho. 📲 | Vou convidar lideranças da minha região. 🤝),enquete,2026-04-22 12:10:32.598+00,Engaja MS,164785714897032@lid,Engaja MS,2026-04-22 20:39:21.36409+00
1906,Pernambuco,Mobiliza,Mobiliza,120363425016992076@g.us,3EB0682A806ECFDF8F1D96,"*🚨MISSÃO NOVA NA ÁREA🚨*

Rodar Pernambuco é como tomar um cafezinho quente no fim da tarde: é puro aconchego! Cada conversa que rola é uma oportunidade de entender e ajudar nossa gente. E quando a galera se junta, não tem pra ninguém! *VAMOS COMPARTILHAR ao máximo!* 💛🚀

*🔗LINK:* https://engaja.pro/missaope01-22-04",mensagem simples,2026-04-22 11:25:35.41+00,Mobiliza PE,270862800433165@lid,Mobiliza PE,2026-04-22 20:47:14.733263+00
1907,Pernambuco,Mobiliza PE,Mobiliza PE,120363405595256912@g.us,3EB062568CE2983BCA2095,"Passou o feriado, o fôlego tá renovado e o compromisso com Pernambuco continua firme!

Pessoal que tá chegando agora, *hoje é o nosso dia sagrado por aqui.* Quem já é veterano sabe bem que *hoje é o dia da gente se reunir,* é o momento certo *pra trocar ideia, alinhar tudo e seguir fortalecendo o time.*

Então já coloca o despertador: *hoje, às 19h30, tem encontro online com a turma toda.* Bora simbora!",mensagem simples,2026-04-22 10:17:28.742+00,Mobiliza PE,111055674052635@lid,Mobiliza PE,2026-04-22 20:50:27.98382+00
1909,Pará,Engaja 2.0,Engaja 2.0 (Azul),120363422002705740@g.us,3AD900BF8610DD21842E,"https://engaja.pro/22-04-engaja-03-a

Boa noite!

Vamos lá!
Curtir, comentar, compartilhar e salvar! 🚀

*Exemplos de comentários para usar como base (não copie, apenas se inspire).*

1. Parabéns, governadora Hana! Esse reconhecimento mostra respeito por quem dedica a vida à nossa segurança.
2. Governadora Hana, que mensagem forte e necessária. Parabéns por valorizar quem protege a nossa população todos os dias.
3. Parabéns, governadora Hana! É bonito ver esse olhar de cuidado e respeito com nossas forças de segurança.
4. Governadora Hana, liderança de verdade se mostra assim, reconhecendo quem está na linha de frente. Parabéns pelo trabalho.",mensagem simples,2026-04-22 18:07:02.557+00,Engaja,251015655874706@lid,Engaja,2026-04-22 21:07:03.234793+00
1910,Pará,Engaja 2.0,Engaja 2.0 (Vermelha),120363419511068404@g.us,3A7411FA180ACB421082,"https://engaja.pro/22-04-engaja-03-b

Boa noite!

Vamos lá!
Curtir, comentar, compartilhar e salvar! 🚀

*Exemplos de comentários para usar como base (não copie, apenas se inspire).*

1. Parabéns, governadora Hana! Esse reconhecimento mostra respeito por quem dedica a vida à nossa segurança.
2. Governadora Hana, que mensagem forte e necessária. Parabéns por valorizar quem protege a nossa população todos os dias.
3. Parabéns, governadora Hana! É bonito ver esse olhar de cuidado e respeito com nossas forças de segurança.
4. Governadora Hana, liderança de verdade se mostra assim, reconhecendo quem está na linha de frente. Parabéns pelo trabalho.",mensagem simples,2026-04-22 18:07:07.535+00,Engaja,251015655874706@lid,Engaja,2026-04-22 21:07:07.766889+00
1911,Pernambuco,Mobiliza,Mobiliza,120363425016992076@g.us,A5AC0CD547DEFC9B4EA45A44463393C7,(Mensagem de mídia sem texto),imagem,2026-04-22 18:30:05.81+00,Central Mobiliza,230150839005189@lid,Central Mobiliza,2026-04-22 21:30:07.234415+00
1912,Pernambuco,Mobiliza,Mobiliza,120363425016992076@g.us,A585357C89A90D80DB69132D4CB8B237,(Mensagem de mídia sem texto),imagem,2026-04-22 18:30:07.792+00,Central Mobiliza,230150839005189@lid,Central Mobiliza,2026-04-22 21:30:08.372993+00
1913,Pernambuco,Mobiliza,Mobiliza,120363425016992076@g.us,A5BAFD9F1C161DEA7430CBF4915FD35A,(Mensagem de mídia sem texto),imagem,2026-04-22 18:30:08.422+00,Central Mobiliza,230150839005189@lid,Central Mobiliza,2026-04-22 21:30:09.082676+00
1914,Pernambuco,Mobiliza,Mobiliza,120363425016992076@g.us,A5887F3A742640B5B1FAB3A6E0DE8A70,(Mensagem de mídia sem texto),imagem,2026-04-22 18:30:09.307+00,Central Mobiliza,230150839005189@lid,Central Mobiliza,2026-04-22 21:30:09.991984+00
1915,Pernambuco,Mobiliza,Mobiliza,120363425016992076@g.us,A56ABB963ADA73C6939CA10F08F4B6B2,Pra compartilhar! 🚀💛,mensagem simples,2026-04-22 18:30:15.042+00,Central Mobiliza,230150839005189@lid,Central Mobiliza,2026-04-22 21:30:15.66879+00
1916,Pernambuco,Mobiliza PE,Mobiliza PE,120363405595256912@g.us,A5D868544F7E0B48F9E1C8D39D1652A3,(Mensagem de mídia sem texto),imagem,2026-04-22 18:30:33.329+00,Central Mobiliza,230150839005189@lid,Central Mobiliza,2026-04-22 21:30:33.496859+00
1917,Pernambuco,Mobiliza PE,Mobiliza PE,120363405595256912@g.us,A517009A457B3A003C6B9AE31E9F2C40,(Mensagem de mídia sem texto),imagem,2026-04-22 18:30:33.839+00,Central Mobiliza,230150839005189@lid,Central Mobiliza,2026-04-22 21:30:34.073979+00
1918,Pernambuco,Mobiliza PE,Mobiliza PE,120363405595256912@g.us,A58D95DC9450A56304B87A4333BC3C6B,(Mensagem de mídia sem texto),imagem,2026-04-22 18:30:34.501+00,Central Mobiliza,230150839005189@lid,Central Mobiliza,2026-04-22 21:30:34.760201+00
1919,Pernambuco,Mobiliza PE,Mobiliza PE,120363405595256912@g.us,A588378EC4201D158238FB2627C5E3F9,(Mensagem de mídia sem texto),imagem,2026-04-22 18:30:35.069+00,Central Mobiliza,230150839005189@lid,Central Mobiliza,2026-04-22 21:30:35.283357+00
1920,Pernambuco,Mobiliza PE,Mobiliza PE,120363405595256912@g.us,A52334D578651AFBA1AB040954981017,Pra compartilhar! 🚀💛,mensagem simples,2026-04-22 18:30:35.906+00,Central Mobiliza,230150839005189@lid,Central Mobiliza,2026-04-22 21:30:36.08829+00
1921,Pernambuco,Mobiliza PE,Mobiliza PE,120363405595256912@g.us,3EB05961F9D23E661AF7C6,"A engrenagem já começou a girar!  *Faltam 30 minutos pra gente dar a partida oficial no nosso encontro de hoje.*

As ferramentas já estão na mão e o maquinário pronto. *A nossa força é o que faz Pernambuco andar pra frente, bora moer!? #PEpraFrente*

Pega o link pra gente ir juntos: https://engaja.pro/encontro-mobilizape",mensagem simples,2026-04-22 19:00:22.102+00,Mobiliza PE,111055674052635@lid,Mobiliza PE,2026-04-22 22:00:22.504208+00
1922,Pará,Engaja 2.0,Engaja 2.0 (Azul),120363422002705740@g.us,3AD222620D672ECC1E1D,"https://engaja.pro/22-04-engaja-04-a

Boa noite!

Vamos lá!
Curtir, comentar, compartilhar e salvar! 🚀

*Exemplos de comentários para usar como base (não copie, apenas se inspire).*

1. Parabéns, governadora Hana! Organização e transparência fazem toda diferença, esse cronograma ajuda muita gente.
2. Governadora Hana, excelente trabalho! Essas informações claras mostram respeito com quem está esperando essa oportunidade. Parabéns.
3. Parabéns, governadora Hana! É muito bom ver uma gestão que se preocupa em informar e orientar a população.
4. Governadora Hana, isso é compromisso de verdade com as pessoas. Parabéns pela dedicação e responsabilidade.",mensagem simples,2026-04-22 19:14:23.267+00,Engaja,251015655874706@lid,Engaja,2026-04-22 22:14:23.714735+00
1923,Pará,Engaja 2.0,Engaja 2.0 (Vermelha),120363419511068404@g.us,3A6E56A57BB2ED84A3E3,"https://engaja.pro/22-04-engaja-04-b

Boa noite!

Vamos lá!
Curtir, comentar, compartilhar e salvar! 🚀

*Exemplos de comentários para usar como base (não copie, apenas se inspire).*

1. Parabéns, governadora Hana! Organização e transparência fazem toda diferença, esse cronograma ajuda muita gente.
2. Governadora Hana, excelente trabalho! Essas informações claras mostram respeito com quem está esperando essa oportunidade. Parabéns.
3. Parabéns, governadora Hana! É muito bom ver uma gestão que se preocupa em informar e orientar a população.
4. Governadora Hana, isso é compromisso de verdade com as pessoas. Parabéns pela dedicação e responsabilidade.",mensagem simples,2026-04-22 19:14:34.7+00,Engaja,251015655874706@lid,Engaja,2026-04-22 22:14:34.963051+00
1924,Pernambuco,Mobiliza PE,Mobiliza PE,120363405595256912@g.us,3EB0E4CA6B758DABCEED51,"A galera tá colocando para moer no nosso encontro. Só falta tu pra essa conta fechar. *Já iniciamos e o teu lugar na mesa já tá reservado.* Não fica de fora, vem construir o agora com a gente!

*Vamos com João, pra cima!*",mensagem simples,2026-04-22 19:30:22.477+00,Mobiliza PE,111055674052635@lid,Mobiliza PE,2026-04-22 22:30:22.882051+00
1925,Pernambuco,Mobiliza PE,Mobiliza PE,120363405595256912@g.us,3EB064818C61995C1AD089,"*E aí, time do Mobiliza!* Passando pra dizer que a energia de hoje foi boa demais!

Valeu a cada um que somou, falou e botou a mão na massa. *Aqui a gente não espera acontecer, a gente faz o futuro agora.* Ver esse engajamento só prova que *Pernambuco quer mudança e a gente tá no 220v com João pra fazer história.*

*O mérito é de vocês! Simbora moer!*",mensagem simples,2026-04-22 20:31:32.052+00,Mobiliza PE,111055674052635@lid,Mobiliza PE,2026-04-22 23:31:32.362305+00
1926,Pernambuco,Mobiliza PE,Mobiliza PE,120363405595256912@g.us,ACBA15329D4BFF9B3467CD6B3B34BC1D,💛💛💛💛,imagem,2026-04-22 20:48:00.42+00,Mobiliza PE,111055674052635@lid,Mobiliza PE,2026-04-22 23:48:00.830962+00
1927,Mato Grosso do Sul,Engaja MS,Engaja MS,120363424459503632@g.us,3EB0829B80A35412718704,"Pessoal, quero agradecer a todos que já iniciaram os convites pra nossa comunidade geral.
*É com o apoio de vocês que esse movimento ganha força!* 

Para os que ainda não tiveram tempo de fazer convites, vou facilitar mais pra vocês: 
Já vou deixar um texto prontinho aqui abaixo, já com o convite e link para a comunidade. *É só copiar e colar na conversa com seus amigos e família, ou em grupos que você faça parte.*

Conto com você!",mensagem simples,2026-04-22 20:48:22.191+00,Engaja MS,164785714897032@lid,Engaja MS,2026-04-22 23:48:22.460152+00
1928,Mato Grosso do Sul,Engaja MS,Engaja MS,120363424459503632@g.us,3EB0D34134559C8A115583,"*Olá! Você já conhece a comunidade oficial do Senador Nelsinho Trad no WhatsApp?*

É por lá que acompanho, em primeira mão, as conquistas que trazem investimentos e empregos para o nosso Mato Grosso do Sul. É o melhor jeito de saber o que realmente está sendo decidido em Brasília e como isso impacta a nossa vida aqui no estado.
*Vale a pena fazer parte e acompanhar de perto.* 

*É só clicar no link:*
https://engaja.pro/lider-centralbase
Nos vemos por lá!",mensagem simples,2026-04-22 20:48:57.795+00,Engaja MS,164785714897032@lid,Engaja MS,2026-04-22 23:48:57.97465+00
1929,Pará,Engaja 2.0,Engaja 2.0 (Azul),120363422002705740@g.us,3AC7B07833D811CB4E55,"https://engaja.pro/22-04-engaja-05-a

Boa noite!

Vamos lá!
Curtir, comentar, compartilhar e salvar! 🚀

*Exemplos de comentários para usar como base (não copie, apenas se inspire).*

1. Parabéns, futuro senador Helder! Parcerias fortes são o caminho para transformar a vida das pessoas.
2. Futuro senador Helder, é assim que se constrói um trabalho sério, com diálogo e união. Parabéns pela liderança.
3. Parabéns, futuro senador Helder! Essa visão de trabalho coletivo faz toda a diferença no nosso estado.
4. Futuro senador Helder, liderança que soma e constrói junto merece reconhecimento. Parabéns pelo compromisso.",mensagem simples,2026-04-22 21:32:01.335+00,Engaja,251015655874706@lid,Engaja,2026-04-23 00:32:01.889134+00
1930,Pará,Engaja 2.0,Engaja 2.0 (Vermelha),120363419511068404@g.us,3AD134E804E827B1D693,"https://engaja.pro/22-04-engaja-05-b

Boa noite!

Vamos lá!
Curtir, comentar, compartilhar e salvar! 🚀

*Exemplos de comentários para usar como base (não copie, apenas se inspire).*

1. Parabéns, futuro senador Helder! Parcerias fortes são o caminho para transformar a vida das pessoas.
2. Futuro senador Helder, é assim que se constrói um trabalho sério, com diálogo e união. Parabéns pela liderança.
3. Parabéns, futuro senador Helder! Essa visão de trabalho coletivo faz toda a diferença no nosso estado.
4. Futuro senador Helder, liderança que soma e constrói junto merece reconhecimento. Parabéns pelo compromisso.",mensagem simples,2026-04-22 21:32:20.694+00,Engaja,251015655874706@lid,Engaja,2026-04-23 00:32:21.055501+00
1931,Escalada,Laboratório de Projetos - Nível 4,Laboratório de Projetos - Nível 4,120363406643406079@g.us,3EB0C3C0D110CBF6E18554,"Fala, galera! A semana está sendo super movimentada por aqui, e tenho uma grande notícia.

Eu sei que a rotina de vocês é intensa e que, às vezes, a gente precisa de um fôlego extra para entregar o nosso melhor. 

Por isso, a missão #FuturoSustentável teve seu prazo estendido até o dia 24/04!",mensagem simples,2026-04-23 09:55:47.127+00,Central Escalada,194674308468846@lid,Central Escalada,2026-04-23 12:55:47.409602+00
1932,Escalada,Laboratório de Projetos - Nível 4,Laboratório de Projetos - Nível 4,120363406643406079@g.us,3EB027C55B45D9CC07DA1F,"Fala, @203655051522119 e @235661231669345, conseguiram realizar alguma missão?",mensagem simples,2026-04-23 09:57:52.846+00,Central Escalada,194674308468846@lid,Central Escalada,2026-04-23 12:57:53.202903+00
1933,Escalada,Conselho Escalada - Nível 5,Conselho Escalada - Nível 5,120363425561018159@g.us,3EB0D0C9632FBEAAEB99AB,"Bom dia, pessoal! O sistema está atualizando e em breve elas já estarão disponíveis!",mensagem simples,2026-04-23 10:07:39.899+00,Central Escalada,194674308468846@lid,Central Escalada,2026-04-23 13:07:40.176354+00
1934,Escalada,Conselho Escalada - Nível 5,Conselho Escalada - Nível 5,120363425561018159@g.us,3EB09700ECBFF5C91E3D02,"A semana está sendo super movimentada por aqui, e eu tenho uma notícia que vai dar aquele alívio para quem está caprichando nos detalhes! 🚀

O prazo para a missão *#metafutura* estendida até o dia *24/04!*

Aproveite esse tempinho a mais para refinar os seus objetivos e garantir que ela reflita tudo o que você quer ser no futuro.",mensagem simples,2026-04-23 10:09:00.579+00,Central Escalada,194674308468846@lid,Central Escalada,2026-04-23 13:09:01.485147+00
1935,Escalada,Rota de Crescimento - Nível 3,Rota de Crescimento - Nível 3,120363423283283910@g.us,3EB0F4C89D05CEBD42E26D,"Buenos dias! 

A semana está sendo intensa, e como a gente acredita que o importante não é a perfeição, mas ser 1% melhor a cada dia, ainda dá tempo de realizar a missão.

A missão *""1% melhor a cada dia""* (+15 pontos) teve o prazo estendido até o dia *24/04*.",mensagem simples,2026-04-23 10:19:35.909+00,Central Escalada,194674308468846@lid,Central Escalada,2026-04-23 13:19:36.182764+00
1936,Escalada,Rota de Crescimento - Nível 3,Rota de Crescimento - Nível 3,120363423283283910@g.us,3EB0B6275F82494BE6D307,"Se você ainda não começou, essa é a sua chance!",mensagem simples,2026-04-23 10:21:36.566+00,Central Escalada,194674308468846@lid,Central Escalada,2026-04-23 13:21:36.9689+00
1937,Escalada,Conexão Escalada - Nível 2,Conexão Escalada - Nível 2,120363407337623196@g.us,3EB0496F5C22B9CFB745A7,"Buenos dias! A semana está voando e, no meio de tanta movimentação, esse é o seu momento de olhar no espelho e ver: “Onde eu estou?

*A missão ""Check-in"" foi estendida até o dia 24/04!*

Faça aquela pausa estratégica e reflita sobre a sua semana e o que falta para você fechar com chave de ouro.",mensagem simples,2026-04-23 10:26:33.345+00,Central Escalada,194674308468846@lid,Central Escalada,2026-04-23 13:26:33.787404+00
1938,Escalada,Conexão Escalada - Nível 2,Conexão Escalada - Nível 2,120363407337623196@g.us,3EB00B2C6971C27980815C,"*Missão check-in (+10 pontos):*
1️⃣ Acesse o post: https://escaladaedu.circle.so/c/novidades/ultima-semana-do-mes-flash

2️⃣ Comente qual a sua estratégia de organização, hábito ou método que você utiliza.

3️⃣ Poste o seu comentário e já estará valendo!

🛑 Regra: Válido até 22/04!

Não deixa pra amanhã e conta pra gente aqui: qual dica de organização você descobriu hoje?",mensagem simples,2026-04-23 10:27:04.659+00,Central Escalada,194674308468846@lid,Central Escalada,2026-04-23 13:27:05.007439+00
1939,Pernambuco,Mobiliza PE,Mobiliza PE,120363405595256912@g.us,3EB01CDCA41F637F449C18,"🚨 *MISSÃO NOVA NA ÁREA* 🚨 

Olha que coisa linda esse depoimento! 🥹

*Mais de 80 mil recifenses com moradia protegida e os pequenos sendo bem cuidados no Hospital da Criança.* 

Isso é pra mostrar que nossas ações têm poder. É esse o sentimento de transformação que a gente quer ver!

*Vamos comentar e COMPARTILHAR EM TODO CANTO, pra levar essa transformação pra Pernambuco inteiro!* #PEpraFrente 🚀💛

🔗 Link: https://engaja.pro/missaope01-23-04",mensagem simples,2026-04-23 11:07:35.877+00,Mobiliza PE,111055674052635@lid,Mobiliza PE,2026-04-23 14:07:36.283662+00
1940,Pernambuco,Mobiliza,Mobiliza,120363425016992076@g.us,3EB0BDA648250EAA6993EB,"🚨 *MISSÃO NOVA NA ÁREA* 🚨 

Olha que coisa linda esse depoimento! 🥹

*Mais de 80 mil recifenses com moradia protegida e os pequenos sendo bem cuidados no Hospital da Criança.* 

Isso é pra mostrar que nossas ações têm poder. É esse o sentimento de transformação que a gente quer ver!

*Vamos comentar e COMPARTILHAR EM TODO CANTO, pra levar essa transformação pra Pernambuco inteiro!* #PEpraFrente 🚀💛

🔗 Link: https://engaja.pro/missaope01-23-04",mensagem simples,2026-04-23 11:07:54.466+00,Mobiliza PE,111055674052635@lid,Mobiliza PE,2026-04-23 14:07:54.902557+00
1941,Pará,Engaja 2.0,Engaja 2.0 (Vermelha),120363419511068404@g.us,3AD7E9DC27AB089B0D9F,"https://engaja.pro/23-04-engaja-01-b

Bom dia!

Vamos lá!
Curtir, comentar, compartilhar e salvar! 🚀

*Exemplos de comentários para usar como base (não copie, apenas se inspire).*

1. Parabéns, governadora Hana! A culinária paraense é uma das mais ricas do Brasil e é lindo ver você valorizando nossas tradições.
2. Governadora Hana, que orgulho! Nossa comida é cultura, história e identidade. Parabéns por levar isso com tanto carinho.
3. Parabéns, governadora Hana! Nada melhor do que mostrar a força da culinária paraense para todo mundo.
4. Governadora Hana, a nossa gastronomia é única e cheia de sabor. Parabéns por valorizar o que é nosso.",mensagem simples,2026-04-23 11:28:32.04+00,Engaja,251015655874706@lid,Engaja,2026-04-23 14:28:32.438301+00
1942,Pará,Engaja 2.0,Engaja 2.0 (Azul),120363422002705740@g.us,3A7D5BA8A624C21028CE,"https://engaja.pro/23-04-engaja-01-a

Bom dia!

Vamos lá!
Curtir, comentar, compartilhar e salvar! 🚀

*Exemplos de comentários para usar como base (não copie, apenas se inspire).*

1. Parabéns, governadora Hana! A culinária paraense é uma das mais ricas do Brasil e é lindo ver você valorizando nossas tradições.
2. Governadora Hana, que orgulho! Nossa comida é cultura, história e identidade. Parabéns por levar isso com tanto carinho.
3. Parabéns, governadora Hana! Nada melhor do que mostrar a força da culinária paraense para todo mundo.
4. Governadora Hana, a nossa gastronomia é única e cheia de sabor. Parabéns por valorizar o que é nosso.",mensagem simples,2026-04-23 11:28:42.459+00,Engaja,251015655874706@lid,Engaja,2026-04-23 14:28:42.859653+00
1943,Pará,Engaja 2.0,Engaja 2.0 (Azul),120363422002705740@g.us,3A2EF0B88CFE5D7E15F3,"https://engaja.pro/23-04-engaja-02-a

Boa tarde!

Vamos lá!
Curtir, comentar, compartilhar e salvar! 🚀

*Exemplos de comentários para usar como base (não copie, apenas se inspire).*

 1. Parabéns, futuro senador Helder! Esse resultado mostra um trabalho sério e firme na segurança do nosso estado.
2. Futuro senador Helder, é assim que se protege a nossa gente, com ação e presença. Parabéns pelo trabalho.
3. Parabéns, futuro senador Helder! Segurança de verdade se faz com estratégia e compromisso, e isso está claro nos resultados.
4. Futuro senador Helder, trabalho forte e necessário. Parabéns por enfrentar de frente esse problema e cuidar da população.",mensagem simples,2026-04-23 13:35:46.625+00,Engaja,251015655874706@lid,Engaja,2026-04-23 16:35:47.023467+00
1944,Escalada,Rede Escalada,Rede Escalada,120363406995389389@g.us,3EB099BA7C861E9CAA98C4,"🚀 *O seu currículo tá precisando daquele tchan?* 

Quinta-feira com Q de ""Quero me destacar""! Se você quer dar um peso pro seu currículo e chegar com moral nas oportunidades, os cursos do *Sebrae* são o que você precisa.

É conhecimento rápido, prático e que faz o mercado olhar pra você com outros olhos. Bora dar esse up no seu perfil hoje?

Clica no link e já escolhe o seu: 
👉 https://escaladaedu.circle.so/c/curso-teste/",mensagem simples,2026-04-23 14:39:57.541+00,Central Escalada,194674308468846@lid,Central Escalada,2026-04-23 17:39:57.879067+00
1945,Mato Grosso do Sul,Senador Nelsinho | CANAL OFICIAL,Senador Nelsinho | CANAL OFICIAL,120363423242767408@g.us,3EB070C7DE57796B93B095,"Boa tarde, pessoal! Que Deus abençoe o dia de vocês e de suas famílias. 🙏
Por aqui a quinta-feira está movimentada: entrevista na rádio logo cedo e reunião com as lideranças do nosso interior para garantir que as nossas emendas cheguem onde o povo precisa, como em Itaquiraí. E seguimos com as agendas porque o trabalho não para!",mensagem simples,2026-04-23 16:26:30.202+00,Senador Nelsinho Trad,148155450556608@lid,Senador Nelsinho Trad,2026-04-23 19:26:30.585838+00
1946,Pará,Engaja 2.0,Engaja 2.0 (Azul),120363422002705740@g.us,3EB0FA0CEF528E812F9B26,"Quintou, pessoal! 🚀

A semana tá avançando e quero sentir como vocês estão por aí. Se bateu alguma dúvida ou se precisam de apoio, chega no privado e chama a gente. *Estamos por aqui para ajudar no que for preciso.*",mensagem simples,2026-04-23 16:36:27.121+00,Engaja 2.0,14406041767997@lid,Engaja 2.0,2026-04-23 19:36:27.478308+00
1947,Pará,Engaja 2.0,Engaja 2.0 (Azul),120363422002705740@g.us,3EB088D038D7B950928CED,"📊 ENQUETE: Como você tá nesse ponto da semana? (Opções: Tô firme, sem dúvidas e acompanhando tudo 🎯 | Tô indo bem, mas com algumas dúvidas 🤔 | Tô meio perdido(a) e preciso de ajuda 🙋‍♀️)",enquete,2026-04-23 16:36:33.786+00,Engaja 2.0,14406041767997@lid,Engaja 2.0,2026-04-23 19:36:34.086491+00
1948,Mato Grosso do Sul,Senador Nelsinho | CANAL OFICIAL,Senador Nelsinho | CANAL OFICIAL,120363423242767408@g.us,3EB0FBBEE011386072ED6B,(Mensagem de mídia sem texto),video,2026-04-23 17:09:56.147+00,Senador Nelsinho Trad,148155450556608@lid,Senador Nelsinho Trad,2026-04-23 20:09:56.482411+00
1949,Mato Grosso do Sul,Senador Nelsinho | CANAL OFICIAL,Senador Nelsinho | CANAL OFICIAL,120363423242767408@g.us,3EB066AC28404373647D05,"Como senador, estou cobrando uma união real de forças. Dourados precisa de ajuda! Não dá para cada um ir para um lado. Estou trabalhando para alinhar os governos Federal, Estadual e a Prefeitura para que o recurso chegue logo onde precisa. É hora de somar esforços pela saúde da nossa gente.",mensagem simples,2026-04-23 17:10:01.079+00,Senador Nelsinho Trad,148155450556608@lid,Senador Nelsinho Trad,2026-04-23 20:10:01.844685+00
1950,Pará,Engaja 2.0,Engaja 2.0 (Vermelha),120363419511068404@g.us,3A1ABD413308540B2AFD,"https://engaja.pro/23-04-engaja-02-b

Boa tarde!

Vamos lá!
Curtir, comentar, compartilhar e salvar! 🚀

*Exemplos de comentários para usar como base (não copie, apenas se inspire).*

 1. Parabéns, futuro senador Helder! Esse resultado mostra um trabalho sério e firme na segurança do nosso estado.
2. Futuro senador Helder, é assim que se protege a nossa gente, com ação e presença. Parabéns pelo trabalho.
3. Parabéns, futuro senador Helder! Segurança de verdade se faz com estratégia e compromisso, e isso está claro nos resultados.
4. Futuro senador Helder, trabalho forte e necessário. Parabéns por enfrentar de frente esse problema e cuidar da população.",mensagem simples,2026-04-23 18:43:49.673+00,Engaja,251015655874706@lid,Engaja,2026-04-23 21:43:49.980313+00
1951,Pará,Engaja 2.0,Engaja 2.0 (Azul),120363422002705740@g.us,3A363FD00E7DC5B8B63B,"https://engaja.pro/23-04-engaja-03-a

Boa noite!

Vamos lá!
Curtir, comentar, compartilhar e salvar! 🚀

*Exemplos de comentários para usar como base (não copie, apenas se inspire).*

1. Parabéns, futuro senador Helder! Parceria e diálogo são a base de um trabalho que realmente transforma.
2. Futuro senador Helder, é assim que se constrói desenvolvimento, com união e compromisso. Parabéns pela liderança.
3. Parabéns, futuro senador Helder! Essa capacidade de dialogar e somar forças faz toda a diferença para o nosso estado.
4. Futuro senador Helder, trabalho sério e construído com parceria sempre traz resultados. Parabéns pelo compromisso.",mensagem simples,2026-04-23 18:44:26.935+00,Engaja,251015655874706@lid,Engaja,2026-04-23 21:44:27.281942+00
1952,Pará,Engaja 2.0,Engaja 2.0 (Vermelha),120363419511068404@g.us,3AAE4D17150A2A9921AF,"https://engaja.pro/23-04-engaja-03-b

Boa noite!

Vamos lá!
Curtir, comentar, compartilhar e salvar! 🚀

*Exemplos de comentários para usar como base (não copie, apenas se inspire).*

1. Parabéns, futuro senador Helder! Parceria e diálogo são a base de um trabalho que realmente transforma.
2. Futuro senador Helder, é assim que se constrói desenvolvimento, com união e compromisso. Parabéns pela liderança.
3. Parabéns, futuro senador Helder! Essa capacidade de dialogar e somar forças faz toda a diferença para o nosso estado.
4. Futuro senador Helder, trabalho sério e construído com parceria sempre traz resultados. Parabéns pelo compromisso.",mensagem simples,2026-04-23 18:44:48.344+00,Engaja,251015655874706@lid,Engaja,2026-04-23 21:44:48.710647+00
1953,Pará,Engaja 2.0,Engaja 2.0 (Azul),120363422002705740@g.us,3A13415E2EE92E4412C4,"https://engaja.pro/23-04-engaja-04-a

Boa noite!

Vamos lá!
Curtir, comentar, compartilhar e salvar! 🚀

*Exemplos de comentários para usar como base (não copie, apenas se inspire).*

1. Parabéns, governadora Hana! Levar tantos serviços para perto da população mostra um cuidado real com quem mais precisa.
2. Governadora Hana, isso é fazer a diferença de verdade na vida das pessoas. Parabéns pelo trabalho incrível.
3. Parabéns, governadora Hana! Um governo presente e que resolve é o que a gente precisa, e você está mostrando isso.
4. Governadora Hana, que iniciativa importante! Facilitar o acesso aos serviços é cuidar da nossa gente. Parabéns.",mensagem simples,2026-04-23 19:46:36.171+00,Engaja,251015655874706@lid,Engaja,2026-04-23 22:46:36.515209+00
1954,Pará,Engaja 2.0,Engaja 2.0 (Vermelha),120363419511068404@g.us,3A8CD8A390521F20223B,"https://engaja.pro/23-04-engaja-04-b

Boa noite!

Vamos lá!
Curtir, comentar, compartilhar e salvar! 🚀

*Exemplos de comentários para usar como base (não copie, apenas se inspire).*

1. Parabéns, governadora Hana! Levar tantos serviços para perto da população mostra um cuidado real com quem mais precisa.
2. Governadora Hana, isso é fazer a diferença de verdade na vida das pessoas. Parabéns pelo trabalho incrível.
3. Parabéns, governadora Hana! Um governo presente e que resolve é o que a gente precisa, e você está mostrando isso.
4. Governadora Hana, que iniciativa importante! Facilitar o acesso aos serviços é cuidar da nossa gente. Parabéns.",mensagem simples,2026-04-23 19:46:49.378+00,Engaja,251015655874706@lid,Engaja,2026-04-23 22:46:49.715249+00
1955,Pará,Engaja 2.0,Engaja 2.0 (Azul),120363422002705740@g.us,3A2A3FA7656D0E3981AB,"https://engaja.pro/23-04-engaja-05-a

Boa noite!

Vamos lá!
Curtir, comentar, compartilhar e salvar! 🚀

*Exemplos de comentários para usar como base (não copie, apenas se inspire).*

1. Parabéns, futuro senador Helder! Representando o Pará e a Amazônia no cenário internacional com muita competência.
2. Futuro senador Helder, que orgulho ver nosso estado sendo levado para debates tão importantes. Parabéns pela liderança.
3. Parabéns, futuro senador Helder! Esse protagonismo mostra o quanto seu trabalho tem reconhecimento além do Brasil.
4. Futuro senador Helder, é assim que se constrói um Pará forte, dialogando com o mundo. Parabéns pela atuação.",mensagem simples,2026-04-23 22:10:01.106+00,Engaja,251015655874706@lid,Engaja,2026-04-24 01:10:02.571237+00
1956,Pará,Engaja 2.0,Engaja 2.0 (Vermelha),120363419511068404@g.us,3AD68B37E98226C86537,"https://engaja.pro/23-04-engaja-05-b

Boa noite!

Vamos lá!
Curtir, comentar, compartilhar e salvar! 🚀

*Exemplos de comentários para usar como base (não copie, apenas se inspire).*

1. Parabéns, futuro senador Helder! Representando o Pará e a Amazônia no cenário internacional com muita competência.
2. Futuro senador Helder, que orgulho ver nosso estado sendo levado para debates tão importantes. Parabéns pela liderança.
3. Parabéns, futuro senador Helder! Esse protagonismo mostra o quanto seu trabalho tem reconhecimento além do Brasil.
4. Futuro senador Helder, é assim que se constrói um Pará forte, dialogando com o mundo. Parabéns pela atuação.",mensagem simples,2026-04-23 22:10:09.673+00,Engaja,251015655874706@lid,Engaja,2026-04-24 01:10:10.105766+00
1957,Pará,Engaja 2.0,Engaja 2.0 (Azul),120363422002705740@g.us,3AB68209623D0408D9E3,"https://engaja.pro/23-04-engaja-06-a

Boa noite!

Vamos lá!
Curtir, comentar, compartilhar e salvar! 🚀

*Exemplos de comentários para usar como base (não copie, apenas se inspire).*

1. Parabéns, governadora Hana! Que alegria ver mais uma Usina da Paz sendo entregue, transformando vidas de verdade.
2. Governadora Hana, esse trabalho é lindo de acompanhar. Mais um espaço que vai fazer diferença na vida de muita gente, parabéns.
3. Parabéns, governadora Hana! A Usina de Santa Izabel ficou incrível, é cuidado, oportunidade e dignidade chegando para o povo.
4. Governadora Hana, dá orgulho ver esse compromisso com as pessoas. A Usina da Paz é transformação real, parabéns por mais essa entrega.",mensagem simples,2026-04-23 22:14:41.85+00,Engaja,251015655874706@lid,Engaja,2026-04-24 01:14:42.231648+00
1958,Pará,Engaja 2.0,Engaja 2.0 (Vermelha),120363419511068404@g.us,3A83DB23289B9B2FF40A,"https://engaja.pro/23-04-engaja-06-b

Boa noite!

Vamos lá!
Curtir, comentar, compartilhar e salvar! 🚀

*Exemplos de comentários para usar como base (não copie, apenas se inspire).*

1. Parabéns, governadora Hana! Que alegria ver mais uma Usina da Paz sendo entregue, transformando vidas de verdade.
2. Governadora Hana, esse trabalho é lindo de acompanhar. Mais um espaço que vai fazer diferença na vida de muita gente, parabéns.
3. Parabéns, governadora Hana! A Usina de Santa Izabel ficou incrível, é cuidado, oportunidade e dignidade chegando para o povo.
4. Governadora Hana, dá orgulho ver esse compromisso com as pessoas. A Usina da Paz é transformação real, parabéns por mais essa entrega.",mensagem simples,2026-04-23 22:15:04.783+00,Engaja,251015655874706@lid,Engaja,2026-04-24 01:15:05.898399+00
1959,Pará,Engaja 2.0,Engaja 2.0 (Azul),120363422002705740@g.us,3ABE83E9E3F974D75095,"https://engaja.pro/23-04-engaja-07-a

Boa noite!

Vamos lá!
Curtir, comentar, compartilhar e salvar! 🚀

*Exemplos de comentários para usar como base (não copie, apenas se inspire).*

1. Parabéns, futuro senador Helder! Representando o Pará e a Amazônia no cenário internacional com muita competência.
2. Futuro senador Helder, que orgulho ver nosso estado sendo levado para debates tão importantes. Parabéns pela liderança.
3. Parabéns, futuro senador Helder! Esse protagonismo mostra o quanto seu trabalho tem reconhecimento além do Brasil.
4. Futuro senador Helder, é assim que se constrói um Pará forte, dialogando com o mundo. Parabéns pela atuação.",mensagem simples,2026-04-23 22:23:56.837+00,Engaja,251015655874706@lid,Engaja,2026-04-24 01:23:57.265325+00
1960,Pará,Engaja 2.0,Engaja 2.0 (Vermelha),120363419511068404@g.us,3A9FCC8334AA3FC2F85D,"https://engaja.pro/23-04-engaja-07-b

Boa noite!

Vamos lá!
Curtir, comentar, compartilhar e salvar! 🚀

*Exemplos de comentários para usar como base (não copie, apenas se inspire).*

1. Parabéns, futuro senador Helder! Representando o Pará e a Amazônia no cenário internacional com muita competência.
2. Futuro senador Helder, que orgulho ver nosso estado sendo levado para debates tão importantes. Parabéns pela liderança.
3. Parabéns, futuro senador Helder! Esse protagonismo mostra o quanto seu trabalho tem reconhecimento além do Brasil.
4. Futuro senador Helder, é assim que se constrói um Pará forte, dialogando com o mundo. Parabéns pela atuação.",mensagem simples,2026-04-23 22:24:12.283+00,Engaja,251015655874706@lid,Engaja,2026-04-24 01:24:12.653006+00
1963,Escalada,Conexão Escalada - Nível 2,Conexão Escalada - Nível 2,120363407337623196@g.us,3EB0CF2A362E8A708B6D52,"*Sexta-feira chegou e a gente tá como?* 🤯

Entre a correria das aulas, os desafios, a semana foi intensa, não é? 

Já passamos pelo nosso *Check-in no início da semana*, onde alinhamos expectativas e energia. 

Mas agora, antes de finalizar o dia: *O que você conseguiu destravar essa semana que parecia difícil na segunda-feira?*",mensagem simples,2026-04-24 10:19:23.111+00,Central Escalada,194674308468846@lid,Central Escalada,2026-04-24 13:19:23.530146+00
1964,Escalada,Rota de Crescimento - Nível 3,Rota de Crescimento - Nível 3,120363423283283910@g.us,3EB04FC2BB798C724B41A5,"*Sextouuuu!* 🤩

Agora que intensidade da semana está baixando, é hora de olhar para trás e respirar. 

Começamos a semana falando sobre o poder do 1% melhor a cada dia, aquela estratégia de não buscar a perfeição imediata, mas sim o pequeno ajuste constante.

Agora, no seu *Check-out da semana: Onde você foi 1% melhor?*",mensagem simples,2026-04-24 10:23:02.037+00,Central Escalada,194674308468846@lid,Central Escalada,2026-04-24 13:23:02.886193+00
1965,Pernambuco,Mobiliza PE,Mobiliza PE,120363405595256912@g.us,A59C887E41D27B409C1339C2719D9CFC,"E aí, galera! 💛

Chegou a segunda rodada de perfis de apoio a João Campos nos municípios de Pernambuco!

É muito importante que todos se sigam e façam collabs entre si.

Já cobrimos *156 municípios*! É 85% do nosso estado! 🚀💛

-----

*NOVOS PERFIS @TOCOMJOÃO — POR MUNICÍPIO* 🗺️ 
_(A primeira lista enviada está ao fim)_

*Abreu e Lima*
instagram.com/tocomjoaoabreuelima

*Afrânio*
instagram.com/tocomjoaoafranio

*Agrestina*
instagram.com/tocomjoaoagrestina

*Alagoinha*
instagram.com/tocomjoaoalagoinha

*Aliança*
instagram.com/tocomjoao.alianca

*Altinho*
instagram.com/tocomjoao.altinho

*Angelim*
instagram.com/tocomjoao.angelim

*Araçoiaba*
instagram.com/tocomjoao.aracoiaba

*Araripina*
instagram.com/tocomjoaoararipina

*Barra de Guabiraba*
instagram.com/tocomjoaobarra

*Barreiros*
instagram.com/tocomjoao.barreiros

*Belém do São Francisco*
instagram.com/tocomjoao.belemdosaofrancisco

*Belo Jardim*
instagram.com/tocomjoaobelojardim

*Betânia*
instagram.com/tocomjoao.betania

*Bodocó*
instagram.com/tocomjoaobodoco

*Bom Conselho*
instagram.com/tocomjoao.bomconselho

*Bom Jardim*
instagram.com/tocomjoao.bomjardim

*Bonito*
instagram.com/tocomjoao.bonito

*Brejão*
instagram.com/tocomjoaobrejao

*Brejinho*
instagram.com/tocomjoao.brejinho

*Brejo da Madre de Deus*
instagram.com/tocomjoaobrejomd

*Buenos Aires*
instagram.com/tocomjoao.buenos

*Cabrobó*
instagram.com/tocomjoaocabrobo

*Cachoeirinha*
instagram.com/tocomjoao.cachoeirinha

*Calçado*
instagram.com/tocomjoao.calcado

*Calumbi*
instagram.com/tocomjoao.calumbi

*Camaragibe*
instagram.com/tocomjoao.camaragibe

*Camocim de São Félix*
instagram.com/tocomjoaocamocimdesaofelix

*Camutanga*
instagram.com/tocomjoao.camutanga

*Canhotinho*
instagram.com/tocomjoao.canhotinho

*Capoeiras*
instagram.com/tocomjoao.capoeiras

*Carnaíba*
instagram.com/tocomjoaocarnaiba

*Carnaubeira da Penha*
instagram.com/tocomjoaocarnaubeiradapenha

*Carpina*
instagram.com/tocomjoao.carpina

*Caruaru*
instagram.com/tocomjoao.caruaru

*Casinhas*
instagram.com/tocomjoao.casinhas

*Cedro*
instagram.com/tocomjoaocedro

*Chã de Alegria*
instagram.com/tocomjoao.chadealegria

*Condado*
instagram.com/tocomjoaocondado

*Cumaru*
instagram.com/tocomjoao.cumaru

*Dormentes*
instagram.com/tocomjoaodormentes

*Exu*
instagram.com/tocomjoao.exu

*Floresta*
instagram.com/tocomjoaofloresta

*Frei Miguelinho*
instagram.com/tocomjoao.freimiguelinho

*Garanhuns*
instagram.com/tocomjoaogaranhuns

*Glória do Goitá*
instagram.com/tocomjoaogloriadogoita

*Iati*
instagram.com/tocomjoaoiati2026

*Ibimirim*
instagram.com/tocomjoao.ibimirim

*Ibirajuba*
instagram.com/tocomjoao.ibirajuba

*Iguaracy*
instagram.com/tocomjoaoiguaracy

*Inajá*
instagram.com/tocomjoao.inaja

*Ipojuca*
instagram.com/tocomjoao.ipojuca

*Itacuruba*
instagram.com/tocomjoao.itacuruba

*Itaíba*
instagram.com/tocomjoao.itaiba

*Itambé*
instagram.com/tocomjoao.itambe

*Itapetim*
instagram.com/tocomjoaoitapetim

*Itapissuma*
instagram.com/tocomjoao.itapissuma

*Itaquitinga*
instagram.com/tocomjoaoitaquitinga

*Jataúba*
instagram.com/tocomjoao.jatauba

*Jatobá*
instagram.com/tocomjoao.jatoba

*João Alfredo*
instagram.com/tocomjoaojoaoalfredo

*Jucati*
instagram.com/tocomjoaojucati

*Jurema*
instagram.com/tocomjoaojurema

*Lagoa de Itaenga*
instagram.com/tocomjoao.lagoadeitaenga

*Lagoa do Carro*
instagram.com/tocomjoao.lagoadocarro

*Lagoa do Ouro*
instagram.com/tocomjoao.lagoadoouro

*Lagoa dos Gatos*
instagram.com/tocomjoao.lagoadosgatos

*Lagoa Grande*
instagram.com/tocomjoao.lagoagrande

*Lajedo*
instagram.com/tocomjoao.lajedo

*Limoeiro*
instagram.com/tocomjoao.limoeiro

*Macaparana*
instagram.com/tocomjoaomacaparana

*Machados*
instagram.com/tocomjoaomachados

*Maraial*
instagram.com/tocomjoaomaraial

*Mirandiba*
instagram.com/tocomjoao.mirandiba

*Moreilândia*
instagram.com/tocomjoao.moreilandia

*Moreno*
instagram.com/tocomjoao.moreno

*Nazaré da Mata*
instagram.com/tocomjoao.nazaredamata

*Orobó*
instagram.com/tocomjoao.orobo

*Orocó*
instagram.com/tocomjoao.oroco

*Ouricuri*
instagram.com/tocomjoao.ouricuri

*Palmares*
instagram.com/palmarescomjoaocampos

*Palmeirina*
instagram.com/tocomjoao.palmeirina

*Paranatama*
instagram.com/tocomjoao.paranatama

*Parnamirim*
instagram.com/tocomjoaoparnamirim

*Passira*
instagram.com/tocomjoaopassira

*Paudalho*
instagram.com/tocomjoaopaudalho

*Pedra*
instagram.com/tocomjoaopedra

*Petrolândia*
instagram.com/tocomjoaopetrolandia

*Petrolina*
instagram.com/tocomjoaopetrolina

*Sairé*
instagram.com/tocomjoaosaire

*Salgadinho*
instagram.com/tocomjoaosalgadinho

*Salgueiro*
instagram.com/tocomjoaosalgueiro

*Saloá*
instagram.com/tocomjoaosaloa

*Santa Cruz*
instagram.com/tocomjoao.santacruz

*Santa Cruz da Baixa Verde*
instagram.com/tocomjoaoscruzbaixaverde

*São José do Belmonte*
instagram.com/belmontecomjoaocampos

*São Vicente Férrer*
instagram.com/tocomjoaosaovicenteferrer

*Serrita*
instagram.com/tocomjoaoserrita

*Sertânia*
instagram.com/sertaniacomjoaocampos

*Surubim*
instagram.com/tocomjoaosurubim

*Tabira*
instagram.com/tocomjoao.tabira

*Tacaratu*
instagram.com/tocomjoao.tacaratu

*Taquaritinga do Norte*
instagram.com/tocomjoaotaquaritingadonorte

*Terezinha*
instagram.com/tocomjoao.terezinha

*Terra Nova*
instagram.com/tocomjoao.terranova

*Timbaúba*
instagram.com/tocomjoaotimbauba

*Toritama*
instagram.com/tocomjoao.toritama

*Tracunhaém*
instagram.com/tocomjoao.tracunhaem

*Trindade*
instagram.com/tocomjoaotrindade

*Tupanatinga*
instagram.com/tocomjoaotupanatinga

*Tuparetama*
instagram.com/tocomjoao.tuparetama

*Venturosa*
instagram.com/tocomjoao.venturosa

*Verdejante*
instagram.com/tocomjoao.verdejante

*Vertente do Lério*
instagram.com/tocomjoao.vertentedolerio

*Vicência*
instagram.com/tocomjoao.vicencia

---

*Primeira Lista Enviada — PERFIS @TOCOMJOÃO — POR MUNICÍPIO* 🗺️

*Afogados da Ingazeira*
instagram.com/tocomjoaoafdaingazeira

*Água Preta*
instagram.com/agua_preta_com_joao_campos

*Águas Belas*
instagram.com/aguasbelas_com_joaocampos

*Amaraji*
instagram.com/amaraji_com_joaocampos

*Arcoverde*
instagram.com/tocomjoaoarcoverde

*Belém de Maria*
instagram.com/belemdemariacomjoaocampos

*Bezerros*
instagram.com/bezerroscomjoao

*Buíque*
instagram.com/tocomjoaobuique

*Cabo de Santo Agostinho*
instagram.com/cabo_com_joaocampos

*Caetés*
instagram.com/tocomjoaocaetes

*Catende* _(2 perfis)_
instagram.com/catendecomjoaocampos
instagram.com/catendecomjoao40

*Chã Grande*
instagram.com/chagrandecomjoaocampos

*Cortês*
instagram.com/cortescomjoaocampos

*Custódia*
instagram.com/custodia_com_joaocampos

*Escada*
instagram.com/escadacomjoaocampos

*Gameleira*
instagram.com/gameleiracomjoaocampos

*Goiana*
instagram.com/goianacomjoaocampos

*Gravatá*
instagram.com/tocomjoaogravata

*Ingazeira*
instagram.com/tocomjoaoingazeiraa

*Ipubi*
instagram.com/tocomjoaoipubii

*Jaqueira*
instagram.com/jaqueiracomjoaocampos

*Joaquim Nabuco*
instagram.com/joaquimnabucocomjoaocampos

*Jupi*
instagram.com/agrestecomjoao

*Manari*
instagram.com/manaricomjoaocampos

*Olinda*
instagram.com/olinda_com_joaocampos

*Panelas*
instagram.com/tocomjoaopanelas

*Paulista*
instagram.com/tocomjoaopaulista

*Pombos*
instagram.com/pomboscomjoaocampos

*Primavera*
instagram.com/primaveracomjoaocampos

*Riacho das Almas*
instagram.com/riacho.comjoao40

*Ribeirão*
instagram.com/ribeiraocomjoaocampos

*Rio Formoso*
instagram.com/tocomjoaorioformoso

*São José da Coroa Grande*
instagram.com/tocomjoaosanze

*São Lourenço da Mata*
instagram.com/tocomjoaosaolourenco

*Serra Talhada*
instagram.com/tocomjoaoserratalhada

*Sirinhaém*
instagram.com/sirinhaem_com_joaocampos

*Tacaimbó*
instagram.com/tocomjoaotacaimbo

*Tamandaré*
instagram.com/tamandarecomjoaocampos

*Triunfo*
instagram.com/tocomjoaotriunfo

*Vitória de Santo Antão*
instagram.com/vitoriacomjoaocampos

*Xexéu*
instagram.com/xexeucomjoaocampos

---

*PERFIS REGIONAIS*

*Sertão*
instagram.com/joaocamposnosertao

*Mata Sul*
instagram.com/matasulcomjoaocampos",mensagem simples,2026-04-24 10:24:41.568+00,Central Mobiliza,230150839005189@lid,Central Mobiliza,2026-04-24 13:24:42.503029+00
1966,Escalada,Laboratório de Projetos - Nível 4,Laboratório de Projetos - Nível 4,120363406643406079@g.us,3EB0C123C6AAA5CF42ECA5,"*Chegou galera, SEXTOUUU!!!* 🥳

A semana foi uma verdadeira maratona, e a gente encerra este ciclo com o olhar voltado para algo maior. 

No início da semana, começamos a nossa missão falando sobre #FuturoSustentável. 

Olhe para o seu redor e conta para a gente aqui embaixo: onde você enxergou a sustentabilidade acontecendo esta semana?",mensagem simples,2026-04-24 10:25:05.198+00,Central Escalada,194674308468846@lid,Central Escalada,2026-04-24 13:25:05.770907+00
1967,Escalada,Laboratório de Projetos - Nível 4,Laboratório de Projetos - Nível 4,120363406643406079@g.us,3EB0490762FD764D76DE6D,Que massa e ainda dá tempo!!,mensagem simples,2026-04-24 10:25:26.794+00,Central Escalada,194674308468846@lid,Central Escalada,2026-04-24 13:25:27.172152+00
1968,Pará,Engaja 2.0,Engaja 2.0 (Azul),120363422002705740@g.us,3A945B642E8813E08803,"https://engaja.pro/24-04-engaja-01-a

Boa tarde!

Vamos lá!
Curtir, comentar, compartilhar e salvar! 🚀

*Exemplos de comentários para usar como base (não copie, apenas se inspire).*

 1. Futuro senador Helder, é isso mesmo, liderança com trabalho, presença e compromisso com o povo. Parabéns pelo exemplo.
2. Parabéns, futuro senador Helder! Quem anda com você vê de perto o quanto você se dedica pelo Pará.
3. Futuro senador Helder, dá orgulho ver essa conexão com o povo e essa vontade de fazer mais. Parabéns pelo trabalho.
4. Parabéns, futuro senador Helder! Amor pelo Pará e muito trabalho, esse é o caminho e você mostra isso todos os dias.",mensagem simples,2026-04-24 12:19:06.552+00,Engaja,251015655874706@lid,Engaja,2026-04-24 15:19:07.078075+00
1969,Pará,Engaja 2.0,Engaja 2.0 (Vermelha),120363419511068404@g.us,3A254E18CF010D497C53,"https://engaja.pro/24-04-engaja-01-b

Boa tarde!

Vamos lá!
Curtir, comentar, compartilhar e salvar! 🚀

*Exemplos de comentários para usar como base (não copie, apenas se inspire).*

 1. Futuro senador Helder, é isso mesmo, liderança com trabalho, presença e compromisso com o povo. Parabéns pelo exemplo.
2. Parabéns, futuro senador Helder! Quem anda com você vê de perto o quanto você se dedica pelo Pará.
3. Futuro senador Helder, dá orgulho ver essa conexão com o povo e essa vontade de fazer mais. Parabéns pelo trabalho.
4. Parabéns, futuro senador Helder! Amor pelo Pará e muito trabalho, esse é o caminho e você mostra isso todos os dias.",mensagem simples,2026-04-24 12:19:17.255+00,Engaja,251015655874706@lid,Engaja,2026-04-24 15:19:17.602924+00
1970,Testes do Sendflow,#1 Teste,#1 Teste,120363409597036474@g.us,3EB0C2AF644147C6AE0B01A4B2362951DC691B46,Teste,mensagem simples,2026-04-24 14:06:08.758+00,Central de Engajamento,28806983217244@lid,Central de Engajamento,2026-04-24 17:06:09.242076+00
1971,Testes do Sendflow,#1 Teste,#1 Teste,120363409597036474@g.us,3EB01754714676B5F5C33EE049FF765EAED1AE9C,Mais um teste,mensagem simples,2026-04-24 14:06:09.165+00,Central de Engajamento,28806983217244@lid,Central de Engajamento,2026-04-24 17:06:09.624546+00
1972,Testes do Sendflow,#1 Teste,#1 Teste,120363409597036474@g.us,3EB037B5C259CA06B58D77680D70235C57F39250,📊 ENQUETE: Vote (Opções: 1 | 2),enquete,2026-04-24 14:06:09.523+00,Central de Engajamento,28806983217244@lid,Central de Engajamento,2026-04-24 17:06:10.00049+00
1973,Escalada,Conselho Escalada - Nível 5,Conselho Escalada - Nível 5,120363425561018159@g.us,3EB0734E72578047D1F364,"O Game Show é o evento que acontece sempre após a apuração dos TOP20 do mês flash. os alunos passam por desafios, até chegar no finalista.",mensagem simples,2026-04-24 14:36:16.725+00,Central Escalada,194674308468846@lid,Central Escalada,2026-04-24 17:36:17.005527+00
1974,Escalada,Conselho Escalada - Nível 5,Conselho Escalada - Nível 5,120363425561018159@g.us,3EB0D7A120CC60FBC10112,É incrível e todo mundo aqui pode assistir para entender um pouco mais.,mensagem simples,2026-04-24 14:36:31.075+00,Central Escalada,194674308468846@lid,Central Escalada,2026-04-24 17:36:31.453853+00
1975,Escalada,Conselho Escalada - Nível 5,Conselho Escalada - Nível 5,120363425561018159@g.us,3EB01ABC5E09A114E4C740,"Sim, os desafios são baseados nos conteúdos da plataforma, geralmente perguntas, quizzes...",mensagem simples,2026-04-24 14:37:28.859+00,Central Escalada,194674308468846@lid,Central Escalada,2026-04-24 17:37:29.145472+00
1976,Escalada,Conselho Escalada - Nível 5,Conselho Escalada - Nível 5,120363425561018159@g.us,3EB076EEDBF155C64000F1,"Isso, valeu galera!",mensagem simples,2026-04-24 14:39:33.624+00,Central Escalada,194674308468846@lid,Central Escalada,2026-04-24 17:39:33.799209+00
1977,Escalada,Rede Escalada,Rede Escalada,120363406995389389@g.us,3EB0F60EC82C6654356421,"*SEXTOU! E a bateria de vocês, tá em quantos %?* 🔋

Sobrevivemos a mais uma semana, guerreiros! Teve gente disparando no ranking e gente que, a essa altura, só quer abraçar o próprio travesseiro.",mensagem simples,2026-04-24 14:55:30.683+00,Central Escalada,194674308468846@lid,Central Escalada,2026-04-24 17:55:30.970142+00
1978,Escalada,Rede Escalada,Rede Escalada,120363406995389389@g.us,3EB018CD50F604256428,"📊 ENQUETE: Qual foi a sua energia nessa semana? (Opções: 🚀 Foguete não tem ré, produzi muito, bati metas e arrasei! | 🤡 Ri pra não chorar, mas o importante é que cheguei viva(o) | 🪫 Pelo amor de Deus, alguém me dá um sofá)",enquete,2026-04-24 14:56:04.918+00,Central Escalada,194674308468846@lid,Central Escalada,2026-04-24 17:56:05.264267+00
1979,Escalada,Conselho Escalada - Nível 5,Conselho Escalada - Nível 5,120363425561018159@g.us,3EB05376FBA135F5EF37A1,O GameShow vai acontecer dia 28/04 às 19h,mensagem simples,2026-04-24 15:21:17.75+00,Central Escalada,194674308468846@lid,Central Escalada,2026-04-24 18:21:18.184579+00
1980,Pará,Engaja 2.0,Engaja 2.0 (Azul),120363422002705740@g.us,3A1BDCD904E52A902CB5,"https://engaja.pro/24-04-engaja-02-a

1. Parabéns, futuro senador Helder! É assim que se faz política de verdade, ouvindo as pessoas e buscando soluções para quem vive da pesca.
2. Futuro senador Helder, esse diálogo é essencial. Garantir o direito dos pescadores é cuidar de quem sustenta tantas famílias. Parabéns pelo compromisso.
3. Parabéns, futuro senador Helder! Trabalho sério, com união e respeito, pensando em quem mais precisa. Isso faz toda a diferença.
4. Futuro senador Helder, é muito importante ver essa atenção com os pescadores e pescadoras. Liderança que escuta e resolve, parabéns.",mensagem simples,2026-04-24 18:37:25.157+00,Engaja,251015655874706@lid,Engaja,2026-04-24 21:37:25.489373+00
1981,Pará,Engaja 2.0,Engaja 2.0 (Vermelha),120363419511068404@g.us,3A284C8432D5BBC88612,"https://engaja.pro/24-04-engaja-02-b

1. Parabéns, futuro senador Helder! É assim que se faz política de verdade, ouvindo as pessoas e buscando soluções para quem vive da pesca.
2. Futuro senador Helder, esse diálogo é essencial. Garantir o direito dos pescadores é cuidar de quem sustenta tantas famílias. Parabéns pelo compromisso.
3. Parabéns, futuro senador Helder! Trabalho sério, com união e respeito, pensando em quem mais precisa. Isso faz toda a diferença.
4. Futuro senador Helder, é muito importante ver essa atenção com os pescadores e pescadoras. Liderança que escuta e resolve, parabéns.",mensagem simples,2026-04-24 18:37:35.483+00,Engaja,251015655874706@lid,Engaja,2026-04-24 21:37:35.845268+00
1982,Testes do Sendflow,#1 Teste,#1 Teste,120363409597036474@g.us,3EB0E439C566B62F642E6F45CA7BDB762265FE68,📊 ENQUETE: Bora ver (Opções: Opa | Eai),enquete,2026-04-24 19:00:11.464+00,Central de Engajamento,28806983217244@lid,Central de Engajamento,2026-04-24 22:00:13.419719+00
1983,Testes do Sendflow,#1 Teste,#1 Teste,120363409597036474@g.us,3EB09717C81FFA7889A5ECE0E1AC095972DF4B78,📊 ENQUETE: Mais um (Opções: Unhum | Talvez),enquete,2026-04-24 19:16:25.83+00,Central de Engajamento,28806983217244@lid,Central de Engajamento,2026-04-24 22:16:26.15365+00
1984,Pará,Engaja 2.0,Engaja 2.0 (Azul),120363422002705740@g.us,3A15F778E109125B382B,"https://engaja.pro/24-04-engaja-03-a

Boa noite!

Vamos lá!
Curtir, comentar, compartilhar e salvar! 🚀

*Exemplos de comentários para usar como base (não copie, apenas se inspire).*

1. Parabéns, governadora Hana! Cada Usina da Paz entregue é mais dignidade e oportunidade para o nosso povo.
2. Governadora Hana, é lindo ver esse trabalho acontecendo na prática. Mais inclusão e mais futuro para o Pará, parabéns.
3. Parabéns, governadora Hana! 28 Usinas já mostram o tamanho desse projeto que transforma vidas de verdade.
4. Governadora Hana, esse compromisso com as pessoas faz toda a diferença. Mais uma grande entrega, parabéns.",mensagem simples,2026-04-24 19:58:49.478+00,Engaja,251015655874706@lid,Engaja,2026-04-24 22:58:49.99913+00
1985,Pará,Engaja 2.0,Engaja 2.0 (Vermelha),120363419511068404@g.us,3ACCA14680377D2A05D0,"https://engaja.pro/24-04-engaja-03-b

Boa noite!

Vamos lá!
Curtir, comentar, compartilhar e salvar! 🚀

*Exemplos de comentários para usar como base (não copie, apenas se inspire).*

1. Parabéns, governadora Hana! Cada Usina da Paz entregue é mais dignidade e oportunidade para o nosso povo.
2. Governadora Hana, é lindo ver esse trabalho acontecendo na prática. Mais inclusão e mais futuro para o Pará, parabéns.
3. Parabéns, governadora Hana! 28 Usinas já mostram o tamanho desse projeto que transforma vidas de verdade.
4. Governadora Hana, esse compromisso com as pessoas faz toda a diferença. Mais uma grande entrega, parabéns.",mensagem simples,2026-04-24 19:59:06.332+00,Engaja,251015655874706@lid,Engaja,2026-04-24 22:59:06.709716+00
1986,Pará,Engaja 2.0,Engaja 2.0 (Azul),120363422002705740@g.us,3A6FADBFD58041817F0B,"https://engaja.pro/24-04-engaja-05-a

Boa noite!

Vamos lá!
Curtir, comentar, compartilhar e salvar! 🚀

*Exemplos de comentários para usar como base (não copie, apenas se inspire).*

1. Parabéns, futuro senador Helder! Transformação real na vida das pessoas.
2. Futuro senador Helder, trabalho que o povo sente. Parabéns.
3. Parabéns, futuro senador Helder! Mais dignidade chegando.
4. Futuro senador Helder, liderança que faz acontecer. Parabéns.",mensagem simples,2026-04-24 20:14:35.718+00,Engaja,251015655874706@lid,Engaja,2026-04-24 23:14:36.073253+00
1987,Pará,Engaja 2.0,Engaja 2.0 (Vermelha),120363419511068404@g.us,3A2CA175567686A535E7,"https://engaja.pro/24-04-engaja-05-b

Boa noite!

Vamos lá!
Curtir, comentar, compartilhar e salvar! 🚀

*Exemplos de comentários para usar como base (não copie, apenas se inspire).*

1. Parabéns, futuro senador Helder! Transformação real na vida das pessoas.
2. Futuro senador Helder, trabalho que o povo sente. Parabéns.
3. Parabéns, futuro senador Helder! Mais dignidade chegando.
4. Futuro senador Helder, liderança que faz acontecer. Parabéns.",mensagem simples,2026-04-24 20:14:42.277+00,Engaja,251015655874706@lid,Engaja,2026-04-24 23:14:42.740968+00
1988,Pará,Engaja 2.0,Engaja 2.0 (Azul),120363422002705740@g.us,3AB0A723EA7A19F72474,"https://engaja.pro/24-04-engaja-06-a

Boa noite!

Vamos lá!
Curtir, comentar, compartilhar e salvar! 🚀

*Exemplos de comentários para usar como base (não copie, apenas se inspire).*

1. Parabéns, governadora Hana! Um cuidado especial com quem mais precisa, isso faz toda a diferença.
2. Governadora Hana, que iniciativa linda. Cuidar das famílias atípicas é um gesto de respeito e inclusão. Parabéns.
3. Parabéns, governadora Hana! Mais uma ação que mostra sensibilidade e compromisso com o povo.
4. Governadora Hana, esse trabalho é essencial. Garantir direitos e acolhimento é transformar vidas. Parabéns.",mensagem simples,2026-04-24 22:07:43.951+00,Engaja,251015655874706@lid,Engaja,2026-04-25 01:07:44.506751+00
1989,Pará,Engaja 2.0,Engaja 2.0 (Vermelha),120363419511068404@g.us,3A7EB89BE25D118AF26B,"https://engaja.pro/24-04-engaja-06-b

Boa noite!

Vamos lá!
Curtir, comentar, compartilhar e salvar! 🚀

*Exemplos de comentários para usar como base (não copie, apenas se inspire).*

1. Parabéns, governadora Hana! Um cuidado especial com quem mais precisa, isso faz toda a diferença.
2. Governadora Hana, que iniciativa linda. Cuidar das famílias atípicas é um gesto de respeito e inclusão. Parabéns.
3. Parabéns, governadora Hana! Mais uma ação que mostra sensibilidade e compromisso com o povo.
4. Governadora Hana, esse trabalho é essencial. Garantir direitos e acolhimento é transformar vidas. Parabéns.",mensagem simples,2026-04-24 22:07:55.804+00,Engaja,251015655874706@lid,Engaja,2026-04-25 01:07:56.201355+00
1990,Pará,Engaja 2.0,Engaja 2.0 (Vermelha),120363419511068404@g.us,3A38C32123C9539ADC2A,"https://engaja.pro/25-04-engaja-01-b

Bom dia!

Vamos lá!
Curtir, comentar, compartilhar e salvar! 🚀

*Exemplos de comentários para usar como base (não copie, apenas se inspire).*

1. Parabéns, futuro senador Helder! Simplicidade e proximidade com o povo fazem toda a diferença.
2. Futuro senador Helder, é muito bom ver esse lado humano, perto das pessoas e valorizando esses momentos. Parabéns.
3. Parabéns, futuro senador Helder! Liderança que sabe trabalhar e também estar junto do povo.
4. Futuro senador Helder, esse jeito simples e presente conquista cada vez mais. Parabéns pelo exemplo.",mensagem simples,2026-04-25 11:14:18.739+00,Engaja,251015655874706@lid,Engaja,2026-04-25 14:14:19.115191+00
1991,Pará,Engaja 2.0,Engaja 2.0 (Azul),120363422002705740@g.us,3AE4D66EB8894ECF04D8,"https://engaja.pro/25-04-engaja-01-a

Bom dia!

Vamos lá!
Curtir, comentar, compartilhar e salvar! 🚀

*Exemplos de comentários para usar como base (não copie, apenas se inspire).*

1. Parabéns, futuro senador Helder! Simplicidade e proximidade com o povo fazem toda a diferença.
2. Futuro senador Helder, é muito bom ver esse lado humano, perto das pessoas e valorizando esses momentos. Parabéns.
3. Parabéns, futuro senador Helder! Liderança que sabe trabalhar e também estar junto do povo.
4. Futuro senador Helder, esse jeito simples e presente conquista cada vez mais. Parabéns pelo exemplo.",mensagem simples,2026-04-25 11:14:37.815+00,Engaja,251015655874706@lid,Engaja,2026-04-25 14:14:38.197055+00
1992,Pará,Engaja 2.0,Engaja 2.0 (Azul),120363422002705740@g.us,3A7EE10C6BE437119B59,"https://engaja.pro/25-04-engaja-02-a

Boa tarde!

Vamos lá!
Curtir, comentar, compartilhar e salvar! 🚀

*Exemplos de comentários para usar como base (não copie, apenas se inspire).*

1. Parabéns, governadora Hana! Um cuidado tão bonito com as famílias, isso transforma vidas de verdade.
2. Governadora Hana, que trabalho lindo. Inclusão, acolhimento e respeito na prática, parabéns.
3. Parabéns, governadora Hana! Ver esse carinho com as famílias atípicas emociona e mostra seu compromisso.
4. Governadora Hana, esse projeto é inspirador. Mais amor, mais cuidado e mais oportunidades, parabéns.",mensagem simples,2026-04-25 16:18:22.152+00,Engaja,251015655874706@lid,Engaja,2026-04-25 19:18:22.516002+00
1993,Pará,Engaja 2.0,Engaja 2.0 (Vermelha),120363419511068404@g.us,3AE5AE550C6198CBEA8A,"https://engaja.pro/25-04-engaja-02-b

Boa tarde!

Vamos lá!
Curtir, comentar, compartilhar e salvar! 🚀

*Exemplos de comentários para usar como base (não copie, apenas se inspire).*

1. Parabéns, governadora Hana! Um cuidado tão bonito com as famílias, isso transforma vidas de verdade.
2. Governadora Hana, que trabalho lindo. Inclusão, acolhimento e respeito na prática, parabéns.
3. Parabéns, governadora Hana! Ver esse carinho com as famílias atípicas emociona e mostra seu compromisso.
4. Governadora Hana, esse projeto é inspirador. Mais amor, mais cuidado e mais oportunidades, parabéns.",mensagem simples,2026-04-25 16:19:03.874+00,Engaja,251015655874706@lid,Engaja,2026-04-25 19:19:04.39122+00
1994,Pará,Engaja 2.0,Engaja 2.0 (Azul),120363422002705740@g.us,3AE92D553312C498DF19,"https://engaja.pro/25-04-engaja-03-a

Boa tarde!

Vamos lá!
Curtir, comentar, compartilhar e salvar! 🚀

*Exemplos de comentários para usar como base (não copie, apenas se inspire).*

1. Parabéns, futuro senador Helder! Que momento bonito, amor pelo Pará e pela família.
2. Futuro senador Helder, é muito bom ver esse lado humano e verdadeiro. Parabéns.
3. Parabéns, futuro senador Helder! Simplicidade, amor e conexão com o nosso estado.
4. Futuro senador Helder, além do trabalho, esses momentos mostram quem você é. Parabéns.",mensagem simples,2026-04-25 17:17:19.892+00,Engaja,251015655874706@lid,Engaja,2026-04-25 20:17:20.211121+00
1995,Pará,Engaja 2.0,Engaja 2.0 (Vermelha),120363419511068404@g.us,3AE9D491F1CE86A8CB2E,"https://engaja.pro/25-04-engaja-03-b

Boa tarde!

Vamos lá!
Curtir, comentar, compartilhar e salvar! 🚀

*Exemplos de comentários para usar como base (não copie, apenas se inspire).*

1. Parabéns, futuro senador Helder! Que momento bonito, amor pelo Pará e pela família.
2. Futuro senador Helder, é muito bom ver esse lado humano e verdadeiro. Parabéns.
3. Parabéns, futuro senador Helder! Simplicidade, amor e conexão com o nosso estado.
4. Futuro senador Helder, além do trabalho, esses momentos mostram quem você é. Parabéns.",mensagem simples,2026-04-25 17:17:34.686+00,Engaja,251015655874706@lid,Engaja,2026-04-25 20:17:34.994269+00
1996,Mato Grosso do Sul,Senador Nelsinho | CANAL OFICIAL,Senador Nelsinho | CANAL OFICIAL,120363423242767408@g.us,A5BB1BAC1E24880426265869B8249483,"Boa tarde, pessoal!
Espero que todos estejam bem por aí e aproveitando este sábado.",mensagem simples,2026-04-25 20:04:10.514+00,Senador Nelsinho Trad,148155450556608@lid,Senador Nelsinho Trad,2026-04-25 23:04:11.243351+00
1997,Mato Grosso do Sul,Senador Nelsinho | CANAL OFICIAL,Senador Nelsinho | CANAL OFICIAL,120363423242767408@g.us,A535452BFD35EC132DA979D84FBB4453,"Compartilho com vocês uma reflexão importante sobre o Frei Gilson. Acompanho o trabalho dele e vejo uma evangelização que faz muito bem ao nosso país.

Como médico, sei o poder que a fé tem no nosso cérebro e no discernimento para tomarmos decisões. Acusá-lo de misoginia é um equívoco, a palavra que ele prega busca o equilíbrio da família. Deixo aqui minha solidariedade ao Frei.",video,2026-04-25 20:05:11.703+00,Senador Nelsinho Trad,148155450556608@lid,Senador Nelsinho Trad,2026-04-25 23:05:12.344083+00
1998,Mato Grosso do Sul,Senador Nelsinho | CANAL OFICIAL,Senador Nelsinho | CANAL OFICIAL,120363423242767408@g.us,A521DC5702834E5D7A18189B8F75D262,Um ótimo fim de semana a todos! Que Deus abençoe vocês e suas famílias 🙏,mensagem simples,2026-04-25 20:06:19.281+00,Senador Nelsinho Trad,148155450556608@lid,Senador Nelsinho Trad,2026-04-25 23:06:19.653572+00
1999,Pará,Engaja 2.0,Engaja 2.0 (Azul),120363422002705740@g.us,3A1AAE9C2C2E8A8AA47F,"https://engaja.pro/25-04-engaja-04-a

Boa noite!

Vamos lá!
Curtir, comentar, compartilhar e salvar! 🚀

*Exemplos de comentários para usar como base (não copie, apenas se inspire).*

1. Parabéns, futuro senador Helder! Que orgulho ver Belém recebendo grandes eventos e você valorizando isso.
2. Futuro senador Helder, esse momento mostra como nossa capital está crescendo e ganhando destaque. Parabéns.
3. Parabéns, futuro senador Helder! Belém merece viver grandes experiências como essa.
4. Futuro senador Helder, é bonito ver o Pará sendo valorizado e ocupando seu espaço. Parabéns pelo trabalho.",mensagem simples,2026-04-25 22:21:42.701+00,Engaja,251015655874706@lid,Engaja,2026-04-26 01:21:43.220306+00
2000,Pará,Engaja 2.0,Engaja 2.0 (Vermelha),120363419511068404@g.us,3ADEC8B0F918D6FF525D,"https://engaja.pro/25-04-engaja-04-b

Boa noite!

Vamos lá!
Curtir, comentar, compartilhar e salvar! 🚀

*Exemplos de comentários para usar como base (não copie, apenas se inspire).*

1. Parabéns, futuro senador Helder! Que orgulho ver Belém recebendo grandes eventos e você valorizando isso.
2. Futuro senador Helder, esse momento mostra como nossa capital está crescendo e ganhando destaque. Parabéns.
3. Parabéns, futuro senador Helder! Belém merece viver grandes experiências como essa.
4. Futuro senador Helder, é bonito ver o Pará sendo valorizado e ocupando seu espaço. Parabéns pelo trabalho.",mensagem simples,2026-04-25 22:21:59.525+00,Engaja,251015655874706@lid,Engaja,2026-04-26 01:22:00.172804+00
2001,Pará,Engaja 2.0,Engaja 2.0 (Azul),120363422002705740@g.us,3AF1494B4AE5FE2042D2,"https://engaja.pro/26-04-engaja-01-a

Bom dia!

Vamos lá!
Curtir, comentar, compartilhar e salvar! 🚀

*Exemplos de comentários para usar como base (não copie, apenas se inspire).*

1. Que mensagem linda, governadora Hana. Fé, força e coragem definem muito bem a sua caminhada. Parabéns pela inspiração.
2. Governadora Hana, suas palavras tocam e mostram a força de quem segue firme todos os dias. Parabéns pelo exemplo.
3. É muito bonito ver essa fé e determinação, governadora Hana. Parabéns por inspirar tanta gente.
4. Governadora Hana, sua trajetória é prova de que com coragem e propósito tudo é possível. Parabéns.",mensagem simples,2026-04-26 10:08:50.995+00,Engaja,251015655874706@lid,Engaja,2026-04-26 13:08:51.754197+00
2002,Pará,Engaja 2.0,Engaja 2.0 (Vermelha),120363419511068404@g.us,3A6A6F84736A65041191,"https://engaja.pro/26-04-engaja-01-b

Bom dia!

Vamos lá!
Curtir, comentar, compartilhar e salvar! 🚀

*Exemplos de comentários para usar como base (não copie, apenas se inspire).*

1. Que mensagem linda, governadora Hana. Fé, força e coragem definem muito bem a sua caminhada. Parabéns pela inspiração.
2. Governadora Hana, suas palavras tocam e mostram a força de quem segue firme todos os dias. Parabéns pelo exemplo.
3. É muito bonito ver essa fé e determinação, governadora Hana. Parabéns por inspirar tanta gente.
4. Governadora Hana, sua trajetória é prova de que com coragem e propósito tudo é possível. Parabéns.",mensagem simples,2026-04-26 10:08:59.62+00,Engaja,251015655874706@lid,Engaja,2026-04-26 13:08:59.973657+00
2003,Mato Grosso do Sul,Senador Nelsinho | CANAL OFICIAL,Senador Nelsinho | CANAL OFICIAL,120363423242767408@g.us,3EB08661F66AE91A9EC544,"Boa tarde, amigos e amigas.

Passando aqui pra desejar um bom domingo a todos.

Estou embarcando agora para Montevidéu, onde vamos avançar nas tratativas sobre a internalização do acordo Mercosul–União Europeia. É uma pauta que vocês já vêm acompanhando e que temos defendido com prioridade no Congresso.

A expectativa é grande, especialmente para o nosso agronegócio, *com a projeção de um acréscimo de 5 bilhões de dólares por ano nas exportações.*
É mais *investimento e oportunidade de emprego chegando na ponta para quem precisa, que é o que importa de verdade.*

Depois vou atualizando vocês por aqui. Abraço!",video,2026-04-26 16:51:57.656+00,Senador Nelsinho Trad,148155450556608@lid,Senador Nelsinho Trad,2026-04-26 19:51:58.589213+00
2004,Mato Grosso do Sul,Senador Nelsinho | CANAL OFICIAL,Senador Nelsinho | CANAL OFICIAL,120363423242767408@g.us,3EB02650142451475F4954,"Quem passou pelo aeroporto de Campo Grande nestes últimos dias já deve ter visto: as três novas pontes de embarque, os famosos fingers, já estão funcionando.

*Atuamos firmemente junto à Aena desde o início, para garantir esse investimento. É uma questão de respeito com o passageiro, garantindo conforto e acessibilidade, faça sol ou faça chuva.* Campo Grande merece esse padrão de atendimento.",video,2026-04-26 16:55:43.121+00,Senador Nelsinho Trad,148155450556608@lid,Senador Nelsinho Trad,2026-04-26 19:55:43.668416+00
2005,Pará,Engaja 2.0,Engaja 2.0 (Azul),120363422002705740@g.us,3A449D4A6F3D16C85B06,"https://engaja.pro/26-04-engaja-02-a

Boa noite!

Vamos lá!
Curtir, comentar, compartilhar e salvar! 🚀

*Exemplos de comentários para usar como base (não copie, apenas se inspire).*

1. Que orgulho ver a cultura paraense sendo valorizada assim, governadora Hana. Parabéns por representar tão bem nosso estado.
2. Governadora Hana, você mostra que identidade e cultura também são força e pertencimento. Parabéns pela sensibilidade.
3. É lindo ver esse orgulho de ser paraense, governadora Hana. Parabéns por sempre valorizar nossas raízes.
4. Governadora Hana, o Pará é rico em cultura e você transmite isso com muita verdade. Parabéns pelo trabalho.",mensagem simples,2026-04-26 18:25:04.648+00,Engaja,251015655874706@lid,Engaja,2026-04-26 21:25:05.236125+00
2006,Pará,Engaja 2.0,Engaja 2.0 (Vermelha),120363419511068404@g.us,3AF982239831DCF1A89F,"https://engaja.pro/26-04-engaja-02-b

Boa noite!

Vamos lá!
Curtir, comentar, compartilhar e salvar! 🚀

*Exemplos de comentários para usar como base (não copie, apenas se inspire).*

1. Que orgulho ver a cultura paraense sendo valorizada assim, governadora Hana. Parabéns por representar tão bem nosso estado.
2. Governadora Hana, você mostra que identidade e cultura também são força e pertencimento. Parabéns pela sensibilidade.
3. É lindo ver esse orgulho de ser paraense, governadora Hana. Parabéns por sempre valorizar nossas raízes.
4. Governadora Hana, o Pará é rico em cultura e você transmite isso com muita verdade. Parabéns pelo trabalho.",mensagem simples,2026-04-26 18:25:13.375+00,Engaja,251015655874706@lid,Engaja,2026-04-26 21:25:13.77156+00
2007,Pará,Engaja 2.0,Engaja 2.0 (Azul),120363422002705740@g.us,3AB903DE86EC3FBB657C,"https://engaja.pro/26-04-engaja-03-a

Boa noite!

Vamos lá!
Curtir, comentar, compartilhar e salvar! 🚀

*Exemplos de comentários para usar como base (não copie, apenas se inspire).*

1. Governadora Hana, que atitude linda de reconhecimento e respeito. Parabéns pela sensibilidade com quem protege nosso povo.
2. Muito bonito ver esse carinho com a nossa segurança, governadora Hana. Parabéns pela valorização desses profissionais.
3. Governadora Hana, é inspirador ver esse respeito por quem cuida das nossas famílias todos os dias. Parabéns.
4. Parabéns, governadora Hana, por reconhecer o trabalho de homens e mulheres que fazem a diferença na segurança do Pará.",mensagem simples,2026-04-26 18:54:45.901+00,Engaja,251015655874706@lid,Engaja,2026-04-26 21:54:46.455493+00
2008,Pará,Engaja 2.0,Engaja 2.0 (Vermelha),120363419511068404@g.us,3A66064E4C847D80ED86,"https://engaja.pro/26-04-engaja-03-b

Boa noite!

Vamos lá!
Curtir, comentar, compartilhar e salvar! 🚀

*Exemplos de comentários para usar como base (não copie, apenas se inspire).*

1. Governadora Hana, que atitude linda de reconhecimento e respeito. Parabéns pela sensibilidade com quem protege nosso povo.
2. Muito bonito ver esse carinho com a nossa segurança, governadora Hana. Parabéns pela valorização desses profissionais.
3. Governadora Hana, é inspirador ver esse respeito por quem cuida das nossas famílias todos os dias. Parabéns.
4. Parabéns, governadora Hana, por reconhecer o trabalho de homens e mulheres que fazem a diferença na segurança do Pará.",mensagem simples,2026-04-26 18:54:54.089+00,Engaja,251015655874706@lid,Engaja,2026-04-26 21:54:54.38313+00
2009,Pará,Engaja 2.0,Engaja 2.0 (Vermelha),120363419511068404@g.us,3A6424BBC4268EEFE784,"https://engaja.pro/26-04-engaja-04-a

Boa noite!

Vamos lá!
Curtir, comentar, compartilhar e salvar! 🚀

*Exemplos de comentários para usar como base (não copie, apenas se inspire).*

 1. Que momento lindo em família, futuro senador Helder. Parabéns por valorizar o que realmente importa.
2. Futuro senador Helder, é muito bom ver esse lado humano e familiar. Parabéns pela simplicidade e pelo exemplo.
3. Família é tudo, e isso fica claro nessa imagem. Parabéns, futuro senador Helder, por esses valores.
4. Futuro senador Helder, momentos assim mostram quem você é de verdade. Parabéns pela família e pela caminhada.",mensagem simples,2026-04-26 20:24:29.052+00,Engaja,251015655874706@lid,Engaja,2026-04-26 23:24:29.477473+00
2010,Pará,Engaja 2.0,Engaja 2.0 (Azul),120363422002705740@g.us,3A71D29CEB2EAA2DB84E,"https://engaja.pro/26-04-engaja-04-a

Boa noite!

Vamos lá!
Curtir, comentar, compartilhar e salvar! 🚀

*Exemplos de comentários para usar como base (não copie, apenas se inspire).*

 1. Que momento lindo em família, futuro senador Helder. Parabéns por valorizar o que realmente importa.
2. Futuro senador Helder, é muito bom ver esse lado humano e familiar. Parabéns pela simplicidade e pelo exemplo.
3. Família é tudo, e isso fica claro nessa imagem. Parabéns, futuro senador Helder, por esses valores.
4. Futuro senador Helder, momentos assim mostram quem você é de verdade. Parabéns pela família e pela caminhada.",mensagem simples,2026-04-26 20:25:04.164+00,Engaja,251015655874706@lid,Engaja,2026-04-26 23:25:04.523866+00
2011,Escalada,Conexão Escalada - Nível 2,Conexão Escalada - Nível 2,120363407337623196@g.us,3EB077D2D02A19946A5A81,Buenos dias Galera!!! 🤩,mensagem simples,2026-04-27 10:42:21.049+00,Central Escalada,194674308468846@lid,Central Escalada,2026-04-27 13:42:21.362402+00
2012,Escalada,Conexão Escalada - Nível 2,Conexão Escalada - Nível 2,120363407337623196@g.us,3EB03E672C5C0DEE141811,"Concordo plenamente, Lídio. Mapear as ações da semana é fundamental para mantermos o foco e a clareza dos nosso próximos passos.",mensagem simples,2026-04-27 10:44:13.844+00,Central Escalada,194674308468846@lid,Central Escalada,2026-04-27 13:44:14.270152+00
2013,Escalada,Conexão Escalada - Nível 2,Conexão Escalada - Nível 2,120363407337623196@g.us,3EB0B17FC5F3673EC3F9F5,E falando sobre planejamento...,mensagem simples,2026-04-27 10:44:21.994+00,Central Escalada,194674308468846@lid,Central Escalada,2026-04-27 13:44:22.37534+00
2014,Escalada,Conexão Escalada - Nível 2,Conexão Escalada - Nível 2,120363407337623196@g.us,3EB0CC7FAA081D834B91C6,"Nessa semana é comemorado o Dia do Trabalhador, e aqui no Escalada a gente não fica só no sonho: a gente constrói o caminho.

*MISSÃO (+10 pontos):*
1️⃣ Reflita: qual carreira ou área você quer dominar no futuro?
2️⃣ O que você aprendeu nas trilhas do Escalada que te aproxima desse objetivo?
3️⃣ Poste na plataforma a sua reflexão.

*Regra:* Adicione a *#PlanoFuturo* para pontuar. Válido até 29/04.

Ainda não sabe o que quer fazer no futuro? Faça o seu post contando quais são as suas habilidades e áreas você tem afinidade, adicione a # e vamos te ajudar.

 *Vamos pra cima?* 🚀",mensagem simples,2026-04-27 10:45:15.004+00,Central Escalada,194674308468846@lid,Central Escalada,2026-04-27 13:45:15.697673+00
2015,Escalada,Conexão Escalada - Nível 2,Conexão Escalada - Nível 2,120363407337623196@g.us,3EB0E056C76BDCCEC1C65C,"Ainda não sabe o que quer fazer no futuro? Faça o seu post contando quais são as suas habilidades e áreas você tem afinidade, adicione a # e vamos te ajudar.

 *Vamos pra cima?* 🚀",mensagem simples,2026-04-27 10:46:23.028+00,Central Escalada,194674308468846@lid,Central Escalada,2026-04-27 13:46:23.410957+00
2016,Escalada,Rota de Crescimento - Nível 3,Rota de Crescimento - Nível 3,120363423283283910@g.us,3EB08DF0346CEB47D37AD6,"Fala Galera! Nessa semana, em clima de Dia do Trabalhador, seu papel é ser um estrategista, vamos identificar as competências da área ou carreria que você quer seguir no futuro.

*MISSÃO (+15 pontos):*

1️⃣ Escolha uma profissão que você admira.

2️⃣ Identifique 3 habilidades técnicas ou comportamentais que esse profissional precisa ter.

3️⃣ Conecte essas habilidades com o que você aprende no Escalada e faça um post.

*Regra:* Adicione a hashtag *#EstrategistaEscalada* para pontuar. Válido até 29/04.

Essa trilha é o seu primeiro mapa para chegar no objetivo. Vamos nessa? 🚀",mensagem simples,2026-04-27 11:05:54.509+00,Central Escalada,194674308468846@lid,Central Escalada,2026-04-27 14:05:54.790001+00
2017,Escalada,Rota de Crescimento - Nível 3,Rota de Crescimento - Nível 3,120363423283283910@g.us,3EB0B9B1CCD43EC7C476F1,"@252484165623823 Conta pra gente, o que você quer ser no futuro?",mensagem simples,2026-04-27 11:06:22.596+00,Central Escalada,194674308468846@lid,Central Escalada,2026-04-27 14:06:22.849596+00
2018,Escalada,Laboratório de Projetos - Nível 4,Laboratório de Projetos - Nível 4,120363406643406079@g.us,3EB05755FF469B0CDB4257,Bom dia galera!!!,mensagem simples,2026-04-27 11:16:52.607+00,Central Escalada,194674308468846@lid,Central Escalada,2026-04-27 14:16:52.959659+00
2019,Escalada,Laboratório de Projetos - Nível 4,Laboratório de Projetos - Nível 4,120363406643406079@g.us,3EB087A7CB8F5276F2CB4D,"Realmente, sabemos o quanto é essencial e esses momentos nos fazer refletir sobre o valor de algo tão importante na nossa vida.",mensagem simples,2026-04-27 11:17:43.551+00,Central Escalada,194674308468846@lid,Central Escalada,2026-04-27 14:17:43.872674+00
2020,Escalada,Laboratório de Projetos - Nível 4,Laboratório de Projetos - Nível 4,120363406643406079@g.us,3EB00FDC7EFD883423B82B,Super entendo a correria e falando em trabalho...,mensagem simples,2026-04-27 11:18:05.452+00,Central Escalada,194674308468846@lid,Central Escalada,2026-04-27 14:18:05.766491+00
2021,Pará,Engaja 2.0,Engaja 2.0 (Vermelha),120363419511068404@g.us,3AF92758120DE7176155,"https://engaja.pro/27-04-engaja-01-b

Bom dia!

Vamos lá!
Curtir, comentar, compartilhar e salvar! 🚀

*Exemplos de comentários para usar como base (não copie, apenas se inspire).*

 1. Começando a semana com esse foco é inspirador, futuro senador Helder. Parabéns pela dedicação de sempre.
2. Futuro senador Helder, disciplina e propósito fazem toda a diferença. Parabéns pelo exemplo.
3. Que energia boa para iniciar a semana, futuro senador Helder. Parabéns pelo trabalho constante.
4. Futuro senador Helder, é isso que a gente espera de quem faz a diferença. Parabéns pela liderança.",mensagem simples,2026-04-27 11:18:41.126+00,Engaja,251015655874706@lid,Engaja,2026-04-27 14:18:41.871029+00
2022,Pará,Engaja 2.0,Engaja 2.0 (Azul),120363422002705740@g.us,3A29E4ED35CE0AE0EF84,"https://engaja.pro/27-04-engaja-01-a

Bom dia!

Vamos lá!
Curtir, comentar, compartilhar e salvar! 🚀

*Exemplos de comentários para usar como base (não copie, apenas se inspire).*

 1. Começando a semana com esse foco é inspirador, futuro senador Helder. Parabéns pela dedicação de sempre.
2. Futuro senador Helder, disciplina e propósito fazem toda a diferença. Parabéns pelo exemplo.
3. Que energia boa para iniciar a semana, futuro senador Helder. Parabéns pelo trabalho constante.
4. Futuro senador Helder, é isso que a gente espera de quem faz a diferença. Parabéns pela liderança.",mensagem simples,2026-04-27 11:18:53.339+00,Engaja,251015655874706@lid,Engaja,2026-04-27 14:18:53.831431+00
2023,Escalada,Laboratório de Projetos - Nível 4,Laboratório de Projetos - Nível 4,120363406643406079@g.us,3EB030A6D5D5CD7E013813,"Nessa semana é comemorado o dia do trabalhador e o ""assunto do momento"" entre os profissionais, é sobre a *entrega resultados mais inteligentes*. 

Estamos na era do *Work-Smart*: usar estratégia e tecnologia para fazer o que muito tempo, ser feito em horas (ou minutos).

*MISSÃO (+20 pontos):*
1️⃣ Identifique uma tarefa rotineira (de estudo ou trabalho) que você gasta tempo demais fazendo.

2️⃣ Aplique uma técnica ou ferramenta (IA, organização de fluxo…) aprendida no Escalada para ""hackear"" essa tarefa.

3️⃣ Poste o seu ""antes e depois"" da eficiência.

*Regra:* Adicione *#WorkSmart* para pontuar. Válido até 29/04.

 *Qual processo você vai hackear hoje?  🚀*",mensagem simples,2026-04-27 11:19:05.807+00,Central Escalada,194674308468846@lid,Central Escalada,2026-04-27 14:19:06.261932+00
2024,Pará,Engaja 2.0,Engaja 2.0 (Azul),120363422002705740@g.us,3AD66AE4390ED909CA20,"https://engaja.pro/27-04-engaja-02-a

Bom dia!

Vamos lá!
Curtir, comentar, compartilhar e salvar! 🚀

*Exemplos de comentários para usar como base (não copie, apenas se inspire).*

1. Governadora Hana, sua sinceridade e força inspiram. Parabéns por seguir firme mesmo nos dias difíceis.
2. Nem sempre é fácil, mas sua dedicação faz a diferença, governadora Hana. Parabéns pela coragem e compromisso.
3. Governadora Hana, é admirável ver essa constância e responsabilidade com o povo. Parabéns pela sua caminhada.
4. Sua mensagem mostra humanidade e força, governadora Hana. Parabéns por nunca desistir de fazer o melhor.",mensagem simples,2026-04-27 11:19:21.45+00,Engaja,251015655874706@lid,Engaja,2026-04-27 14:19:21.781151+00
2025,Escalada,Laboratório de Projetos - Nível 4,Laboratório de Projetos - Nível 4,120363406643406079@g.us,3EB00540A9200016565A6E,@169909292122300 Qual processo no projeto você acha que pode ser ainda melhor?,mensagem simples,2026-04-27 11:19:54.814+00,Central Escalada,194674308468846@lid,Central Escalada,2026-04-27 14:19:55.130934+00
2026,Pará,Engaja 2.0,Engaja 2.0 (Vermelha),120363419511068404@g.us,3A9F74472C51EDAABD1E,"https://engaja.pro/27-04-engaja-02-a

Bom dia!

Vamos lá!
Curtir, comentar, compartilhar e salvar! 🚀

*Exemplos de comentários para usar como base (não copie, apenas se inspire).*

1. Governadora Hana, sua sinceridade e força inspiram. Parabéns por seguir firme mesmo nos dias difíceis.
2. Nem sempre é fácil, mas sua dedicação faz a diferença, governadora Hana. Parabéns pela coragem e compromisso.
3. Governadora Hana, é admirável ver essa constância e responsabilidade com o povo. Parabéns pela sua caminhada.
4. Sua mensagem mostra humanidade e força, governadora Hana. Parabéns por nunca desistir de fazer o melhor.",mensagem simples,2026-04-27 11:21:07.237+00,Engaja,251015655874706@lid,Engaja,2026-04-27 14:21:07.850078+00
2027,Escalada,Conselho Escalada - Nível 5,Conselho Escalada - Nível 5,120363425561018159@g.us,3EB08BC0F4449235A0C291,"Buenos dias, chicos!

Estamos na era do *Work-Smart*: otimizar as tarefas para concluir em pouco tempo. O verdadeiro empreendedor é aquele que transforma o caos em sistema. Em 2026, empresas estão buscando quem otimiza o processo.

*MISSÃO (+25 pontos):*
1️⃣ Identifique um processo ou fluxo de trabalho no seu grupo, escola ou projeto que poderia ser muito mais eficiente.

2️⃣ Proponha uma ""Regra de Ouro"" ou uma ferramenta de automação/IA que resolveria esse gargalo coletivo.

3️⃣ Publique na plataforma, comunique sua proposta de forma assertiva (como um líder que busca o alto desempenho).

Regra: Adicione *#LiderancaWork* para pontuar. Válido até 29/04.",mensagem simples,2026-04-27 11:34:01.131+00,Central Escalada,194674308468846@lid,Central Escalada,2026-04-27 14:34:02.16887+00
2028,Escalada,Conselho Escalada - Nível 5,Conselho Escalada - Nível 5,120363425561018159@g.us,3EB02DB3DC701DA79A1EAE,"Se você tivesse que mudar um único processo na sua rotina hoje, qual seria o primeiro a ser otimizado?",mensagem simples,2026-04-27 11:35:47.615+00,Central Escalada,194674308468846@lid,Central Escalada,2026-04-27 14:35:48.002727+00
2029,Pernambuco,Mobiliza PE,Mobiliza PE,120363405595256912@g.us,3EB0CAA39FB2E00BDCF42B,(Mensagem de mídia sem texto),imagem,2026-04-27 12:19:37.096+00,Mobiliza PE,270862800433165@lid,Mobiliza PE,2026-04-27 15:19:37.570121+00
2030,Pernambuco,Mobiliza,Mobiliza,120363425016992076@g.us,3EB08ECB4A2450BCD0A9F5,(Mensagem de mídia sem texto),imagem,2026-04-27 12:20:28.832+00,Mobiliza PE,270862800433165@lid,Mobiliza PE,2026-04-27 15:20:29.527864+00
2031,Pará,Engaja 2.0,Engaja 2.0 (Azul),120363422002705740@g.us,3AD0B9E46678A5534C94,"https://engaja.pro/27-04-engaja-03-a

Boa tarde!

Vamos lá!
Curtir, comentar, compartilhar e salvar! 🚀

*Exemplos de comentários para usar como base (não copie, apenas se inspire).*

1. Governadora Hana, você realmente transmite força e confiança. Parabéns pela liderança e pelo exemplo diário.
2. Nem sempre é fácil, mas você mostra que é possível seguir firme, governadora Hana. Parabéns pela coragem.
3. Governadora Hana, sua dedicação e responsabilidade fazem a diferença na vida das pessoas. Parabéns.
4. É admirável ver como você enfrenta os desafios com tanta firmeza, governadora Hana. Parabéns pelo trabalho.",mensagem simples,2026-04-27 12:44:46.657+00,Engaja,251015655874706@lid,Engaja,2026-04-27 15:44:46.955727+00
2032,Pará,Engaja 2.0,Engaja 2.0 (Vermelha),120363419511068404@g.us,3A090098BDE2CDA7AEBF,"https://engaja.pro/27-04-engaja-03-b

Boa tarde!

Vamos lá!
Curtir, comentar, compartilhar e salvar! 🚀

*Exemplos de comentários para usar como base (não copie, apenas se inspire).*

1. Governadora Hana, você realmente transmite força e confiança. Parabéns pela liderança e pelo exemplo diário.
2. Nem sempre é fácil, mas você mostra que é possível seguir firme, governadora Hana. Parabéns pela coragem.
3. Governadora Hana, sua dedicação e responsabilidade fazem a diferença na vida das pessoas. Parabéns.
4. É admirável ver como você enfrenta os desafios com tanta firmeza, governadora Hana. Parabéns pelo trabalho.",mensagem simples,2026-04-27 12:45:36.779+00,Engaja,251015655874706@lid,Engaja,2026-04-27 15:45:37.067053+00
2033,Escalada,Conexão Escalada - Nível 2,Conexão Escalada - Nível 2,120363407337623196@g.us,3EB07781174887DF043DF8,Vocês podem publicar nesse espaço: https://escaladaedu.circle.so/c/publicacoes-cpv/,mensagem simples,2026-04-27 13:17:21.375+00,Central Escalada,194674308468846@lid,Central Escalada,2026-04-27 16:17:21.656472+00
2034,Escalada,Conselho Escalada - Nível 5,Conselho Escalada - Nível 5,120363425561018159@g.us,3EB0599922C1AC088B6E01,Que energia sensacional!,mensagem simples,2026-04-27 14:15:00.845+00,Central Escalada,194674308468846@lid,Central Escalada,2026-04-27 17:15:04.118622+00
2035,Escalada,Conselho Escalada - Nível 5,Conselho Escalada - Nível 5,120363425561018159@g.us,3EB04551123DBEB0D400D2,É muito gratificante quando um trabalho deixa de ser apenas uma tarefa e vira uma oportunidade de aplicar aquilo que a gente ama fazer.,mensagem simples,2026-04-27 14:15:20.938+00,Central Escalada,194674308468846@lid,Central Escalada,2026-04-27 17:15:21.409834+00
2036,Escalada,Conselho Escalada - Nível 5,Conselho Escalada - Nível 5,120363425561018159@g.us,3EB01C0469DDE463C96FCF,"Sei que você contou um pouco sobre isso na missão, mas conta pra gente aqui, como essa afinidade pela eficiência nasceu?",mensagem simples,2026-04-27 14:16:56.392+00,Central Escalada,194674308468846@lid,Central Escalada,2026-04-27 17:16:56.780886+00
2037,Escalada,Conexão Escalada - Nível 2,Conexão Escalada - Nível 2,120363407337623196@g.us,3EB08D1F42C599A66F387C,"Que massa, Mayron!!!",mensagem simples,2026-04-27 14:18:56.899+00,Central Escalada,194674308468846@lid,Central Escalada,2026-04-27 17:18:57.199641+00
2038,Escalada,Conexão Escalada - Nível 2,Conexão Escalada - Nível 2,120363407337623196@g.us,3EB09DD3E4836E864736DF,"Grande escolha e que bom saber que você tem como objetivo ser um ""Arquiteto de soluções"", é bem interessante, como isso funciona na prática?",mensagem simples,2026-04-27 14:18:58.928+00,Central Escalada,194674308468846@lid,Central Escalada,2026-04-27 17:18:59.366597+00
2039,Escalada,Rede Escalada,Rede Escalada,120363406995389389@g.us,3EB0BDBFC7C56690D0DE07,"*🚨 Bateu o FOMO aqui e eu me recuso a sofrer sozinha!*

Abri a plataforma e fiquei em choque. Tá rolando MUITO post legal, a galera tá entregando tudo nas ideias e eu tô me sentindo pra trás só de piscar! 🔥

Se você ainda não entrou lá hoje, sinto te informar, mas você tá perdendo as melhores conversas. Não fica boiando aí!

👉 Corre pra ver o que tá rolando: escaladaedu.circle.so/feed",mensagem simples,2026-04-27 16:03:26.37+00,Central Escalada,194674308468846@lid,Central Escalada,2026-04-27 19:03:26.853058+00
2040,Pernambuco,Mobiliza,Mobiliza,120363425016992076@g.us,A5B0562E14F666E4AD852C1D462B83CE,(Mensagem de mídia sem texto),video,2026-04-27 16:14:35.5+00,Central Mobiliza,230150839005189@lid,Central Mobiliza,2026-04-27 19:14:36.057013+00
2041,Pernambuco,Mobiliza,Mobiliza,120363425016992076@g.us,A5F356C8E8F9123AEDDB2E0126B8919D,"Boa tarde, galera!

Muito importante compartilharmos geral esse vídeo, tá? Denúncia grave! 🚨",mensagem simples,2026-04-27 16:15:42.615+00,Central Mobiliza,230150839005189@lid,Central Mobiliza,2026-04-27 19:15:43.020104+00
2042,Pernambuco,Mobiliza PE,Mobiliza PE,120363405595256912@g.us,3EB0CAD02D9385076FD40D,"📊 ENQUETE: Bora meu povo, fim de tarde e tamos juntos na caminhada! Como tá o ritmo por aí? (Opções: Tô voando! Pode mandar mais missão! 🚀💛 | Tá bom, mas queria uma ajuda com as missões e compartilhamento 🥹)",enquete,2026-04-27 18:00:58.024+00,Mobiliza PE,53610285162643@lid,Mobiliza PE,2026-04-27 21:00:58.888065+00
2043,Pará,Engaja 2.0,Engaja 2.0 (Azul),120363422002705740@g.us,3A15C6E778DB7C6AD504,"https://engaja.pro/27-04-engaja-04-a

Boa noite!

Vamos lá!
Curtir, comentar, compartilhar e salvar! 🚀

*Exemplos de comentários para usar como base (não copie, apenas se inspire).*

1. Parabéns, governadora Hana. Transformando vidas com ações reais.
2. Governadora Hana, isso é dignidade na prática. Parabéns.
3. Que trabalho necessário, governadora Hana. Parabéns pela entrega.
4. Governadora Hana, cuidado que faz diferença. Parabéns.",mensagem simples,2026-04-27 18:17:53.369+00,Engaja,251015655874706@lid,Engaja,2026-04-27 21:17:53.729863+00
2044,Pará,Engaja 2.0,Engaja 2.0 (Vermelha),120363419511068404@g.us,3A36F1AF4226AD1292B3,"https://engaja.pro/27-04-engaja-04-b

Boa noite!

Vamos lá!
Curtir, comentar, compartilhar e salvar! 🚀

*Exemplos de comentários para usar como base (não copie, apenas se inspire).*

1. Parabéns, governadora Hana. Transformando vidas com ações reais.
2. Governadora Hana, isso é dignidade na prática. Parabéns.
3. Que trabalho necessário, governadora Hana. Parabéns pela entrega.
4. Governadora Hana, cuidado que faz diferença. Parabéns.",mensagem simples,2026-04-27 18:18:04.326+00,Engaja,251015655874706@lid,Engaja,2026-04-27 21:18:04.983358+00
2045,Pará,Engaja 2.0,Engaja 2.0 (Azul),120363422002705740@g.us,3A7A84DB3C22E9C23272,"https://engaja.pro/27-04-engaja-06-a

Boa noite!

Vamos lá!
Curtir, comentar, compartilhar e salvar! 🚀

*Exemplos de comentários para usar como base (não copie, apenas se inspire).*

1. Parabéns, governadora Hana. Trabalho sério que fortalece nosso estado.
2. Governadora Hana, parceria que gera desenvolvimento. Parabéns.
3. Que agenda importante, governadora Hana. Parabéns pelo compromisso.
4. Governadora Hana, valorizando quem produz. Parabéns pelo trabalho",mensagem simples,2026-04-27 20:21:41.316+00,Engaja,251015655874706@lid,Engaja,2026-04-27 23:21:41.641868+00
2046,Pará,Engaja 2.0,Engaja 2.0 (Vermelha),120363419511068404@g.us,3A4B7C80AB9E8C4C6859,"https://engaja.pro/27-04-engaja-06-b

Boa noite!

Vamos lá!
Curtir, comentar, compartilhar e salvar! 🚀

*Exemplos de comentários para usar como base (não copie, apenas se inspire).*

1. Parabéns, governadora Hana. Trabalho sério que fortalece nosso estado.
2. Governadora Hana, parceria que gera desenvolvimento. Parabéns.
3. Que agenda importante, governadora Hana. Parabéns pelo compromisso.
4. Governadora Hana, valorizando quem produz. Parabéns pelo trabalho",mensagem simples,2026-04-27 20:21:59.732+00,Engaja,251015655874706@lid,Engaja,2026-04-27 23:22:00.06705+00
2047,Pará,Engaja 2.0,Engaja 2.0 (Azul),120363422002705740@g.us,3AF548123011FACDDE66,"https://engaja.pro/27-04-engaja-07-a

Boa noite!

Vamos lá!
Curtir, comentar, compartilhar e salvar! 🚀

*Exemplos de comentários para usar como base (não copie, apenas se inspire).*

1. Parabéns, futuro senador Helder. Trabalho sério e compromisso com o Pará.
2. Futuro senador Helder, é bonito ver esse esforço em unir forças pelo nosso estado. Parabéns.
3. Grande liderança, futuro senador Helder. Parabéns por fortalecer parcerias que fazem a diferença.
4. Futuro senador Helder, esse é o caminho: diálogo e união. Parabéns pelo trabalho.",mensagem simples,2026-04-27 22:44:12.279+00,Engaja,251015655874706@lid,Engaja,2026-04-28 01:44:12.67851+00
2048,Pará,Engaja 2.0,Engaja 2.0 (Vermelha),120363419511068404@g.us,3AF58FB7BE0EE51E8D32,"https://engaja.pro/27-04-engaja-07-b

Boa noite!

Vamos lá!
Curtir, comentar, compartilhar e salvar! 🚀

*Exemplos de comentários para usar como base (não copie, apenas se inspire).*

1. Parabéns, futuro senador Helder. Trabalho sério e compromisso com o Pará.
2. Futuro senador Helder, é bonito ver esse esforço em unir forças pelo nosso estado. Parabéns.
3. Grande liderança, futuro senador Helder. Parabéns por fortalecer parcerias que fazem a diferença.
4. Futuro senador Helder, esse é o caminho: diálogo e união. Parabéns pelo trabalho.",mensagem simples,2026-04-27 22:44:20.217+00,Engaja,251015655874706@lid,Engaja,2026-04-28 01:44:20.568051+00
2049,Pernambuco,Mobiliza,Mobiliza,120363425016992076@g.us,A507A1E627B460D5C61452A014297857,(Mensagem de mídia sem texto),imagem,2026-04-28 08:14:45.787+00,Central Mobiliza,230150839005189@lid,Central Mobiliza,2026-04-28 11:14:46.059695+00
2050,Pernambuco,Mobiliza,Mobiliza,120363425016992076@g.us,A544CF172D34C15FABDA2EEE7266FF58,"*Que bom dia é esse?* 💛💛💛💛💛

Bora compartilhar, galera! 🚀",mensagem simples,2026-04-28 08:14:50.394+00,Central Mobiliza,230150839005189@lid,Central Mobiliza,2026-04-28 11:14:50.719971+00
2051,Pernambuco,Mobiliza PE,Mobiliza PE,120363405595256912@g.us,A5F2784D1258658DB385ECD8CB4C62A0,(Mensagem de mídia sem texto),imagem,2026-04-28 08:15:23.746+00,Central Mobiliza,230150839005189@lid,Central Mobiliza,2026-04-28 11:15:24.152646+00
2052,Pernambuco,Mobiliza PE,Mobiliza PE,120363405595256912@g.us,A5C9104EF8EBE47767E66C125266C1A5,"*Que bom dia é esse?* 💛💛💛💛💛

Bora compartilhar, galera! 🚀",mensagem simples,2026-04-28 08:15:26.825+00,Central Mobiliza,230150839005189@lid,Central Mobiliza,2026-04-28 11:15:29.245466+00
2053,Pernambuco,Mobiliza PE,Mobiliza PE,120363405595256912@g.us,3EB040FEF78F411142DE6F,"🚨*MISSÃO TRIPLA NA ÁREA*🚨

*É NO PRIMEIRO TURNO!*  A pesquisa confirmou o que a gente já sente nas ruas de cada canto desse estado, *é João Campos liderando com 52,5 % nos votos válidos.*

O trabalho que transformou o Recife agora aponta o caminho para Pernambuco todo.

1️⃣ Link: https://engaja.pro/missaope03-28-04
2️⃣ Link: https://engaja.pro/missaope02-28-04
3️⃣ Link: https://engaja.pro/missaope04-28-04

*Vamos iniciar o dia comentando bastante NOS TRÊS LINKS! Simbora #PEpraFrente!* 🚀💛",mensagem simples,2026-04-28 08:45:59.537+00,Mobiliza PE,53610285162643@lid,Mobiliza PE,2026-04-28 11:46:00.136635+00
2055,Pernambuco,Mobiliza,Mobiliza,120363425016992076@g.us,3EB0DCD4A735EF4D8541E9,"🚨*MISSÃO TRIPLA NA ÁREA*🚨

*É NO PRIMEIRO TURNO!*  A pesquisa confirmou o que a gente já sente nas ruas de cada canto desse estado, *é João Campos liderando com 52,5 % nos votos válidos.*

O trabalho que transformou o Recife agora aponta o caminho para Pernambuco todo.

1️⃣ Link: https://engaja.pro/missaope03-28-04
2️⃣ Link: https://engaja.pro/missaope02-28-04
3️⃣ Link: https://engaja.pro/missaope04-28-04

*Vamos iniciar o dia comentando bastante NOS TRÊS LINKS! Simbora #PEpraFrente!* 🚀💛",mensagem simples,2026-04-28 08:46:23.246+00,Mobiliza PE,53610285162643@lid,Mobiliza PE,2026-04-28 11:46:23.594635+00
2057,Pernambuco,Mobiliza,Mobiliza,120363425016992076@g.us,3EB090E57DCC26E9702D44,"Segue o líder 🚀🚀 Todas as pesquisas mostram João vencendo no primeiro turno 💛

Agora é João. E a Quaest já disse tudo: o meu governador vai ganhar no primeiro turno.  💛🚀

Mais uma pesquisa apontando vitória de João do litoral ao Sertão. Tamo junto, meu governador. 💛💛

É meu governador na frente, pra PE apontar pro caminho certo 💛💛🚀

Os dados da Quaest estão bem diferentes do DataFolha. Mas convergem no mesmo ponto: é vitória de João no primeiro turno 💛🚀

E olha que João não tem nem um mês rodando o estado, viu? O líder tá entrando em campo no interior do estado agora. 💛💛💛

Quem já viu João arrastando uma multidão no interior? O menino vem com gosto de gás pra botar PE no topo. Prefeito, governador e presidente! 💛💛

Eu não tenho dúvida que João será um governador melhor do que Raquel. Porque vai honrar o legado do pai e dar o melhor dele. Pra cima, meu governador. 

Davi segue na frente de Golias, contra toda a máquina do governo jogando contra. É João no 1° turno 💛🚀

O gabinete de ódio de Raquel não para. Mas João segue firme, disparado no 1° turno. 💛💛💛💛💛",mensagem simples,2026-04-28 08:46:46.79+00,Mobiliza PE,53610285162643@lid,Mobiliza PE,2026-04-28 11:46:46.985939+00
2058,Pernambuco,Mobiliza PE,Mobiliza PE,120363405595256912@g.us,3EB01C4A6E45156552B179,"Segue o líder 🚀🚀 Todas as pesquisas mostram João vencendo no primeiro turno 💛

Agora é João. E a Quaest já disse tudo: o meu governador vai ganhar no primeiro turno.  💛🚀

Mais uma pesquisa apontando vitória de João do litoral ao Sertão. Tamo junto, meu governador. 💛💛

É meu governador na frente, pra PE apontar pro caminho certo 💛💛🚀

Os dados da Quaest estão bem diferentes do DataFolha. Mas convergem no mesmo ponto: é vitória de João no primeiro turno 💛🚀

E olha que João não tem nem um mês rodando o estado, viu? O líder tá entrando em campo no interior do estado agora. 💛💛💛

Quem já viu João arrastando uma multidão no interior? O menino vem com gosto de gás pra botar PE no topo. Prefeito, governador e presidente! 💛💛

Eu não tenho dúvida que João será um governador melhor do que Raquel. Porque vai honrar o legado do pai e dar o melhor dele. Pra cima, meu governador. 

Davi segue na frente de Golias, contra toda a máquina do governo jogando contra. É João no 1° turno 💛🚀

O gabinete de ódio de Raquel não para. Mas João segue firme, disparado no 1° turno. 💛💛💛💛💛",mensagem simples,2026-04-28 08:47:56.046+00,Mobiliza PE,53610285162643@lid,Mobiliza PE,2026-04-28 11:47:56.268751+00
2061,Pernambuco,Mobiliza,Mobiliza,120363425016992076@g.us,3EB065AC064D4A9497C1CB,"*Já sabe como comentar, né? Sem copiar, faz do teu jeitinho!*",mensagem simples,2026-04-28 08:48:30.733+00,Mobiliza PE,53610285162643@lid,Mobiliza PE,2026-04-28 11:48:30.991461+00
2062,Pernambuco,Mobiliza PE,Mobiliza PE,120363405595256912@g.us,3EB0C2668790273BBD46FC,"*Já sabe como comentar, né? Sem copiar, faz do teu jeitinho!*",mensagem simples,2026-04-28 08:48:44.107+00,Mobiliza PE,53610285162643@lid,Mobiliza PE,2026-04-28 11:48:44.449537+00
2065,Pará,Engaja 2.0,Engaja 2.0 (Vermelha),120363419511068404@g.us,3AC47D67786BC7A50CDF,"https://engaja.pro/28-04-engaja-01-b

Bom dia!

Vamos lá!
Curtir, comentar, compartilhar e salvar! 🚀

*Exemplos de comentários para usar como base (não copie, apenas se inspire).*

1. Parabéns, governadora Hana. Reconhecer e valorizar quem protege a população é essencial.
2. Governadora Hana, que trabalho importante. Parabéns por olhar com responsabilidade para quem cuida das pessoas.
3. Parabéns, governadora Hana. Esse reconhecimento aos bombeiros mostra sensibilidade e compromisso com o Pará.
4. Governadora Hana, orgulho ver esse avanço. Parabéns por valorizar profissionais tão essenciais.",mensagem simples,2026-04-28 09:15:35.761+00,Engaja,251015655874706@lid,Engaja,2026-04-28 12:15:36.175427+00
2066,Pará,Engaja 2.0,Engaja 2.0 (Azul),120363422002705740@g.us,3AE04502B6CA88BA210C,"https://engaja.pro/28-04-engaja-01-a

Bom dia!

Vamos lá!
Curtir, comentar, compartilhar e salvar! 🚀

*Exemplos de comentários para usar como base (não copie, apenas se inspire).*

1. Parabéns, governadora Hana. Reconhecer e valorizar quem protege a população é essencial.
2. Governadora Hana, que trabalho importante. Parabéns por olhar com responsabilidade para quem cuida das pessoas.
3. Parabéns, governadora Hana. Esse reconhecimento aos bombeiros mostra sensibilidade e compromisso com o Pará.
4. Governadora Hana, orgulho ver esse avanço. Parabéns por valorizar profissionais tão essenciais.",mensagem simples,2026-04-28 09:16:05.141+00,Engaja,251015655874706@lid,Engaja,2026-04-28 12:16:07.593896+00
2067,Pernambuco,Mobiliza,Mobiliza,120363425016992076@g.us,A5642BF0CE60E8AD1669CC82BF44C467,(Mensagem de mídia sem texto),imagem,2026-04-28 09:54:29.982+00,Central Mobiliza,230150839005189@lid,Central Mobiliza,2026-04-28 12:54:30.351676+00
2068,Pernambuco,Mobiliza PE,Mobiliza PE,120363405595256912@g.us,A50312F87A958BCCE3A6E9594DA0F16F,(Mensagem de mídia sem texto),imagem,2026-04-28 09:54:36.144+00,Central Mobiliza,230150839005189@lid,Central Mobiliza,2026-04-28 12:54:36.454896+00
2069,Escalada,Conexão Escalada - Nível 2,Conexão Escalada - Nível 2,120363407337623196@g.us,3EB0A1FA9AD0ECC845574D,Que maravilha!!!,mensagem simples,2026-04-28 10:29:38.797+00,Central Escalada,194674308468846@lid,Central Escalada,2026-04-28 13:29:39.065244+00
2070,Escalada,Conexão Escalada - Nível 2,Conexão Escalada - Nível 2,120363407337623196@g.us,3EB059AB7639C38BF831A7,"Real é bem mais amplo do que imaginava, muito bom saber disso!",mensagem simples,2026-04-28 10:30:01.208+00,Central Escalada,194674308468846@lid,Central Escalada,2026-04-28 13:30:02.547554+00
2071,Escalada,Conexão Escalada - Nível 2,Conexão Escalada - Nível 2,120363407337623196@g.us,3EB0CC49010CC723CA9E02,"Se o seu foco é aprimorar essa fluidez e testar o que realmente faz sentido pro seu momento, você tá exatamente onde deveria estar.",mensagem simples,2026-04-28 10:33:48.806+00,Central Escalada,194674308468846@lid,Central Escalada,2026-04-28 13:33:49.089779+00
2072,Escalada,Conexão Escalada - Nível 2,Conexão Escalada - Nível 2,120363407337623196@g.us,3EB035888F204FCC252F0C,Massa demais ouvir um pouco sobre a sua área de atuação.,mensagem simples,2026-04-28 10:33:50.303+00,Central Escalada,194674308468846@lid,Central Escalada,2026-04-28 13:33:50.577948+00
2073,Escalada,Conexão Escalada - Nível 2,Conexão Escalada - Nível 2,120363407337623196@g.us,3EB03E1F680F01C03A64B8,"Iai pessoal, o que mais te gera dúvida quando vocês pensam no futuro?",mensagem simples,2026-04-28 10:35:07.625+00,Central Escalada,194674308468846@lid,Central Escalada,2026-04-28 13:35:08.027862+00
2074,Escalada,Conselho Escalada - Nível 5,Conselho Escalada - Nível 5,120363425561018159@g.us,3EB07038D84DF1FCEAF0C4,Que incrível! 🚀,mensagem simples,2026-04-28 10:36:56.527+00,Central Escalada,194674308468846@lid,Central Escalada,2026-04-28 13:36:56.796252+00
2075,Escalada,Conselho Escalada - Nível 5,Conselho Escalada - Nível 5,120363425561018159@g.us,3EB06CED00CE88F22468D4,Esse é um estratégico e que melhora ainda mais o seu fluxo de desempenho!,mensagem simples,2026-04-28 10:37:38.815+00,Central Escalada,194674308468846@lid,Central Escalada,2026-04-28 13:37:39.169718+00
2076,Escalada,Conselho Escalada - Nível 5,Conselho Escalada - Nível 5,120363425561018159@g.us,3EB0EAE39B32353300F491,Isso é fantástico e que massa ver todo esse desenvolvimento na plataforma. Parabéns pela jornada 🤩,mensagem simples,2026-04-28 10:39:54.487+00,Central Escalada,194674308468846@lid,Central Escalada,2026-04-28 13:39:54.777466+00
2077,Escalada,Conselho Escalada - Nível 5,Conselho Escalada - Nível 5,120363425561018159@g.us,3EB09F9EE88400FBC7C226,"Fico muito feliz em ver sua animação, é esse engajamento que faz a gente saber que você vai longe no Escalada!",mensagem simples,2026-04-28 10:42:01.011+00,Central Escalada,194674308468846@lid,Central Escalada,2026-04-28 13:42:01.89808+00
2078,Escalada,Conselho Escalada - Nível 5,Conselho Escalada - Nível 5,120363425561018159@g.us,3EB0306A270E7EF2B7828C,"Porém, para garantir que você não perca nenhuma informação importante sobre o seu nível atual, cada etapa tem um espaço dedicado, e o nosso sistema acompanha seu progresso individualmente.",mensagem simples,2026-04-28 10:42:30.875+00,Central Escalada,194674308468846@lid,Central Escalada,2026-04-28 13:42:31.26965+00
2079,Escalada,Conselho Escalada - Nível 5,Conselho Escalada - Nível 5,120363425561018159@g.us,3EB0FFC3C30ADE29FABCD1,"Como você já está brilhando no Nível 5, você perde o seu acesso às comunidades anteriores (como a do Nível 2), será encerrado automaticamente.",mensagem simples,2026-04-28 10:43:21.284+00,Central Escalada,194674308468846@lid,Central Escalada,2026-04-28 13:43:21.6431+00
2080,Escalada,Conselho Escalada - Nível 5,Conselho Escalada - Nível 5,120363425561018159@g.us,3EB01E2CF14B1B7C06E8E7,"Mas, a jornada não para por aqui!",mensagem simples,2026-04-28 10:43:39.25+00,Central Escalada,194674308468846@lid,Central Escalada,2026-04-28 13:43:39.567809+00
2081,Pará,Engaja 2.0,Engaja 2.0 (Azul),120363422002705740@g.us,3A95B6F9ADBB9DE16B2B,"https://engaja.pro/28-04-engaja-02-a

Bom dia!

Vamos lá!
Curtir, comentar, compartilhar e salvar! 🚀

*Exemplos de comentários para usar como base (não copie, apenas se inspire).*

1. Parabéns, governadora Hana. Educação que transforma.
2. Governadora Hana, compromisso real com o futuro. Parabéns.
3. Parabéns, governadora Hana. Presente em todo o Pará.
4. Governadora Hana, trabalho sério na educação. Parabéns.",mensagem simples,2026-04-28 10:58:10.392+00,Engaja,251015655874706@lid,Engaja,2026-04-28 13:58:10.790077+00
2082,Pará,Engaja 2.0,Engaja 2.0 (Vermelha),120363419511068404@g.us,3AE41D92DCE8EBB4017E,"https://engaja.pro/28-04-engaja-02-b

Bom dia!

Vamos lá!
Curtir, comentar, compartilhar e salvar! 🚀

*Exemplos de comentários para usar como base (não copie, apenas se inspire).*

1. Parabéns, governadora Hana. Educação que transforma.
2. Governadora Hana, compromisso real com o futuro. Parabéns.
3. Parabéns, governadora Hana. Presente em todo o Pará.
4. Governadora Hana, trabalho sério na educação. Parabéns.",mensagem simples,2026-04-28 10:58:17.69+00,Engaja,251015655874706@lid,Engaja,2026-04-28 13:58:18.150166+00
2083,Mato Grosso do Sul,Senador Nelsinho | CANAL OFICIAL,Senador Nelsinho | CANAL OFICIAL,120363423242767408@g.us,3EB07D5B124467F1B508C1,"*Pessoal, vejam só que notícia importante para o nosso estado!* 🇧🇷🇪🇺

Acabei de postar um vídeo sobre a concretização do acordo entre o Mercosul e a União Europeia. Sabe o que isso significa na prática para o Mato Grosso do Sul? É mais mercado para a nossa carne, para os nossos grãos e para a celulose. 

*Isso se traduz em comida mais barata no mercado e mais oportunidade de emprego na nossa região. São 26 anos de trabalho que agora vira realidade.* 

Dê uma olhada no vídeo para entender como essa negociação vai mexer com a economia da nossa gente:

*Link:* https://engaja.pro/engajams01-28-04

Depois me contem o que acharam. Vamos juntos!",mensagem simples,2026-04-28 11:16:05.262+00,Senador Nelsinho Trad,148155450556608@lid,Senador Nelsinho Trad,2026-04-28 14:16:05.887492+00
2084,Mato Grosso do Sul,Engaja MS,Engaja MS,120363424459503632@g.us,3EB029815B82729E0E2BC7,"*Bom dia Pessoal do Engaja MS!* 🇧🇷

O Senador Nelsinho Trad acaba de participar de um momento histórico em Montevidéu: a ratificação do acordo Mercosul-União Europeia. Isso não é apenas diplomacia, é o pé no acelerador para a nossa economia.

Isso significa mais mercado para nossa carne, grãos e celulose. É emprego e renda na veia do nosso estado.

*Nossa missão agora é fazer essa notícia chegar longe!* 🚀

É só clicar no link abaixo, curtir o post, deixar um comentário e compartilhar com quem quer ver o nosso MS crescer.

https://engaja.pro/engajams01-28-04",imagem,2026-04-28 11:17:51.643+00,Engaja MS,164785714897032@lid,Engaja MS,2026-04-28 14:17:52.05162+00
2085,Pernambuco,Mobiliza PE,Mobiliza PE,120363405595256912@g.us,3EB0F54944E5E28452B649,"🚨 *MISSÃO NOVA E VEM DE TRIPLA* 🚨 

Como a gente já sabe: *É NO PRIMEIRO TURNO!!!* 
João Campos tá estourado com 52,5% dos votos válidos. 

*Vamos dominar lá no post também e COMENTAR COM TUDO NOS TRÊS LINKS!*
*#PEpraFrente* 🚀💛

1️⃣ Link: https://engaja.pro/misssaope05-28-04
2️⃣ Link: https://engaja.pro/missaope06-28-04
3️⃣ Link: https://engaja.pro/missaope07-28-04",mensagem simples,2026-04-28 12:03:18.83+00,Mobiliza PE,111055674052635@lid,Mobiliza PE,2026-04-28 15:03:19.194238+00
2086,Pernambuco,Mobiliza,Mobiliza,120363425016992076@g.us,3EB0CC2B5654A79B1D5460,"🚨 *MISSÃO NOVA E VEM DE TRIPLA* 🚨 

Como a gente já sabe: *É NO PRIMEIRO TURNO!!!* 
João Campos tá estourado com 52,5% dos votos válidos. 

*Vamos dominar lá no post também e COMENTAR COM TUDO NOS TRÊS LINKS!*
*#PEpraFrente* 🚀💛

1️⃣ Link: https://engaja.pro/misssaope05-28-04
2️⃣ Link: https://engaja.pro/missaope06-28-04
3️⃣ Link: https://engaja.pro/missaope07-28-04",mensagem simples,2026-04-28 12:03:19.415+00,Mobiliza PE,111055674052635@lid,Mobiliza PE,2026-04-28 15:03:19.952309+00
2087,Pernambuco,Mobiliza PE,Mobiliza PE,120363405595256912@g.us,3EB0FF2C026D384AF6B666,"*Os comentários vocês já sabem, só pegar a base, sem copiar!*",mensagem simples,2026-04-28 12:03:51.829+00,Mobiliza PE,111055674052635@lid,Mobiliza PE,2026-04-28 15:03:52.243496+00
2088,Pernambuco,Mobiliza,Mobiliza,120363425016992076@g.us,3EB07D72555A13E1A7D23E,"*Os comentários vocês já sabem, só pegar a base, sem copiar!*",mensagem simples,2026-04-28 12:03:56.014+00,Mobiliza PE,111055674052635@lid,Mobiliza PE,2026-04-28 15:03:56.445205+00
2089,Pernambuco,Mobiliza PE,Mobiliza PE,120363405595256912@g.us,3EB07E36754E09C777DB5D,"*🚨MISSÃO NOVA, GALERA🚨*

Hoje o dia tá pegando fogo, *mas é por bom motivo.* Precisamos ocupar espaço. 

*VAMOS LOTAR OS COMENTÁRIOS NOS TRÊS LINKS!!*

1️⃣Link: https://engaja.pro/missaope08-28-04
2️⃣Link: https://engaja.pro/missaope09-28-04
3️⃣Link: https://engaja.pro/missaope10-28-04",mensagem simples,2026-04-28 14:16:52.473+00,Mobiliza PE,53610285162643@lid,Mobiliza PE,2026-04-28 17:16:52.803266+00
2091,Pernambuco,Mobiliza,Mobiliza,120363425016992076@g.us,3EB0BE096D0F3124D16FF0,"*🚨MISSÃO NOVA, GALERA🚨*

Hoje o dia tá pegando fogo, *mas é por bom motivo.* Precisamos ocupar espaço. 

*VAMOS LOTAR OS COMENTÁRIOS NOS TRÊS LINKS!!*

1️⃣Link: https://engaja.pro/missaope08-28-04
2️⃣Link: https://engaja.pro/missaope09-28-04
3️⃣Link: https://engaja.pro/missaope10-28-04",mensagem simples,2026-04-28 14:17:21.485+00,Mobiliza PE,53610285162643@lid,Mobiliza PE,2026-04-28 17:17:21.778409+00
2093,Pará,Engaja 2.0,Engaja 2.0 (Azul),120363422002705740@g.us,3A1F6660850ACA623F16,"https://engaja.pro/28-04-engaja-03-a

Hoje, às 18h30, a Governadora Hana Ghassan, estará ao vivo na TV Norte/SBT Pará.

Acompanhe também pelo link abaixo 👇 

Link https://www.youtube.com/live/UxK2i99i2mQ?si=DXz2Vt_9hphroXcL",mensagem simples,2026-04-28 14:25:04.234+00,Engaja,251015655874706@lid,Engaja,2026-04-28 17:25:04.919477+00
2094,Pará,Engaja 2.0,Engaja 2.0 (Vermelha),120363419511068404@g.us,3A789B3702CCAC35073E,"https://engaja.pro/28-04-engaja-03-b

Hoje, às 18h30, a Governadora Hana Ghassan, estará ao vivo na TV Norte/SBT Pará.

Acompanhe também pelo link abaixo 👇 

Link https://www.youtube.com/live/UxK2i99i2mQ?si=DXz2Vt_9hphroXcL",mensagem simples,2026-04-28 14:25:27.692+00,Engaja,251015655874706@lid,Engaja,2026-04-28 17:25:28.098124+00
2095,Escalada,Laboratório de Projetos - Nível 4,Laboratório de Projetos - Nível 4,120363406643406079@g.us,3EB0196587FAE5FF289076,"Com certeza, acompanhar essas etapas faz toda a diferença para chegar em um bom resultado final.",mensagem simples,2026-04-28 15:02:46.123+00,Central Escalada,194674308468846@lid,Central Escalada,2026-04-28 18:02:46.620828+00
2096,Escalada,Laboratório de Projetos - Nível 4,Laboratório de Projetos - Nível 4,120363406643406079@g.us,3EB0339909F551F7D423C7,"E sabe qual é a melhor parte, agora você também pode acompanhar a sua jornada, saber qual o próximo nvel, desafios, bônus e muito mais.",mensagem simples,2026-04-28 15:03:22.737+00,Central Escalada,194674308468846@lid,Central Escalada,2026-04-28 18:03:23.082097+00
2097,Escalada,Laboratório de Projetos - Nível 4,Laboratório de Projetos - Nível 4,120363406643406079@g.us,3EB0A01D0AB9066EA9D1E9,"E sabe qual é a melhor parte, agora você também pode acompanhar a sua jornada, saber qual o próximo nível, desafios, bônus e muito mais.",mensagem simples,2026-04-28 15:03:30.165+00,Central Escalada,194674308468846@lid,Central Escalada,2026-04-28 18:03:30.480944+00
2098,Pará,Engaja 2.0,Engaja 2.0 (Azul),120363422002705740@g.us,3A728A26A349C9325ADE,"https://engaja.pro/28-04-engaja-04-a

Boa tarde!

Vamos lá!
Curtir, comentar, compartilhar e salvar! 🚀

*Exemplos de comentários para usar como base (não copie, apenas se inspire).*

1. Parabéns, futuro senador Helder. Resultado importante para o Pará e para o meio ambiente.
2. Futuro senador Helder, trabalho sério que mostra que é possível avançar preservando. Parabéns.
3. Parabéns, futuro senador Helder. Compromisso com desenvolvimento e sustentabilidade.
4. Futuro senador Helder, liderança que faz acontecer na prática. Parabéns.",mensagem simples,2026-04-28 15:03:39.506+00,Engaja,251015655874706@lid,Engaja,2026-04-28 18:03:39.892361+00
2099,Pará,Engaja 2.0,Engaja 2.0 (Vermelha),120363419511068404@g.us,3A7C91CCFD96306DDA9F,"https://engaja.pro/28-04-engaja-04-b

Boa tarde!

Vamos lá!
Curtir, comentar, compartilhar e salvar! 🚀

*Exemplos de comentários para usar como base (não copie, apenas se inspire).*

1. Parabéns, futuro senador Helder. Resultado importante para o Pará e para o meio ambiente.
2. Futuro senador Helder, trabalho sério que mostra que é possível avançar preservando. Parabéns.
3. Parabéns, futuro senador Helder. Compromisso com desenvolvimento e sustentabilidade.
4. Futuro senador Helder, liderança que faz acontecer na prática. Parabéns.",mensagem simples,2026-04-28 15:03:56.232+00,Engaja,251015655874706@lid,Engaja,2026-04-28 18:03:57.471222+00
2100,Escalada,Laboratório de Projetos - Nível 4,Laboratório de Projetos - Nível 4,120363406643406079@g.us,3EB098829464D589F7B3FD,A plataforma acaba de ganhar um upgrade total para você ter o controle absoluto da sua jornada: https://escaladaedu.circle.so/modulos,mensagem simples,2026-04-28 15:04:18.547+00,Central Escalada,194674308468846@lid,Central Escalada,2026-04-28 18:04:18.870314+00
2101,Escalada,Rota de Crescimento - Nível 3,Rota de Crescimento - Nível 3,120363423283283910@g.us,3EB0D3E1DCACC8F2C55D5B,Que incrível! Quando esse sonho nasceu?,mensagem simples,2026-04-28 15:09:30.684+00,Central Escalada,194674308468846@lid,Central Escalada,2026-04-28 18:09:30.936696+00
2102,Escalada,Rota de Crescimento - Nível 3,Rota de Crescimento - Nível 3,120363423283283910@g.us,3EB048E60D28849CF9C6A0,"Galera, eu tenho uma super novidade que *REVOLUCIONAR* a  jornada no Escalada!

E sabe qual é a melhor parte, *agora você também pode acompanhar cada passo seu*, saber qual o próximo nível, o que já explorou, desafios, bônus e muito mais.

A plataforma acaba de ganhar um *upgrade total* para você ter o controle absoluto da sua jornada: https://escaladaedu.circle.so/modulos",mensagem simples,2026-04-28 15:11:20.361+00,Central Escalada,194674308468846@lid,Central Escalada,2026-04-28 18:11:20.633064+00
2103,Escalada,Conselho Escalada - Nível 5,Conselho Escalada - Nível 5,120363425561018159@g.us,3EB0784089F8952AC012B3,"*Vocês não acredita no que acabamos de lançar!*

A plataforma acaba de ganhar um upgrade total para você ter o *controle absoluto da sua jornada.* 🤩
Clica no link e não fique de fora:https://escaladaedu.circle.so/modulos",mensagem simples,2026-04-28 15:12:02.128+00,Central Escalada,194674308468846@lid,Central Escalada,2026-04-28 18:12:03.259611+00
2104,Escalada,Conexão Escalada - Nível 2,Conexão Escalada - Nível 2,120363407337623196@g.us,3EB0C403B8143C28CEAD8A,"Nossa, Mayron, que aula! Fiquei aqui impressionada com a profundidade do seu raciocínio. Dá para ver que você não só estuda, mas realmente ""conecta os pontos""",mensagem simples,2026-04-28 15:25:12.106+00,Central Escalada,194674308468846@lid,Central Escalada,2026-04-28 18:25:12.363348+00
2105,Escalada,Conexão Escalada - Nível 2,Conexão Escalada - Nível 2,120363407337623196@g.us,3EB041039EF8CD8D417C1A,Achei sensacional a forma como você enxerga as organizações como organismos vivos,mensagem simples,2026-04-28 15:25:45.65+00,Central Escalada,194674308468846@lid,Central Escalada,2026-04-28 18:25:49.164105+00
2106,Escalada,Conexão Escalada - Nível 2,Conexão Escalada - Nível 2,120363407337623196@g.us,3EB0E856866DC0A0686708,"Com essa entrega, não é surpresa que você tenha conquistado o Nível 5. Parabéns! isso mostra o quanto você é empenhado",mensagem simples,2026-04-28 15:26:32.409+00,Central Escalada,194674308468846@lid,Central Escalada,2026-04-28 18:26:32.690011+00
2107,Escalada,Conexão Escalada - Nível 2,Conexão Escalada - Nível 2,120363407337623196@g.us,3EB0FA54F47C72381C9AC9,"Galera, assim como Mayron, vocês têm potencial para chegar ao Nível 5 e liderar essa jornada! 🚀",mensagem simples,2026-04-28 15:27:28.136+00,Central Escalada,194674308468846@lid,Central Escalada,2026-04-28 18:27:28.380658+00
2108,Escalada,Conexão Escalada - Nível 2,Conexão Escalada - Nível 2,120363407337623196@g.us,3EB03632B8DE652B35CA51,E você @130373732323437? Qual o seu *#PlanoFuturo*?,mensagem simples,2026-04-28 15:28:54.237+00,Central Escalada,194674308468846@lid,Central Escalada,2026-04-28 18:28:54.58257+00
2109,Escalada,Rede Escalada,Rede Escalada,120363406995389389@g.us,3EB057692B878B0F3286D4,"*👀 Tá rolando um bafafá por aí que a Escalada é a melhor plataforma pra você aprender empreendedorismo... será?*

Eu te digo que é verdade: não só é a melhor, como é a única que te dá o bizu pra tirar suas ideias do papel 🚀

Quer tirar a prova? A nossa trilha *do papel a ação* tá pronta pra você maratonar.

👉 Quer descobrir qual é o segredo? Clica aqui: escaladaedu.circle.so/s/do-papel-a-acao/",mensagem simples,2026-04-28 15:40:10.997+00,Central Escalada,194674308468846@lid,Central Escalada,2026-04-28 18:40:11.821096+00
2110,Pernambuco,Mobiliza,Mobiliza,120363425016992076@g.us,3EB0694A6DD4F41C21EBCC,"🚨*LEMBRETE*🚨

Fala time! Jogo rápido aqui, pra gente *não deixar nenhuma missões batida!*
 
Essas missões são as chaves pra gente vê esse resultado aí, *vitória no primeiro turno.* Vale a pena o foco pra gente fechar o dia com chave de ouro! Bora! 

*QUEM AINDA NÃO COMENTOU, BORA GERAR!*

1️⃣ Link: https://engaja.pro/missaope03-28-04
2️⃣ Link: https://engaja.pro/missaope02-28-04
3️⃣ Link: https://engaja.pro/missaope04-28-04
4️⃣ Link: https://engaja.pro/misssaope05-28-04
5️⃣ Link: https://engaja.pro/missaope06-28-04
6️⃣ Link: https://engaja.pro/missaope07-28-04
7️⃣ Link: https://engaja.pro/missaope08-28-04
8️⃣ Link: https://engaja.pro/missaope09-28-04
9️⃣Link: https://engaja.pro/missaope10-28-04",mensagem simples,2026-04-28 17:22:27.632+00,Mobiliza PE,270862800433165@lid,Mobiliza PE,2026-04-28 20:22:27.942317+00
2111,Pernambuco,Mobiliza PE,Mobiliza PE,120363405595256912@g.us,3EB0108E8873FF60CB9518,"🚨*LEMBRETE*🚨

Fala time! Jogo rápido aqui, pra gente *não deixar nenhuma missões batida!*
 
Essas missões são as chaves pra gente vê esse resultado aí, *vitória no primeiro turno.* Vale a pena o foco pra gente fechar o dia com chave de ouro! Bora! 

*QUEM AINDA NÃO COMENTOU, BORA GERAR!*

1️⃣ Link: https://engaja.pro/missaope03-28-04
2️⃣ Link: https://engaja.pro/missaope02-28-04
3️⃣ Link: https://engaja.pro/missaope04-28-04
4️⃣ Link: https://engaja.pro/misssaope05-28-04
5️⃣ Link: https://engaja.pro/missaope06-28-04
6️⃣ Link: https://engaja.pro/missaope07-28-04
7️⃣ Link: https://engaja.pro/missaope08-28-04
8️⃣ Link: https://engaja.pro/missaope09-28-04
9️⃣Link: https://engaja.pro/missaope10-28-04",mensagem simples,2026-04-28 17:24:18.534+00,Mobiliza PE,270862800433165@lid,Mobiliza PE,2026-04-28 20:24:19.033489+00
2112,Pernambuco,Mobiliza PE,Mobiliza PE,120363405595256912@g.us,3EB0DF561862F16F48041D,(Mensagem de mídia sem texto),imagem,2026-04-28 17:59:54.585+00,Mobiliza PE,270862800433165@lid,Mobiliza PE,2026-04-28 20:59:55.285998+00
2113,Pará,Engaja 2.0,Engaja 2.0 (Azul),120363422002705740@g.us,3AF61CF55B2585407095,"https://engaja.pro/28-04-engaja-05-a

Boa noite!

Vamos lá!
Curtir, comentar, compartilhar e salvar! 🚀

*Exemplos de comentários para usar como base (não copie, apenas se inspire).*

1. Parabéns, governadora Hana. Trabalho firme na proteção das mulheres do Pará.
2. Governadora Hana, compromisso que salva vidas. Parabéns por essa iniciativa.
3. Parabéns, governadora Hana. Segurança com eficiência e cuidado com as pessoas.
4. Governadora Hana, liderança que faz a diferença de verdade. Parabéns.",mensagem simples,2026-04-28 18:07:56.287+00,Engaja,251015655874706@lid,Engaja,2026-04-28 21:07:56.766777+00
2114,Pará,Engaja 2.0,Engaja 2.0 (Vermelha),120363419511068404@g.us,3A8F417FBDF5D89C0AFF,"https://engaja.pro/28-04-engaja-05-b

Boa noite!

Vamos lá!
Curtir, comentar, compartilhar e salvar! 🚀

*Exemplos de comentários para usar como base (não copie, apenas se inspire).*

1. Parabéns, governadora Hana. Trabalho firme na proteção das mulheres do Pará.
2. Governadora Hana, compromisso que salva vidas. Parabéns por essa iniciativa.
3. Parabéns, governadora Hana. Segurança com eficiência e cuidado com as pessoas.
4. Governadora Hana, liderança que faz a diferença de verdade. Parabéns.",mensagem simples,2026-04-28 18:08:10.014+00,Engaja,251015655874706@lid,Engaja,2026-04-28 21:08:10.265828+00
2115,Mato Grosso do Sul,Senador Nelsinho | CANAL OFICIAL,Senador Nelsinho | CANAL OFICIAL,120363423242767408@g.us,3EB040A6918B44942A674E,"Olá, pessoal. *Tenho acompanhado com muita preocupação a epidemia Chikungunya em Dourados.*

No Senado, estou agindo:
- Cobrando vacinas e novas tecnologias ao Ministério da Saúde;
- Solicitei o envio da Força Nacional do SUS para reforçar o atendimento;
- Trabalhando junto ao prefeito Marçal e ao secretário Marcio Figueiredo por mais recursos.

Sei que atrás de cada boletim existem pessoas sofrendo dores reais. Por isso, quero ouvir quem está na ponta. *Como está a situação aí no seu bairro ou na sua casa?*",mensagem simples,2026-04-28 18:21:16.422+00,Senador Nelsinho Trad,148155450556608@lid,Senador Nelsinho Trad,2026-04-28 21:21:16.670587+00
2116,Mato Grosso do Sul,Senador Nelsinho | CANAL OFICIAL,Senador Nelsinho | CANAL OFICIAL,120363423242767408@g.us,3EB00B6F54092C4F4352,"📊 ENQUETE: Qual a cor que melhor descreve o seu momento? (Opções: 🟢 *TUDO BEM:* Sem casos próximos por enquanto. | 🟡 *ALERTA*: Vizinhos ou conhecidos doentes, mas em casa estamos bem. | 🔴 *CRÍTICO*: Eu ou alguém da minha família estamos enfrentando a doença agora. | 🏥 *SAÚDE*: O posto de saúde ou hospital perto de mim está lotado.)",enquete,2026-04-28 18:22:04.828+00,Senador Nelsinho Trad,148155450556608@lid,Senador Nelsinho Trad,2026-04-28 21:22:05.503533+00
2117,Pará,Engaja 2.0,Engaja 2.0 (Vermelha),120363419511068404@g.us,3AB7DCA7F7FF72EAA87B,"https://engaja.pro/28-04-engaja-07-a

Boa noite!

Vamos lá!
Curtir, comentar, compartilhar e salvar! 🚀

*Exemplos de comentários para usar como base (não copie, apenas se inspire).*

1. Parabéns, governadora Hana. Levando educação e oportunidade para todo o Pará.
2. Governadora Hana, trabalho bonito em Paragominas. Parabéns pela dedicação.
3. Parabéns, governadora Hana. Investimento que chega e transforma vidas.
4. Governadora Hana, presença que faz a diferença. Parabéns pelo compromisso.",mensagem simples,2026-04-28 18:59:59.788+00,Engaja,251015655874706@lid,Engaja,2026-04-28 22:00:00.370409+00
2118,Pará,Engaja 2.0,Engaja 2.0 (Azul),120363422002705740@g.us,3A07A2481DAFFEC9E104,"https://www.youtube.com/live/UxK2i99i2mQ?si=DXz2Vt_9hphroXcL

Vamos lá, pessoal! A governadora Hana Ghassan já está ao vivo.",mensagem simples,2026-04-28 19:00:32.037+00,Engaja,251015655874706@lid,Engaja,2026-04-28 22:00:32.734758+00
2119,Pará,Engaja 2.0,Engaja 2.0 (Vermelha),120363419511068404@g.us,3A937B7811E35BDE3F6D,"https://www.youtube.com/live/UxK2i99i2mQ?si=DXz2Vt_9hphroXcL

Vamos lá, pessoal! A governadora Hana Ghassan já está ao vivo.",mensagem simples,2026-04-28 19:00:37.614+00,Engaja,251015655874706@lid,Engaja,2026-04-28 22:00:38.152778+00
2120,Pará,Engaja 2.0,Engaja 2.0 (Azul),120363422002705740@g.us,3A8FEF1CBF5988263C8A,"https://engaja.pro/28-04-engaja-07-a

Boa noite!

Vamos lá!
Curtir, comentar, compartilhar e salvar! 🚀

*Exemplos de comentários para usar como base (não copie, apenas se inspire).*

1. Parabéns, governadora Hana. Levando educação e oportunidade para todo o Pará.
2. Governadora Hana, trabalho bonito em Paragominas. Parabéns pela dedicação.
3. Parabéns, governadora Hana. Investimento que chega e transforma vidas.
4. Governadora Hana, presença que faz a diferença. Parabéns pelo compromisso.",mensagem simples,2026-04-28 19:05:09.039+00,Engaja,251015655874706@lid,Engaja,2026-04-28 22:05:09.518998+00
2121,Pará,Engaja 2.0,Engaja 2.0 (Vermelha),120363419511068404@g.us,3A823B47D82755A2A90D,"https://engaja.pro/28-04-engaja-07-b

Boa noite!

Vamos lá!
Curtir, comentar, compartilhar e salvar! 🚀

*Exemplos de comentários para usar como base (não copie, apenas se inspire).*

1. Parabéns, governadora Hana. Levando educação e oportunidade para todo o Pará.
2. Governadora Hana, trabalho bonito em Paragominas. Parabéns pela dedicação.
3. Parabéns, governadora Hana. Investimento que chega e transforma vidas.
4. Governadora Hana, presença que faz a diferença. Parabéns pelo compromisso.",mensagem simples,2026-04-28 19:05:11.543+00,Engaja,251015655874706@lid,Engaja,2026-04-28 22:05:12.036971+00
2122,Pará,Engaja 2.0,Engaja 2.0 (Azul),120363422002705740@g.us,3A9C281A75ECD1199B80,"https://engaja.pro/28-04-engaja-08-a

Boa noite!

Vamos lá!
Curtir, comentar, compartilhar e salvar! 🚀

*Exemplos de comentários para usar como base (não copie, apenas se inspire).*

1. Parabéns, futuro senador Helder. Educação transformando vidas de verdade no Pará.
2. Futuro senador Helder, trabalho sério que chega na ponta. Parabéns por investir em educação.
3. Parabéns, futuro senador Helder. Cada escola entregue é mais oportunidade para o nosso povo.
4. Futuro senador Helder, compromisso com o futuro das crianças paraenses. Parabéns.",mensagem simples,2026-04-28 19:11:50.391+00,Engaja,251015655874706@lid,Engaja,2026-04-28 22:11:50.692687+00
2123,Pará,Engaja 2.0,Engaja 2.0 (Vermelha),120363419511068404@g.us,3A3290D8E0236A84EF3A,"https://engaja.pro/28-04-engaja-08-b

Boa noite!

Vamos lá!
Curtir, comentar, compartilhar e salvar! 🚀

*Exemplos de comentários para usar como base (não copie, apenas se inspire).*

1. Parabéns, futuro senador Helder. Educação transformando vidas de verdade no Pará.
2. Futuro senador Helder, trabalho sério que chega na ponta. Parabéns por investir em educação.
3. Parabéns, futuro senador Helder. Cada escola entregue é mais oportunidade para o nosso povo.
4. Futuro senador Helder, compromisso com o futuro das crianças paraenses. Parabéns.",mensagem simples,2026-04-28 19:12:00.749+00,Engaja,251015655874706@lid,Engaja,2026-04-28 22:12:01.469021+00
2124,Pará,Engaja 2.0,Engaja 2.0 (Azul),120363422002705740@g.us,3A79458EB714F0E7F07E,"https://engaja.pro/28-04-engaja-09-a

Boa noite!

Vamos lá!
Curtir, comentar, compartilhar e salvar! 🚀

*Exemplos de comentários para usar como base (não copie, apenas se inspire).*

1. Parabéns, governadora Hana. Levando educação e oportunidade para todo o Pará.
2. Governadora Hana, trabalho bonito em Paragominas. Parabéns pela dedicação.
3. Parabéns, governadora Hana. Investimento que chega e transforma vidas.
4. Governadora Hana, presença que faz a diferença. Parabéns pelo compromisso.",mensagem simples,2026-04-28 19:43:47.412+00,Engaja,251015655874706@lid,Engaja,2026-04-28 22:43:47.694421+00
2125,Pará,Engaja 2.0,Engaja 2.0 (Vermelha),120363419511068404@g.us,3A42827BE384DD286CEC,"https://engaja.pro/28-04-engaja-09-b

Boa noite!

Vamos lá!
Curtir, comentar, compartilhar e salvar! 🚀

*Exemplos de comentários para usar como base (não copie, apenas se inspire).*

1. Parabéns, governadora Hana. Levando educação e oportunidade para todo o Pará.
2. Governadora Hana, trabalho bonito em Paragominas. Parabéns pela dedicação.
3. Parabéns, governadora Hana. Investimento que chega e transforma vidas.
4. Governadora Hana, presença que faz a diferença. Parabéns pelo compromisso.",mensagem simples,2026-04-28 19:44:03.601+00,Engaja,251015655874706@lid,Engaja,2026-04-28 22:44:04.148+00
2126,Pará,Engaja 2.0,Engaja 2.0 (Azul),120363422002705740@g.us,3A7F8EE498CAEF7DF605,"https://engaja.pro/28-04-engaja-10-a

Boa noite!

Vamos lá!
Curtir, comentar, compartilhar e salvar! 🚀

*Exemplos de comentários para usar como base (não copie, apenas se inspire).*

1. Governadora hana, parabéns pelo compromisso real com a educação. Resultado que transforma vidas.
2. Parabéns, governadora hana. Investir em educação é garantir futuro para o nosso estado.
3. Governadora hana, trabalho sério e com resultado. A educação do Pará avançando de verdade.
4. Parabéns, governadora hana. É assim que se constrói um futuro melhor, com decisão e prioridade.",mensagem simples,2026-04-28 20:47:02.341+00,Engaja,251015655874706@lid,Engaja,2026-04-28 23:47:04.148862+00
2127,Pará,Engaja 2.0,Engaja 2.0 (Vermelha),120363419511068404@g.us,3AB7FB8275D74AE6E30F,"https://engaja.pro/28-04-engaja-10-b

Boa noite!

Vamos lá!
Curtir, comentar, compartilhar e salvar! 🚀

*Exemplos de comentários para usar como base (não copie, apenas se inspire).*

1. Governadora hana, parabéns pelo compromisso real com a educação. Resultado que transforma vidas.
2. Parabéns, governadora hana. Investir em educação é garantir futuro para o nosso estado.
3. Governadora hana, trabalho sério e com resultado. A educação do Pará avançando de verdade.
4. Parabéns, governadora hana. É assim que se constrói um futuro melhor, com decisão e prioridade.",mensagem simples,2026-04-28 20:47:07.117+00,Engaja,251015655874706@lid,Engaja,2026-04-28 23:47:07.575883+00
2128,Pará,Engaja 2.0,Engaja 2.0 (Vermelha),120363419511068404@g.us,3A9B3BC008358EF83311,"https://engaja.pro/28-04-engaja-11-b

Boa noite!

Vamos lá!
Curtir, comentar, compartilhar e salvar! 🚀

*Exemplos de comentários para usar como base (não copie, apenas se inspire).*

1. Governadora Hana, parabéns pelo compromisso firme com a segurança das mulheres. Trabalho sério e necessário.
2. Parabéns, governadora Hana. É muito importante ver ações concretas protegendo quem mais precisa.
3. Governadora Hana, sua atuação na segurança pública faz diferença de verdade na vida das mulheres. Parabéns.
4. Parabéns, governadora Hana. Sensibilidade e firmeza para enfrentar um tema tão importante.",mensagem simples,2026-04-28 21:46:32.263+00,Engaja,251015655874706@lid,Engaja,2026-04-29 00:46:32.879416+00
2129,Pará,Engaja 2.0,Engaja 2.0 (Azul),120363422002705740@g.us,3A999A36634046E00491,"https://engaja.pro/28-04-engaja-11-a

Boa noite!

Vamos lá!
Curtir, comentar, compartilhar e salvar! 🚀

*Exemplos de comentários para usar como base (não copie, apenas se inspire).*

1. Governadora Hana, parabéns pelo compromisso firme com a segurança das mulheres. Trabalho sério e necessário.
2. Parabéns, governadora Hana. É muito importante ver ações concretas protegendo quem mais precisa.
3. Governadora Hana, sua atuação na segurança pública faz diferença de verdade na vida das mulheres. Parabéns.
4. Parabéns, governadora Hana. Sensibilidade e firmeza para enfrentar um tema tão importante.",mensagem simples,2026-04-28 21:47:02.881+00,Engaja,251015655874706@lid,Engaja,2026-04-29 00:47:03.323165+00
2130,Pará,Engaja 2.0,Engaja 2.0 (Azul),120363422002705740@g.us,3A1C64CDE90E50FBF880,"https://engaja.pro/29-04-engaja-01-a

Bom dia!

Vamos lá!
Curtir, comentar, compartilhar e salvar! 🚀

*Exemplos de comentários para usar como base (não copie, apenas se inspire).*

1. Parabéns, governadora Hana! Liderança que escuta e faz o Pará avançar.
2. Governadora Hana, seu trabalho inspira. Diálogo e compromisso de verdade. Parabéns!
3. Que orgulho da governadora Hana. É assim que o estado cresce, com união.
4. Parabéns, governadora Hana! Presença e responsabilidade em cada município.",mensagem simples,2026-04-29 06:16:40.559+00,Engaja,251015655874706@lid,Engaja,2026-04-29 09:16:41.003058+00
2131,Pará,Engaja 2.0,Engaja 2.0 (Vermelha),120363419511068404@g.us,3AFED9690E33EE1ED5E7,"https://engaja.pro/29-04-engaja-01-b

Bom dia!

Vamos lá!
Curtir, comentar, compartilhar e salvar! 🚀

*Exemplos de comentários para usar como base (não copie, apenas se inspire).*

1. Parabéns, governadora Hana! Liderança que escuta e faz o Pará avançar.
2. Governadora Hana, seu trabalho inspira. Diálogo e compromisso de verdade. Parabéns!
3. Que orgulho da governadora Hana. É assim que o estado cresce, com união.
4. Parabéns, governadora Hana! Presença e responsabilidade em cada município.",mensagem simples,2026-04-29 06:16:51.801+00,Engaja,251015655874706@lid,Engaja,2026-04-29 09:16:52.158966+00
2132,Pará,Engaja 2.0,Engaja 2.0 (Azul),120363422002705740@g.us,3A2BB1EE05E04F67BCFD,"https://engaja.pro/29-04-engaja-02-a

Bom dia!

Vamos lá!
Curtir, comentar, compartilhar e salvar! 🚀

*Exemplos de comentários para usar como base (não copie, apenas se inspire).*

1. Parabéns, futuro senador Helder! Liderança forte que une e faz o Pará avançar.
2. Futuro senador Helder, seu trabalho é exemplo de compromisso e resultado. Parabéns!
3. Que orgulho ver o futuro senador Helder construindo parcerias e levando desenvolvimento.
4. Parabéns, futuro senador Helder! Trabalho sério e dedicação que fazem a diferença.",mensagem simples,2026-04-29 06:17:37.585+00,Engaja,251015655874706@lid,Engaja,2026-04-29 09:17:37.95774+00
2133,Pará,Engaja 2.0,Engaja 2.0 (Vermelha),120363419511068404@g.us,3ACB7E3085EEC333EB94,"https://engaja.pro/29-04-engaja-02-b

Bom dia!

Vamos lá!
Curtir, comentar, compartilhar e salvar! 🚀

*Exemplos de comentários para usar como base (não copie, apenas se inspire).*

1. Parabéns, futuro senador Helder! Liderança forte que une e faz o Pará avançar.
2. Futuro senador Helder, seu trabalho é exemplo de compromisso e resultado. Parabéns!
3. Que orgulho ver o futuro senador Helder construindo parcerias e levando desenvolvimento.
4. Parabéns, futuro senador Helder! Trabalho sério e dedicação que fazem a diferença.",mensagem simples,2026-04-29 06:17:43.676+00,Engaja,251015655874706@lid,Engaja,2026-04-29 09:17:43.979632+00
2134,Pará,Engaja 2.0,Engaja 2.0 (Azul),120363422002705740@g.us,3ACAE1C1337DCA4BB59F,"https://engaja.pro/29-04-engaja-03-a

Bom dia!

Vamos lá!
Curtir, comentar, compartilhar e salvar! 🚀

*Exemplos de comentários para usar como base (não copie, apenas se inspire).*

1. Parabéns, futuro senador Helder! Muito merecido esse reconhecimento, fruto de um trabalho sério e comprometido.
2. Futuro senador Helder, é gratificante ver esse carinho e respeito pelo seu trabalho. Parabéns pela liderança!
3. Que momento especial, futuro senador Helder! Reconhecimento de quem acompanha de perto sua dedicação. Parabéns!
4. Parabéns, futuro senador Helder! Trabalho bem feito gera esse tipo de homenagem e respeito.",mensagem simples,2026-04-29 09:21:46.554+00,Engaja,251015655874706@lid,Engaja,2026-04-29 12:21:47.144884+00
2135,Pará,Engaja 2.0,Engaja 2.0 (Vermelha),120363419511068404@g.us,3A6DD233CD67CACCAF7C,"https://engaja.pro/29-04-engaja-03-b

Bom dia!

Vamos lá!
Curtir, comentar, compartilhar e salvar! 🚀

*Exemplos de comentários para usar como base (não copie, apenas se inspire).*

1. Parabéns, futuro senador Helder! Muito merecido esse reconhecimento, fruto de um trabalho sério e comprometido.
2. Futuro senador Helder, é gratificante ver esse carinho e respeito pelo seu trabalho. Parabéns pela liderança!
3. Que momento especial, futuro senador Helder! Reconhecimento de quem acompanha de perto sua dedicação. Parabéns!
4. Parabéns, futuro senador Helder! Trabalho bem feito gera esse tipo de homenagem e respeito.",mensagem simples,2026-04-29 09:21:56.27+00,Engaja,251015655874706@lid,Engaja,2026-04-29 12:21:56.565042+00
2136,Pará,Engaja 2.0,Engaja 2.0 (Azul),120363422002705740@g.us,3AF6815471230AE89932,"https://engaja.pro/29-04-engaja-04-a

Bom dia!

Vamos lá!
Curtir, comentar, compartilhar e salvar! 🚀

*Exemplos de comentários para usar como base (não copie, apenas se inspire).*

1. Parabéns, governadora Hana! É lindo ver essa dedicação em cuidar do povo paraense com tanta responsabilidade.
2. Governadora Hana, sua liderança inspira confiança e esperança. Parabéns pelo trabalho firme e comprometido.
3. Que orgulho da governadora Hana! Saúde e segurança como prioridade mostram o quanto você se importa de verdade.
4. Parabéns, governadora Hana! Mais que palavras, é ação e resultado chegando para o nosso estado.",mensagem simples,2026-04-29 09:23:52.225+00,Engaja,251015655874706@lid,Engaja,2026-04-29 12:23:52.535972+00
2138,Pará,Engaja 2.0,Engaja 2.0 (Vermelha),120363419511068404@g.us,3AA1E0B77EAAA0A906A9,"https://engaja.pro/29-04-engaja-04-b

Bom dia!

Vamos lá!
Curtir, comentar, compartilhar e salvar! 🚀

*Exemplos de comentários para usar como base (não copie, apenas se inspire).*

1. Parabéns, governadora Hana! É lindo ver essa dedicação em cuidar do povo paraense com tanta responsabilidade.
2. Governadora Hana, sua liderança inspira confiança e esperança. Parabéns pelo trabalho firme e comprometido.
3. Que orgulho da governadora Hana! Saúde e segurança como prioridade mostram o quanto você se importa de verdade.
4. Parabéns, governadora Hana! Mais que palavras, é ação e resultado chegando para o nosso estado.",mensagem simples,2026-04-29 09:24:07.753+00,Engaja,251015655874706@lid,Engaja,2026-04-29 12:24:08.208826+00
2139,Escalada,Conselho Escalada - Nível 5,Conselho Escalada - Nível 5,120363425561018159@g.us,3EB02696062BA69280D530,"Fala, galera! Tudo bem? 🚀

Estamos no Escalada justamente para transformar as ideias de vocês em resultados reais. 

E eu queria saber: *se vocês pudessem criar um movimento ou um projeto na escola/comunidade hoje, qual seria o tema que vocês escolheriam para causar impacto?* Responde aqui embaixo",mensagem simples,2026-04-29 09:44:16.119+00,Central Escalada,194674308468846@lid,Central Escalada,2026-04-29 12:44:16.447878+00
2140,Escalada,Rota de Crescimento - Nível 3,Rota de Crescimento - Nível 3,120363423283283910@g.us,3EB09E4703919E9FC0EEA3,"E aí, gente! 👋

Tô curioso para saber uma coisa: *o que vocês acham que precisa mudar na forma como a gente estuda hoje para as aulas ficarem mais interessantes?* Mandem a real aqui!",mensagem simples,2026-04-29 09:45:13.285+00,Central Escalada,194674308468846@lid,Central Escalada,2026-04-29 12:45:14.048371+00
2141,Escalada,Laboratório de Projetos - Nível 4,Laboratório de Projetos - Nível 4,120363406643406079@g.us,3EB03BF65BB8F469891C71,"E aí, pessoal! ✌️

Mas me contem uma coisa: *qual é aquela área ou hobby que vocês amam tanto, que se pudessem transformar em trabalho/carreira no futuro, vocês seriam os melhores do mundo?* Pode ser qualquer coisa! Games, música, tecnologia, moda... conta aí",mensagem simples,2026-04-29 09:46:04.625+00,Central Escalada,194674308468846@lid,Central Escalada,2026-04-29 12:46:04.902408+00
2142,Pernambuco,Mobiliza PE,Mobiliza PE,120363405595256912@g.us,A50101C1C80B7A4B964A40417D03A7E2,(Mensagem de mídia sem texto),imagem,2026-04-29 09:46:19.568+00,Central Mobiliza,230150839005189@lid,Central Mobiliza,2026-04-29 12:46:20.084521+00
2143,Pernambuco,Mobiliza PE,Mobiliza PE,120363405595256912@g.us,A54B34554BCAB1DBC9692ED27C6B8D6D,"Bom dia, time! Vamos compartilhar!

🚀💛",mensagem simples,2026-04-29 09:46:23.182+00,Central Mobiliza,230150839005189@lid,Central Mobiliza,2026-04-29 12:46:23.46758+00
2144,Pernambuco,Mobiliza,Mobiliza,120363425016992076@g.us,A5C16B79FF9BEBD6D143125855F94015,(Mensagem de mídia sem texto),imagem,2026-04-29 09:46:31.017+00,Central Mobiliza,230150839005189@lid,Central Mobiliza,2026-04-29 12:46:31.407757+00
2145,Pernambuco,Mobiliza,Mobiliza,120363425016992076@g.us,A5568E52E6348B8043F01D75B2C11F6B,"Bom dia, time! Vamos compartilhar!

🚀💛",mensagem simples,2026-04-29 09:46:35.039+00,Central Mobiliza,230150839005189@lid,Central Mobiliza,2026-04-29 12:46:35.418614+00
2146,Escalada,Conexão Escalada - Nível 2,Conexão Escalada - Nível 2,120363407337623196@g.us,3EB0117BB5A236601AC392,"E aí, pessoal! ✌️

Mas me contem uma coisa: *qual é aquela área ou hobby que vocês amam tanto, que se pudessem transformar em trabalho/carreira no futuro, vocês seriam um dos melhores?* Pode ser qualquer coisa! Games, música, tecnologia, moda... conta aí",mensagem simples,2026-04-29 09:47:12.73+00,Central Escalada,194674308468846@lid,Central Escalada,2026-04-29 12:47:12.974686+00
2147,Pernambuco,Mobiliza PE,Mobiliza PE,120363405595256912@g.us,3EB0C30C0B4487E1E79852,"*Esse é o animo que a gente começa essa quarta-feira!*
Bom dia meu povo!

Vamo se contagiar da energia do omi, que o dia hoje promete!

*Inclusive, hoje às 19:30 tem encontro do Mobiliza PE!* 
Já bota aí na agenda.",imagem,2026-04-29 09:58:45.359+00,Mobiliza PE,53610285162643@lid,Mobiliza PE,2026-04-29 12:58:45.680229+00
2148,Pará,Engaja 2.0,Engaja 2.0 (Vermelha),120363419511068404@g.us,3AAAA928F26AFFD153C9,"https://engaja.pro/29-04-engaja-05-b

Bom dia!

Vamos lá!
Curtir, comentar, compartilhar e salvar! 🚀

*Exemplos de comentários para usar como base (não copie, apenas se inspire).*

1. Parabéns, governadora Hana! Trabalho firme e necessário no combate à violência contra a mulher.
2. Governadora Hana, sua atuação mostra compromisso real com a proteção das mulheres. Parabéns!
3. Que iniciativa importante, governadora Hana! Segurança e respeito às mulheres são prioridade. Parabéns!
4. Parabéns, governadora Hana! É assim que se faz, com ação e compromisso de verdade.",mensagem simples,2026-04-29 11:19:32.274+00,Engaja,251015655874706@lid,Engaja,2026-04-29 14:19:33.361815+00
2149,Pará,Engaja 2.0,Engaja 2.0 (Azul),120363422002705740@g.us,3A5EDA0537C7A97805A4,"https://engaja.pro/29-04-engaja-05-a

Bom dia!

Vamos lá!
Curtir, comentar, compartilhar e salvar! 🚀

*Exemplos de comentários para usar como base (não copie, apenas se inspire).*

1. Parabéns, governadora Hana! Trabalho firme e necessário no combate à violência contra a mulher.
2. Governadora Hana, sua atuação mostra compromisso real com a proteção das mulheres. Parabéns!
3. Que iniciativa importante, governadora Hana! Segurança e respeito às mulheres são prioridade. Parabéns!
4. Parabéns, governadora Hana! É assim que se faz, com ação e compromisso de verdade.",mensagem simples,2026-04-29 11:19:45.676+00,Engaja,251015655874706@lid,Engaja,2026-04-29 14:19:45.997979+00
2150,Mato Grosso do Sul,Senador Nelsinho | CANAL OFICIAL,Senador Nelsinho | CANAL OFICIAL,120363423242767408@g.us,3EB01AB3982FFB6B2E6D2D,"Bom dia, meus amigos e amigas!
*Passando aqui para desejar uma quarta-feira abençoada a todos.*",mensagem simples,2026-04-29 11:42:36.337+00,Senador Nelsinho Trad,148155450556608@lid,Senador Nelsinho Trad,2026-04-29 14:42:36.850152+00
2151,Escalada,Rede Escalada,Rede Escalada,120363406995389389@g.us,3EB0703CFB0EB208C8C4DD,"*🔮 Uma mensagem do seu ""eu do futuro"" acabou de chegar!*

Sabe essa mania de falar ""amanhã eu começo""? Deixar os seus projetos pro ""eu do futuro"" resolver é golpe! 🤡

O que você quer conquistar lá na frente não é mágica, é o resultado das escolhas (e dos rascunhos) que você faz *HOJE.*

👉 Bora parar de procrastinar e desenhar a sua jornada?
escaladaedu.circle.so/c/explorando-caminhos-para-o-futuro",mensagem simples,2026-04-29 15:09:27.938+00,Central Escalada,194674308468846@lid,Central Escalada,2026-04-29 18:09:28.190448+00
2152,Pará,Engaja 2.0,Engaja 2.0 (Azul),120363422002705740@g.us,3AAA664A3FCDB54F7D57,"https://engaja.pro/29-04-engaja-06-a

Boa tarde!

Vamos lá!
Curtir, comentar, compartilhar e salvar! 🚀

*Exemplos de comentários para usar como base (não copie, apenas se inspire).*

1. Parabéns, futuro senador Helder! Sempre buscando diálogo e soluções para o desenvolvimento do nosso estado.
2. Futuro senador Helder, seu compromisso com o Pará é admirável. Parabéns pelo trabalho sério e constante.
3. Que bom ver o futuro senador Helder fortalecendo parcerias importantes. Parabéns pela liderança!
4. Parabéns, futuro senador Helder! Trabalho firme que gera desenvolvimento e oportunidades.",mensagem simples,2026-04-29 15:11:53.242+00,Engaja,251015655874706@lid,Engaja,2026-04-29 18:11:53.676015+00
2153,Pará,Engaja 2.0,Engaja 2.0 (Vermelha),120363419511068404@g.us,3A52020395FD1A197764,"https://engaja.pro/29-04-engaja-06-b

Boa tarde!

Vamos lá!
Curtir, comentar, compartilhar e salvar! 🚀

*Exemplos de comentários para usar como base (não copie, apenas se inspire).*

1. Parabéns, futuro senador Helder! Sempre buscando diálogo e soluções para o desenvolvimento do nosso estado.
2. Futuro senador Helder, seu compromisso com o Pará é admirável. Parabéns pelo trabalho sério e constante.
3. Que bom ver o futuro senador Helder fortalecendo parcerias importantes. Parabéns pela liderança!
4. Parabéns, futuro senador Helder! Trabalho firme que gera desenvolvimento e oportunidades.",mensagem simples,2026-04-29 15:12:23.131+00,Engaja,251015655874706@lid,Engaja,2026-04-29 18:12:23.572862+00
2154,Pernambuco,Mobiliza,Mobiliza,120363425016992076@g.us,A55BB40FC4F0124A236F60DD3D31AAF0,(Mensagem de mídia sem texto),imagem,2026-04-29 15:33:47.172+00,Central Mobiliza,230150839005189@lid,Central Mobiliza,2026-04-29 18:33:47.506701+00
2155,Pernambuco,Mobiliza PE,Mobiliza PE,120363405595256912@g.us,3EB06DA215BF792AB0767F,"📊 ENQUETE: Reunião de mobilização, não é só pra ouvir, é pra gente se sentir parte. A tua presença é o que faz o nosso plano ganhar a rua! Como está a preparação pro nosso encontro estratégico? (Opções: Já tó com a roupa de ir, não perco por nada, tamo junto! ✨🚀 | Vou chegar no segundo tempo, mas vou estar lá pra somar! 🏃✨ | Hoje só na torcida e no apoio, mas mandando boas energias! 💛💛💛)",enquete,2026-04-29 16:06:21.287+00,Mobiliza PE,53610285162643@lid,Mobiliza PE,2026-04-29 19:06:21.578671+00
2156,Mato Grosso do Sul,Senador Nelsinho | CANAL OFICIAL,Senador Nelsinho | CANAL OFICIAL,120363423242767408@g.us,3EB09E1007CA59F0E52C54,"Pessoal, li todas as respostas da enquete de ontem sobre Dourados.

*É esse contato direto que me mostra onde a situação está apertando mais, para além dos boletins oficiais.*",mensagem simples,2026-04-29 16:16:27.897+00,Senador Nelsinho Trad,148155450556608@lid,Senador Nelsinho Trad,2026-04-29 19:16:28.306493+00
2157,Mato Grosso do Sul,Senador Nelsinho | CANAL OFICIAL,Senador Nelsinho | CANAL OFICIAL,120363423242767408@g.us,3EB0C7C69BC842D144031E,"Sobre as ações práticas: *estou articulando com o Ministério da Saúde e a Fiocruz para que Dourados tenha prioridade total* em novas tecnologias, como a tinta inseticida e a aceleração das vacinas.

Mais do que recurso, *cobro que a solução chegue logo onde a dor está acontecendo.* Seguimos em cima dessa pauta. Um abraço!",mensagem simples,2026-04-29 16:17:00.18+00,Senador Nelsinho Trad,148155450556608@lid,Senador Nelsinho Trad,2026-04-29 19:17:00.675886+00
2158,Escalada,Conselho Escalada - Nível 5,Conselho Escalada - Nível 5,120363425561018159@g.us,3EB031661139EDA38C2ADA,"Oii, Gabi!",mensagem simples,2026-04-29 16:24:16.119+00,Central Escalada,194674308468846@lid,Central Escalada,2026-04-29 19:24:16.444182+00
2159,Escalada,Conselho Escalada - Nível 5,Conselho Escalada - Nível 5,120363425561018159@g.us,3EB0D35232F0A0715ED114,Está previsto para dia 16 de julho 💚,mensagem simples,2026-04-29 16:24:34.876+00,Central Escalada,194674308468846@lid,Central Escalada,2026-04-29 19:24:35.247018+00
2160,Escalada,Conselho Escalada - Nível 5,Conselho Escalada - Nível 5,120363425561018159@g.us,3EB0D4406E8D54084BC89F,Isso mesmo!,mensagem simples,2026-04-29 16:29:28.399+00,Central Escalada,194674308468846@lid,Central Escalada,2026-04-29 19:29:28.680431+00
2161,Pará,Engaja 2.0,Engaja 2.0 (Azul),120363422002705740@g.us,3A15385A3CD3D52038BD,"https://engaja.pro/29-04-engaja-07-a

Boa tarde!

Vamos lá!
Curtir, comentar, compartilhar e salvar! 🚀

*Exemplos de comentários para usar como base (não copie, apenas se inspire).*

1. Parabéns, governadora Hana! Esse carinho do povo mostra o quanto sua dedicação é verdadeira e faz diferença.
2. Governadora Hana, sua sensibilidade e compromisso com as pessoas são inspiradores. Parabéns pelo trabalho lindo!
3. Que mensagem linda, governadora Hana! É esse cuidado com o povo que fortalece ainda mais o Pará. Parabéns!
4. Parabéns, governadora Hana! Esse reconhecimento vem do seu trabalho feito com amor e responsabilidade.",mensagem simples,2026-04-29 16:57:40.892+00,Engaja,251015655874706@lid,Engaja,2026-04-29 19:57:41.459056+00
2162,Pará,Engaja 2.0,Engaja 2.0 (Vermelha),120363419511068404@g.us,3A18325EC01A0931C5F1,"https://engaja.pro/29-04-engaja-07-b

Boa tarde!

Vamos lá!
Curtir, comentar, compartilhar e salvar! 🚀

*Exemplos de comentários para usar como base (não copie, apenas se inspire).*

1. Parabéns, governadora Hana! Esse carinho do povo mostra o quanto sua dedicação é verdadeira e faz diferença.
2. Governadora Hana, sua sensibilidade e compromisso com as pessoas são inspiradores. Parabéns pelo trabalho lindo!
3. Que mensagem linda, governadora Hana! É esse cuidado com o povo que fortalece ainda mais o Pará. Parabéns!
4. Parabéns, governadora Hana! Esse reconhecimento vem do seu trabalho feito com amor e responsabilidade.",mensagem simples,2026-04-29 16:57:51.049+00,Engaja,251015655874706@lid,Engaja,2026-04-29 19:57:51.562168+00
2163,Escalada,Conselho Escalada - Nível 5,Conselho Escalada - Nível 5,120363425561018159@g.us,3EB02773B900F0D8B0F74F,"Mayron, o GameShow é um evento online super dinâmico para o qual são chamados os 20 primeiros do ranking do Mês Flash",mensagem simples,2026-04-29 17:42:38.575+00,Central Escalada,194674308468846@lid,Central Escalada,2026-04-29 20:42:38.854835+00
2164,Escalada,Conselho Escalada - Nível 5,Conselho Escalada - Nível 5,120363425561018159@g.us,3EB073CF49B5C0A50C629C,"Lá rolam várias atividades com conteúdos do Escalada, e é assim que a gente define, de forma bem interativa, o grande vencedor do mês! ☺️",mensagem simples,2026-04-29 17:42:50.993+00,Central Escalada,194674308468846@lid,Central Escalada,2026-04-29 20:42:51.341525+00
2165,Escalada,Conselho Escalada - Nível 5,Conselho Escalada - Nível 5,120363425561018159@g.us,3EB0F66232B507DB699148,Spoiler... 👀,mensagem simples,2026-04-29 17:43:24.087+00,Central Escalada,194674308468846@lid,Central Escalada,2026-04-29 20:43:24.38732+00
2166,Escalada,Conselho Escalada - Nível 5,Conselho Escalada - Nível 5,120363425561018159@g.us,3EB048D986FF110BB87061,Vai sim!!!,mensagem simples,2026-04-29 17:43:30.131+00,Central Escalada,194674308468846@lid,Central Escalada,2026-04-29 20:43:30.564216+00
2167,Pernambuco,Mobiliza PE,Mobiliza PE,120363405595256912@g.us,3EB0F0C502AC77585098D9,"*Bora que o pé já tá no acelerador!*

Contagem regressiva, *daqui à 30 minutos nossa reunião inicia.* Nossa conversa de hoje é o combustível que vai dar velocidade aos nossos planos. Vamos mostrar a força da nossa gente e acelerar nosso lindo estado!
*Bora fazer a poeira subir!? #PEpraFrente*

*O caminho é por aqui, link:* https://engaja.pro/encontro-mobilizape",mensagem simples,2026-04-29 19:00:51.167+00,Mobiliza PE,111055674052635@lid,Mobiliza PE,2026-04-29 22:00:52.213732+00
2168,Pernambuco,Mobiliza PE,Mobiliza PE,120363405595256912@g.us,3EB03E432AF711E73AB3A5,"Escuta esse barulho! *Já iniciamos nosso encontro, e o negócio aqui já tá com tudo.* Não fica de fora, não!

Link: https://engaja.pro/encontro-mobilizape",mensagem simples,2026-04-29 19:30:07.029+00,Mobiliza PE,111055674052635@lid,Mobiliza PE,2026-04-29 22:30:07.820957+00
2169,Pernambuco,Mobiliza PE,Mobiliza PE,120363405595256912@g.us,3EB0E53E455DDF0F9BE161,"*Vocês são gigantes!*

*Passando pra agradecer a cada um que somou hoje. A gente fala e faz!*
Ver Pernambuco se movimentando através do trabalho de vocês é o que dá gás pra gente seguir acelerando junto com João. O futuro é logo ali, e a gente já tá vivendo ele.

*Valeu pelo empenho e por tudo.* 💛💛💛",imagem,2026-04-29 20:37:22.245+00,Mobiliza PE,111055674052635@lid,Mobiliza PE,2026-04-29 23:37:22.708346+00
2170,Pernambuco,Mobiliza PE,Mobiliza PE,120363405595256912@g.us,3EB07FE3E7845A5A8711BB,"E aí, galera! 💛

Como prometido, ta na mão os perfis de apoio a João Campos nos municípios de Pernambuco!

É muito importante que todos se sigam e façam collabs entre si.

Já cobrimos *156 municípios*! É 85% do nosso estado! 🚀💛

-----

*NOVOS PERFIS @TOCOMJOÃO — POR MUNICÍPIO* 🗺️ 
_(A primeira lista enviada está ao fim)_

*Abreu e Lima*
instagram.com/tocomjoaoabreuelima

*Afrânio*
instagram.com/tocomjoaoafranio

*Agrestina*
instagram.com/tocomjoaoagrestina

*Alagoinha*
instagram.com/tocomjoaoalagoinha

*Aliança*
instagram.com/tocomjoao.alianca

*Altinho*
instagram.com/tocomjoao.altinho

*Angelim*
instagram.com/tocomjoao.angelim

*Araçoiaba*
instagram.com/tocomjoao.aracoiaba

*Araripina*
instagram.com/tocomjoaoararipina

*Barra de Guabiraba*
instagram.com/tocomjoaobarra

*Barreiros*
instagram.com/tocomjoao.barreiros

*Belém do São Francisco*
instagram.com/tocomjoao.belemdosaofrancisco

*Belo Jardim*
instagram.com/tocomjoaobelojardim

*Betânia*
instagram.com/tocomjoao.betania

*Bodocó*
instagram.com/tocomjoaobodoco

*Bom Conselho*
instagram.com/tocomjoao.bomconselho

*Bom Jardim*
instagram.com/tocomjoao.bomjardim

*Bonito*
instagram.com/tocomjoao.bonito

*Brejão*
instagram.com/tocomjoaobrejao

*Brejinho*
instagram.com/tocomjoao.brejinho

*Brejo da Madre de Deus*
instagram.com/tocomjoaobrejomd

*Buenos Aires*
instagram.com/tocomjoao.buenos

*Cabrobó*
instagram.com/tocomjoaocabrobo

*Cachoeirinha*
instagram.com/tocomjoao.cachoeirinha

*Calçado*
instagram.com/tocomjoao.calcado

*Calumbi*
instagram.com/tocomjoao.calumbi

*Camaragibe*
instagram.com/tocomjoao.camaragibe

*Camocim de São Félix*
instagram.com/tocomjoaocamocimdesaofelix

*Camutanga*
instagram.com/tocomjoao.camutanga

*Canhotinho*
instagram.com/tocomjoao.canhotinho

*Capoeiras*
instagram.com/tocomjoao.capoeiras

*Carnaíba*
instagram.com/tocomjoaocarnaiba

*Carnaubeira da Penha*
instagram.com/tocomjoaocarnaubeiradapenha

*Carpina*
instagram.com/tocomjoao.carpina

*Caruaru*
instagram.com/tocomjoao.caruaru

*Casinhas*
instagram.com/tocomjoao.casinhas

*Cedro*
instagram.com/tocomjoaocedro

*Chã de Alegria*
instagram.com/tocomjoao.chadealegria

*Condado*
instagram.com/tocomjoaocondado

*Cumaru*
instagram.com/tocomjoao.cumaru

*Dormentes*
instagram.com/tocomjoaodormentes

*Exu*
instagram.com/tocomjoao.exu

*Floresta*
instagram.com/tocomjoaofloresta

*Frei Miguelinho*
instagram.com/tocomjoao.freimiguelinho

*Garanhuns*
instagram.com/tocomjoaogaranhuns

*Glória do Goitá*
instagram.com/tocomjoaogloriadogoita

*Iati*
instagram.com/tocomjoaoiati2026

*Ibimirim*
instagram.com/tocomjoao.ibimirim

*Ibirajuba*
instagram.com/tocomjoao.ibirajuba

*Iguaracy*
instagram.com/tocomjoaoiguaracy

*Inajá*
instagram.com/tocomjoao.inaja

*Ipojuca*
instagram.com/tocomjoao.ipojuca

*Itacuruba*
instagram.com/tocomjoao.itacuruba

*Itaíba*
instagram.com/tocomjoao.itaiba

*Itambé*
instagram.com/tocomjoao.itambe

*Itapetim*
instagram.com/tocomjoaoitapetim

*Itapissuma*
instagram.com/tocomjoao.itapissuma

*Itaquitinga*
instagram.com/tocomjoaoitaquitinga

*Jataúba*
instagram.com/tocomjoao.jatauba

*Jatobá*
instagram.com/tocomjoao.jatoba

*João Alfredo*
instagram.com/tocomjoaojoaoalfredo

*Jucati*
instagram.com/tocomjoaojucati

*Jurema*
instagram.com/tocomjoaojurema

*Lagoa de Itaenga*
instagram.com/tocomjoao.lagoadeitaenga

*Lagoa do Carro*
instagram.com/tocomjoao.lagoadocarro

*Lagoa do Ouro*
instagram.com/tocomjoao.lagoadoouro

*Lagoa dos Gatos*
instagram.com/tocomjoao.lagoadosgatos

*Lagoa Grande*
instagram.com/tocomjoao.lagoagrande

*Lajedo*
instagram.com/tocomjoao.lajedo

*Limoeiro*
instagram.com/tocomjoao.limoeiro

*Macaparana*
instagram.com/tocomjoaomacaparana

*Machados*
instagram.com/tocomjoaomachados

*Maraial*
instagram.com/tocomjoaomaraial

*Mirandiba*
instagram.com/tocomjoao.mirandiba

*Moreilândia*
instagram.com/tocomjoao.moreilandia

*Moreno*
instagram.com/tocomjoao.moreno

*Nazaré da Mata*
instagram.com/tocomjoao.nazaredamata

*Orobó*
instagram.com/tocomjoao.orobo

*Orocó*
instagram.com/tocomjoao.oroco

*Ouricuri*
instagram.com/tocomjoao.ouricuri

*Palmares*
instagram.com/palmarescomjoaocampos

*Palmeirina*
instagram.com/tocomjoao.palmeirina

*Paranatama*
instagram.com/tocomjoao.paranatama

*Parnamirim*
instagram.com/tocomjoaoparnamirim

*Passira*
instagram.com/tocomjoaopassira

*Paudalho*
instagram.com/tocomjoaopaudalho

*Pedra*
instagram.com/tocomjoaopedra

*Petrolândia*
instagram.com/tocomjoaopetrolandia

*Petrolina*
instagram.com/tocomjoaopetrolina

*Sairé*
instagram.com/tocomjoaosaire

*Salgadinho*
instagram.com/tocomjoaosalgadinho

*Salgueiro*
instagram.com/tocomjoaosalgueiro

*Saloá*
instagram.com/tocomjoaosaloa

*Santa Cruz*
instagram.com/tocomjoao.santacruz

*Santa Cruz da Baixa Verde*
instagram.com/tocomjoaoscruzbaixaverde

*São José do Belmonte*
instagram.com/belmontecomjoaocampos

*São Vicente Férrer*
instagram.com/tocomjoaosaovicenteferrer

*Serrita*
instagram.com/tocomjoaoserrita

*Sertânia*
instagram.com/sertaniacomjoaocampos

*Surubim*
instagram.com/tocomjoaosurubim

*Tabira*
instagram.com/tocomjoao.tabira

*Tacaratu*
instagram.com/tocomjoao.tacaratu

*Taquaritinga do Norte*
instagram.com/tocomjoaotaquaritingadonorte

*Terezinha*
instagram.com/tocomjoao.terezinha

*Terra Nova*
instagram.com/tocomjoao.terranova

*Timbaúba*
instagram.com/tocomjoaotimbauba

*Toritama*
instagram.com/tocomjoao.toritama

*Tracunhaém*
instagram.com/tocomjoao.tracunhaem

*Trindade*
instagram.com/tocomjoaotrindade

*Tupanatinga*
instagram.com/tocomjoaotupanatinga

*Tuparetama*
instagram.com/tocomjoao.tuparetama

*Venturosa*
instagram.com/tocomjoao.venturosa

*Verdejante*
instagram.com/tocomjoao.verdejante

*Vertente do Lério*
instagram.com/tocomjoao.vertentedolerio

*Vicência*
instagram.com/tocomjoao.vicencia

---

*Primeira Lista Enviada — PERFIS @TOCOMJOÃO — POR MUNICÍPIO* 🗺️

*Afogados da Ingazeira*
instagram.com/tocomjoaoafdaingazeira

*Água Preta*
instagram.com/agua_preta_com_joao_campos

*Águas Belas*
instagram.com/aguasbelas_com_joaocampos

*Amaraji*
instagram.com/amaraji_com_joaocampos

*Arcoverde*
instagram.com/tocomjoaoarcoverde

*Belém de Maria*
instagram.com/belemdemariacomjoaocampos

*Bezerros*
instagram.com/bezerroscomjoao

*Buíque*
instagram.com/tocomjoaobuique

*Cabo de Santo Agostinho*
instagram.com/cabo_com_joaocampos

*Caetés*
instagram.com/tocomjoaocaetes

*Catende* _(2 perfis)_
instagram.com/catendecomjoaocampos
instagram.com/catendecomjoao40

*Chã Grande*
instagram.com/chagrandecomjoaocampos

*Cortês*
instagram.com/cortescomjoaocampos

*Custódia*
instagram.com/custodia_com_joaocampos

*Escada*
instagram.com/escadacomjoaocampos

*Gameleira*
instagram.com/gameleiracomjoaocampos

*Goiana*
instagram.com/goianacomjoaocampos

*Gravatá*
instagram.com/tocomjoaogravata

*Ingazeira*
instagram.com/tocomjoaoingazeiraa

*Ipubi*
instagram.com/tocomjoaoipubii

*Jaqueira*
instagram.com/jaqueiracomjoaocampos

*Joaquim Nabuco*
instagram.com/joaquimnabucocomjoaocampos

*Jupi*
instagram.com/agrestecomjoao

*Manari*
instagram.com/manaricomjoaocampos

*Olinda*
instagram.com/olinda_com_joaocampos

*Panelas*
instagram.com/tocomjoaopanelas

*Paulista*
instagram.com/tocomjoaopaulista

*Pombos*
instagram.com/pomboscomjoaocampos

*Primavera*
instagram.com/primaveracomjoaocampos

*Riacho das Almas*
instagram.com/riacho.comjoao40

*Ribeirão*
instagram.com/ribeiraocomjoaocampos

*Rio Formoso*
instagram.com/tocomjoaorioformoso

*São José da Coroa Grande*
instagram.com/tocomjoaosanze

*São Lourenço da Mata*
instagram.com/tocomjoaosaolourenco

*Serra Talhada*
instagram.com/tocomjoaoserratalhada

*Sirinhaém*
instagram.com/sirinhaem_com_joaocampos

*Tacaimbó*
instagram.com/tocomjoaotacaimbo

*Tamandaré*
instagram.com/tamandarecomjoaocampos

*Triunfo*
instagram.com/tocomjoaotriunfo

*Vitória de Santo Antão*
instagram.com/vitoriacomjoaocampos

*Xexéu*
instagram.com/xexeucomjoaocampos

---

*PERFIS REGIONAIS*

*Sertão*
instagram.com/joaocamposnosertao

*Mata Sul*
instagram.com/matasulcomjoaocampos",mensagem simples,2026-04-29 20:39:26.597+00,Mobiliza PE,53610285162643@lid,Mobiliza PE,2026-04-29 23:39:26.948124+00
2177,Pará,Engaja 2.0,Engaja 2.0 (Azul),120363422002705740@g.us,3A3FC43C6952FF56B462,"https://engaja.pro/29-04-engaja-08-a

Boa noite!

Vamos lá!
Curtir, comentar, compartilhar e salvar! 🚀

*Exemplos de comentários para usar como base (não copie, apenas se inspire).*

1. Parabéns, futuro senador Helder! Um olhar sensível e humano que faz a diferença na vida das crianças.
2. Futuro senador Helder, esse cuidado com inclusão mostra o tamanho do seu compromisso. Parabéns pelo trabalho!
3. Que iniciativa linda, futuro senador Helder! O Pará avança com ações como essa. Parabéns!
4. Parabéns, futuro senador Helder! Investir nas crianças é garantir um futuro melhor para todos.",mensagem simples,2026-04-29 22:00:11.785+00,Engaja,251015655874706@lid,Engaja,2026-04-30 01:00:12.487577+00
2178,Pará,Engaja 2.0,Engaja 2.0 (Vermelha),120363419511068404@g.us,3A83C3DE9D57EA30BF72,"https://engaja.pro/29-04-engaja-08-b

Boa noite!

Vamos lá!
Curtir, comentar, compartilhar e salvar! 🚀

*Exemplos de comentários para usar como base (não copie, apenas se inspire).*

1. Parabéns, futuro senador Helder! Um olhar sensível e humano que faz a diferença na vida das crianças.
2. Futuro senador Helder, esse cuidado com inclusão mostra o tamanho do seu compromisso. Parabéns pelo trabalho!
3. Que iniciativa linda, futuro senador Helder! O Pará avança com ações como essa. Parabéns!
4. Parabéns, futuro senador Helder! Investir nas crianças é garantir um futuro melhor para todos.",mensagem simples,2026-04-29 22:00:32.925+00,Engaja,251015655874706@lid,Engaja,2026-04-30 01:00:34.803262+00
2181,Pará,Engaja 2.0,Engaja 2.0 (Azul),120363422002705740@g.us,3A54FDB0FA1017A8C256,"https://engaja.pro/29-04-engaja-09-a

Boa noite!

Vamos lá!
Curtir, comentar, compartilhar e salvar! 🚀

*Exemplos de comentários para usar como base (não copie, apenas se inspire).*

1. Parabéns, governadora Hana! Segurança sendo tratada com seriedade e ação.
2. Governadora Hana, trabalho firme no combate à criminalidade. Parabéns pela dedicação!
3. Que importante essa operação, governadora Hana! O Pará precisa e reconhece esse esforço. Parabéns!
4. Parabéns, governadora Hana! Mais segurança e cuidado com a população.",mensagem simples,2026-04-29 22:31:13.237+00,Engaja,251015655874706@lid,Engaja,2026-04-30 01:31:13.708397+00
2182,Pará,Engaja 2.0,Engaja 2.0 (Vermelha),120363419511068404@g.us,3A3CFDE9715FA75DBF7C,"https://engaja.pro/29-04-engaja-09-b

Boa noite!

Vamos lá!
Curtir, comentar, compartilhar e salvar! 🚀

*Exemplos de comentários para usar como base (não copie, apenas se inspire).*

1. Parabéns, governadora Hana! Segurança sendo tratada com seriedade e ação.
2. Governadora Hana, trabalho firme no combate à criminalidade. Parabéns pela dedicação!
3. Que importante essa operação, governadora Hana! O Pará precisa e reconhece esse esforço. Parabéns!
4. Parabéns, governadora Hana! Mais segurança e cuidado com a população.",mensagem simples,2026-04-29 22:31:41.053+00,Engaja,251015655874706@lid,Engaja,2026-04-30 01:31:41.346161+00
2183,Pará,Engaja 2.0,Engaja 2.0 (Vermelha),120363419511068404@g.us,3AD0CCED8DA5759820F5,"https://engaja.pro/29-04-engaja-10-b

Boa noite!

Vamos lá!
Curtir, comentar, compartilhar e salvar! 🚀

*Exemplos de comentários para usar como base (não copie, apenas se inspire).*

1. Parabéns, governadora Hana! Um gesto lindo de inclusão e cuidado com quem mais precisa.
2. Governadora Hana, que iniciativa maravilhosa. Um espaço que acolhe e transforma vidas. Parabéns!
3. Que orgulho da governadora Hana! Inclusão de verdade sendo feita com respeito e sensibilidade.
4. Parabéns, governadora Hana! Trabalho humano e necessário para um Pará mais justo.",mensagem simples,2026-04-29 22:57:48.217+00,Engaja,251015655874706@lid,Engaja,2026-04-30 01:57:48.669656+00
2184,Pará,Engaja 2.0,Engaja 2.0 (Azul),120363422002705740@g.us,3A06052104999D370BA7,"https://engaja.pro/29-04-engaja-10-a

Boa noite!

Vamos lá!
Curtir, comentar, compartilhar e salvar! 🚀

*Exemplos de comentários para usar como base (não copie, apenas se inspire).*

1. Parabéns, governadora Hana! Um gesto lindo de inclusão e cuidado com quem mais precisa.
2. Governadora Hana, que iniciativa maravilhosa. Um espaço que acolhe e transforma vidas. Parabéns!
3. Que orgulho da governadora Hana! Inclusão de verdade sendo feita com respeito e sensibilidade.
4. Parabéns, governadora Hana! Trabalho humano e necessário para um Pará mais justo.",mensagem simples,2026-04-29 22:58:00.449+00,Engaja,251015655874706@lid,Engaja,2026-04-30 01:58:01.081959+00
2185,Pará,Engaja 2.0,Engaja 2.0 (Azul),120363422002705740@g.us,3A0149A8C553A9E79A70,"https://engaja.pro/30-04-engaja-01-a

Bom dia!

Vamos lá!
Curtir, comentar, compartilhar e salvar! 🚀

*Exemplos de comentários para usar como base (não copie, apenas se inspire).*

1. Parabéns, futuro senador Helder! Trabalho sério conectando todas as regiões do nosso Pará.
2. Futuro senador Helder, sua dedicação em ouvir e construir parcerias faz toda a diferença. Parabéns!
3. Que orgulho ver o futuro senador Helder trabalhando por um Pará com mais oportunidades para todos.
4. Parabéns, futuro senador Helder! Liderança que aproxima, escuta e entrega resultados.",mensagem simples,2026-04-30 06:40:03.788+00,Engaja,251015655874706@lid,Engaja,2026-04-30 09:40:05.299312+00
2186,Pará,Engaja 2.0,Engaja 2.0 (Vermelha),120363419511068404@g.us,3AE3DFB5D7F9A6AA03D5,"https://engaja.pro/30-04-engaja-01-b

Bom dia!

Vamos lá!
Curtir, comentar, compartilhar e salvar! 🚀

*Exemplos de comentários para usar como base (não copie, apenas se inspire).*

1. Parabéns, futuro senador Helder! Trabalho sério conectando todas as regiões do nosso Pará.
2. Futuro senador Helder, sua dedicação em ouvir e construir parcerias faz toda a diferença. Parabéns!
3. Que orgulho ver o futuro senador Helder trabalhando por um Pará com mais oportunidades para todos.
4. Parabéns, futuro senador Helder! Liderança que aproxima, escuta e entrega resultados.",mensagem simples,2026-04-30 06:40:10.555+00,Engaja,251015655874706@lid,Engaja,2026-04-30 09:40:11.215352+00
2187,Pernambuco,Mobiliza PE,Mobiliza PE,120363405595256912@g.us,3EB0E9B545B8D8E1C11BD9,"*Bom dia, meu povo arretado! Como é que tá o pique por aí hoje?*",mensagem simples,2026-04-30 08:16:06.962+00,Mobiliza PE,270862800433165@lid,Mobiliza PE,2026-04-30 11:16:08.215378+00
2188,Pernambuco,Mobiliza,Mobiliza,120363425016992076@g.us,3EB06BB6678909C6CC3BDF,"*Bom dia, meu povo arretado! Como é que tá o pique por aí hoje?*",mensagem simples,2026-04-30 08:16:13.146+00,Mobiliza PE,270862800433165@lid,Mobiliza PE,2026-04-30 11:16:13.654372+00
2189,Pernambuco,Mobiliza,Mobiliza,120363425016992076@g.us,3EB015BEE9BC0581D1E83C,"🚨*MISSÃO NOVA NA ÁREA*🚨

Ei, tu viu o movimento? *Recife tá rocheda demais! Enquanto muita gente só reclama, nossa capital tá abrindo porta, gerando oportunidade e botando dinheiro no bolso da turma.* É mais de 3.600 novas carteiras assinadas só em março.

*É isso que queremos pra Pernambuco!* #PEpraFrente 🚀💛

*Vamos Compartilhar bastante, pra gente começar o dia com tudo!* Link: https://engaja.pro/missao01-30-04",mensagem simples,2026-04-30 08:16:32.627+00,Mobiliza PE,270862800433165@lid,Mobiliza PE,2026-04-30 11:16:33.038799+00
2190,Pernambuco,Mobiliza PE,Mobiliza PE,120363405595256912@g.us,3EB00D0EE9D812486F45D5,"🚨*MISSÃO NOVA NA ÁREA*🚨

Ei, tu viu o movimento? *Recife tá rocheda demais! Enquanto muita gente só reclama, nossa capital tá abrindo porta, gerando oportunidade e botando dinheiro no bolso da turma.* É mais de 3.600 novas carteiras assinadas só em março.

*É isso que queremos pra Pernambuco!* #PEpraFrente 🚀💛

*Vamos Compartilhar bastante, pra gente começar o dia com tudo!* Link: https://engaja.pro/missao01-30-04",mensagem simples,2026-04-30 08:16:39.02+00,Mobiliza PE,270862800433165@lid,Mobiliza PE,2026-04-30 11:16:39.384414+00
2191,Pará,Engaja 2.0,Engaja 2.0 (Azul),120363422002705740@g.us,3A88ADEDD32099894339,"https://engaja.pro/30-04-engaja-02-a

Boa tarde!

Vamos lá!
Curtir, comentar, compartilhar e salvar! 🚀

*Exemplos de comentários para usar como base (não copie, apenas se inspire).*

1. Parabéns, governadora Hana! Um espaço que acolhe e respeita todas as crianças, isso é fazer a diferença de verdade.
2. Governadora Hana, que iniciativa linda e necessária. Inclusão com cuidado e respeito. Parabéns pelo trabalho!
3. Que orgulho da governadora Hana! Um projeto que transforma vidas e traz mais dignidade para as famílias.
4. Parabéns, governadora Hana! Sensibilidade e compromisso com quem mais precisa.",mensagem simples,2026-04-30 12:14:08.55+00,Engaja,251015655874706@lid,Engaja,2026-04-30 15:14:08.902217+00
2192,Pará,Engaja 2.0,Engaja 2.0 (Vermelha),120363419511068404@g.us,3A567061A01905F376D7,"https://engaja.pro/30-04-engaja-02-b

Boa tarde!

Vamos lá!
Curtir, comentar, compartilhar e salvar! 🚀

*Exemplos de comentários para usar como base (não copie, apenas se inspire).*

1. Parabéns, governadora Hana! Um espaço que acolhe e respeita todas as crianças, isso é fazer a diferença de verdade.
2. Governadora Hana, que iniciativa linda e necessária. Inclusão com cuidado e respeito. Parabéns pelo trabalho!
3. Que orgulho da governadora Hana! Um projeto que transforma vidas e traz mais dignidade para as famílias.
4. Parabéns, governadora Hana! Sensibilidade e compromisso com quem mais precisa.",mensagem simples,2026-04-30 12:14:16.045+00,Engaja,251015655874706@lid,Engaja,2026-04-30 15:14:16.603499+00
2193,Pernambuco,Mobiliza,Mobiliza,120363425016992076@g.us,A59C69CA2D9EA3B9AC6E427C373CE4A7,(Mensagem de mídia sem texto),video,2026-04-30 14:58:21.869+00,Central Mobiliza,230150839005189@lid,Central Mobiliza,2026-04-30 17:58:22.245792+00
2194,Pará,Engaja 2.0,Engaja 2.0 (Azul),120363422002705740@g.us,AC7D198909CA318EA809D8BD2A968573,"Boa tarde!

https://engaja.pro/30-04-engaja-04-a 

Vamos lá!
Curtir, comentar, compartilhar e salvar! 🚀

*Exemplos de comentários para usar como base (não copie, apenas se inspire).*
Que notícia importante para as famílias do Pará. Saúde materno-infantil faz toda diferença. Parabéns Hana!!!

Muito bonito ver um hospital novo já transformando vidas desde o primeiro mês de funcionamento.

Parabéns aos profissionais de saúde pelo cuidado e dedicação nesse momento tão especial. O Pará só avança. Agradecemos muito, Hana!

Investir em maternidade e atendimento infantil é investir no futuro. Excelente notícia.",mensagem simples,2026-04-30 14:59:59.883+00,Engaja 2.0,14406041767997@lid,Engaja 2.0,2026-04-30 18:00:00.953622+00
2195,Pará,Engaja 2.0,Engaja 2.0 (Vermelha),120363419511068404@g.us,AC7A02EF44FD07E2E1535ABCB11B6FA3,"Boa tarde!

https://engaja.pro/30-04-engaja-04-b

Vamos lá!
Curtir, comentar, compartilhar e salvar! 🚀

*Exemplos de comentários para usar como base (não copie, apenas se inspire).*
Que notícia importante para as famílias do Pará. Saúde materno-infantil faz toda diferença. Parabéns Hana!!!

Muito bonito ver um hospital novo já transformando vidas desde o primeiro mês de funcionamento.

Parabéns aos profissionais de saúde pelo cuidado e dedicação nesse momento tão especial. O Pará só avança. Agradecemos muito, Hana!

Investir em maternidade e atendimento infantil é investir no futuro. Excelente notícia.",mensagem simples,2026-04-30 15:00:40.306+00,Engaja 2.0,14406041767997@lid,Engaja 2.0,2026-04-30 18:00:41.149347+00
2196,Pará,Engaja 2.0,Engaja 2.0 (Azul),120363422002705740@g.us,ACFA81C548D48E7D246ED6E1B6144917,"Boa tarde!

https://engaja.pro/30-04-engaja-04-a 

Vamos lá!
Curtir, comentar, compartilhar e salvar! 🚀

*Exemplos de comentários para usar como base (não copie, apenas se inspire).*
Que notícia importante para as famílias do Pará. Saúde materno-infantil faz toda diferença. Parabéns Hana!!!

Muito bonito ver um hospital novo já transformando vidas desde o primeiro mês de funcionamento.

Parabéns aos profissionais de saúde pelo cuidado e dedicação nesse momento tão especial. O Pará só avança. Agradecemos muito, Hana!

Investir em maternidade e atendimento infantil é investir no futuro. Excelente notícia.",mensagem simples,2026-04-30 16:28:12.552+00,Engaja 2.0,14406041767997@lid,Engaja 2.0,2026-04-30 19:28:13.412215+00
2197,Pará,Engaja 2.0,Engaja 2.0 (Vermelha),120363419511068404@g.us,AC3CE8533875D0F84E70EB3C396E11FB,"Boa tarde!

https://engaja.pro/30-04-engaja-04-b

Vamos lá!
Curtir, comentar, compartilhar e salvar! 🚀

*Exemplos de comentários para usar como base (não copie, apenas se inspire).*
Que notícia importante para as famílias do Pará. Saúde materno-infantil faz toda diferença. Parabéns Hana!!!

Muito bonito ver um hospital novo já transformando vidas desde o primeiro mês de funcionamento.

Parabéns aos profissionais de saúde pelo cuidado e dedicação nesse momento tão especial. O Pará só avança. Agradecemos muito, Hana!

Investir em maternidade e atendimento infantil é investir no futuro. Excelente notícia.",mensagem simples,2026-04-30 16:28:25.975+00,Engaja 2.0,14406041767997@lid,Engaja 2.0,2026-04-30 19:28:26.621028+00
2198,Pará,Engaja 2.0,Engaja 2.0 (Azul),120363422002705740@g.us,3EB0D1056BF6EACB19B2FC,"Olá, boa tarde! Tudo bem por aí? *Passando pra dar aquele check rápido com vocês.* Quero lembrar que ninguém precisa caminhar sozinho, no que precisarem, estamos por aqui pra ajudar.",mensagem simples,2026-04-30 16:31:21.593+00,Engaja 2.0,14406041767997@lid,Engaja 2.0,2026-04-30 19:31:22.300884+00
2200,Pará,Engaja 2.0,Engaja 2.0 (Azul),120363422002705740@g.us,3EB025B1361464C1D747BE,"📊 ENQUETE: Como foi sua semana até aqui? (Opções: Estou avançando bem e conseguindo acompanhar 🚀 | Estou indo, mas travei em algumas coisas 😅 | Preciso de um apoio pra destravar 🙏)",enquete,2026-04-30 16:31:27.874+00,Engaja 2.0,14406041767997@lid,Engaja 2.0,2026-04-30 19:31:28.510655+00
2202,Pará,Engaja 2.0,Engaja 2.0 (Azul),120363422002705740@g.us,3EB0E746D9C82351CFDA14,"Durante o feriado e o fim de semana seguiremos ativos por aqui, então qualquer dúvida, dificuldade ou necessidade de apoio, podem chamar sem problema.🤝",mensagem simples,2026-04-30 16:31:35.521+00,Engaja 2.0,14406041767997@lid,Engaja 2.0,2026-04-30 19:31:36.602708+00
2203,Escalada,Rede Escalada,Rede Escalada,120363406995389389@g.us,3EB006DB2DA289D58235C6,"🚨 *SPOILER REAL: O IPHONE PODE SER SEU A PARTIR DE AMANHÃ!* 🔥

Tá sentindo o cheiro de celular novo? Amanhã começa o *Mês Flash* e a regra é clara: quem acumular mais pontos, leva o iPhone pra casa. 🏆

Já dá aquela conferida no seu nível e entra na comunidade, porque as missões vão aparecer por lá e cada ponto é um passo mais perto do *iphone*.

Já avisa o sono que amanhã a gente não dorme, a gente pontua! Está preparado(a)? 👀",mensagem simples,2026-04-30 16:36:54.578+00,Central Escalada,194674308468846@lid,Central Escalada,2026-04-30 19:36:55.091709+00
2205,Pará,Engaja 2.0,Engaja 2.0 (Vermelha),120363419511068404@g.us,3AE1130C3C3427AA95D2,"Boa tarde!

Vamos lá!
Curtir, comentar, compartilhar e salvar! 🚀
🔗https://engaja.pro/30-04-engaja-05-b
*Exemplos de comentários para usar como base (não copie, apenas se inspire).*
Parabéns, Helder, por valorizar momentos tão importantes de fé e união para o povo do Pará.

Muito bonito ver essa iniciativa crescendo e chegando à quarta edição. Helder está de parabéns por apoiar algo tão especial.

A fé move pessoas e transforma vidas. Parabéns, Helder, por incentivar esse grande encontro no Pará.

Helder mostra sensibilidade e compromisso ao fortalecer eventos que unem famílias e renovam esperanças. Parabéns.",mensagem simples,2026-04-30 17:17:41.26+00,Engaja 2.0,180728683843682@lid,Engaja 2.0,2026-04-30 20:17:41.69551+00
2206,Pará,Engaja 2.0,Engaja 2.0 (Azul),120363422002705740@g.us,3A9DE66026F20DF64D76,"Boa tarde!

Vamos lá!
Curtir, comentar, compartilhar e salvar! 🚀
🔗https://engaja.pro/30-04-engaja-05-a
*Exemplos de comentários para usar como base (não copie, apenas se inspire).*
Parabéns, Helder, por valorizar momentos tão importantes de fé e união para o povo do Pará.

Muito bonito ver essa iniciativa crescendo e chegando à quarta edição. Helder está de parabéns por apoiar algo tão especial.

A fé move pessoas e transforma vidas. Parabéns, Helder, por incentivar esse grande encontro no Pará.

Helder mostra sensibilidade e compromisso ao fortalecer eventos que unem famílias e renovam esperanças. Parabéns.",mensagem simples,2026-04-30 17:19:51.374+00,Engaja 2.0,180728683843682@lid,Engaja 2.0,2026-04-30 20:19:51.538521+00
2207,Mato Grosso do Sul,Engaja MS,Engaja MS,120363424459503632@g.us,3EB0F39FBA92DA3E2A5397,"Finalzinho de tarde em clima de véspera de feriado! 👀
Desejamos um ótimo final de semana e um feriado de descanso para todos.",mensagem simples,2026-04-30 17:46:15.99+00,Engaja MS,164785714897032@lid,Engaja MS,2026-04-30 20:46:17.991507+00
2208,Mato Grosso do Sul,Senador Nelsinho | CANAL OFICIAL,Senador Nelsinho | CANAL OFICIAL,120363423242767408@g.us,3EB072A9A36B8E72299872,"Finalzinho de tarde em clima de véspera de feriado! 
Desejo um ótimo descanso para todos vocês e que aproveitem bem o final de semana com a família. Que Deus ilumine o caminho de cada um. Amém.",mensagem simples,2026-04-30 17:50:33.568+00,Senador Nelsinho Trad,148155450556608@lid,Senador Nelsinho Trad,2026-04-30 20:50:34.015663+00
2209,Pará,Engaja 2.0,Engaja 2.0 (Azul),120363422002705740@g.us,ACEBAAC03E26284A5469B523446EE4AD,"https://engaja.pro/30-04-engaja-06-a

Boa noite! 

Vamos lá!
Curtir, comentar, compartilhar e salvar! 🚀

*Exemplos de comentários para usar como base (não copie, apenas se inspire).*

Hana, seu trabalho mostra compromisso de verdade com a população. Investir na Polícia Civil é investir em proteção e dignidade.

Grande conquista para Soure e toda a região. Parabéns, Hana, por fortalecer a segurança pública com ações concretas.

Hana vem mostrando gestão séria e presente. Esse novo complexo representa avanço, respeito e mais proteção para as famílias.

Parabéns, Hana, por olhar para todas as regiões e garantir que o Marajó também receba investimentos importantes como esse.",mensagem simples,2026-04-30 18:13:20.124+00,Engaja 2.0,14406041767997@lid,Engaja 2.0,2026-04-30 21:13:20.395288+00
2210,Pará,Engaja 2.0,Engaja 2.0 (Vermelha),120363419511068404@g.us,AC91353A60C151DA5617B2E334C3D8D9,"https://engaja.pro/30-04-engaja-06-b

Boa noite! 

Vamos lá!
Curtir, comentar, compartilhar e salvar! 🚀

*Exemplos de comentários para usar como base (não copie, apenas se inspire).*

Hana, seu trabalho mostra compromisso de verdade com a população. Investir na Polícia Civil é investir em proteção e dignidade.

Grande conquista para Soure e toda a região. Parabéns, Hana, por fortalecer a segurança pública com ações concretas.

Hana vem mostrando gestão séria e presente. Esse novo complexo representa avanço, respeito e mais proteção para as famílias.

Parabéns, Hana, por olhar para todas as regiões e garantir que o Marajó também receba investimentos importantes como esse.",mensagem simples,2026-04-30 18:13:40.365+00,Engaja 2.0,14406041767997@lid,Engaja 2.0,2026-04-30 21:13:40.718989+00
2211,Pará,Engaja 2.0,Engaja 2.0 (Azul),120363422002705740@g.us,AC9ADE5316504300C911883F4E8B2602,"https://engaja.pro/30-04-engaja-07-a

Boa noite! 

Vamos lá!
Curtir, comentar, compartilhar e salvar! 🚀

*Exemplos de comentários para usar como base (não copie, apenas se inspire).*
União que gera resultados reais para quem mais precisa. O Pará só tem a ganhar com a nossa governadora Hana.  

Parceria de sucesso! É gratificante acompanhar esse movimento de transformação em nosso estado.

Juntos somos mais fortes e o avanço do Pará é o nosso maior objetivo. Parabéns a Hana e a todos os envolvidos!

Ações que fortalecem o presente e constroem um futuro melhor para o nosso povo.",mensagem simples,2026-04-30 18:29:28.104+00,Engaja 2.0,14406041767997@lid,Engaja 2.0,2026-04-30 21:29:28.320922+00
2212,Pará,Engaja 2.0,Engaja 2.0 (Vermelha),120363419511068404@g.us,AC4303DEA6ACE15CF22BF9B22DFD16A2,"https://engaja.pro/30-04-engaja-07-b

Boa noite! 

Vamos lá!
Curtir, comentar, compartilhar e salvar! 🚀

*Exemplos de comentários para usar como base (não copie, apenas se inspire).*
União que gera resultados reais para quem mais precisa. O Pará só tem a ganhar com a nossa governadora Hana.  

Parceria de sucesso! É gratificante acompanhar esse movimento de transformação em nosso estado.

Juntos somos mais fortes e o avanço do Pará é o nosso maior objetivo. Parabéns a Hana e a todos os envolvidos!

Ações que fortalecem o presente e constroem um futuro melhor para o nosso povo.",mensagem simples,2026-04-30 18:29:45.506+00,Engaja 2.0,14406041767997@lid,Engaja 2.0,2026-04-30 21:29:45.998823+00
2213,Pará,Engaja 2.0,Engaja 2.0 (Vermelha),120363419511068404@g.us,3AB71CC7873DFCE91F6A,"https://engaja.pro/30-04-engaja-08-b

Boa noite!

Vamos lá!
Curtir, comentar, compartilhar e salvar! 🚀

*Exemplos de comentários para usar como base (não copie, apenas se inspire).*

1. Parabéns, governadora Hana! Valorizar nossa cultura é valorizar o povo paraense.
2. Governadora Hana, que iniciativa linda. Nosso queijo do Marajó merece todo esse reconhecimento. Parabéns!
3. Que orgulho da governadora Hana fortalecendo nossas tradições e a produção local. Parabéns!
4. Parabéns, governadora Hana! Cultura, identidade e desenvolvimento caminhando juntos.",mensagem simples,2026-04-30 19:04:54.475+00,Engaja,251015655874706@lid,Engaja,2026-04-30 22:04:54.809825+00
2214,Pará,Engaja 2.0,Engaja 2.0 (Azul),120363422002705740@g.us,3A75BEC68D8A987EA0BD,"https://engaja.pro/30-04-engaja-08-a

Boa noite!

Vamos lá!
Curtir, comentar, compartilhar e salvar! 🚀

*Exemplos de comentários para usar como base (não copie, apenas se inspire).*

1. Parabéns, governadora Hana! Valorizar nossa cultura é valorizar o povo paraense.
2. Governadora Hana, que iniciativa linda. Nosso queijo do Marajó merece todo esse reconhecimento. Parabéns!
3. Que orgulho da governadora Hana fortalecendo nossas tradições e a produção local. Parabéns!
4. Parabéns, governadora Hana! Cultura, identidade e desenvolvimento caminhando juntos.",mensagem simples,2026-04-30 19:05:06.533+00,Engaja,251015655874706@lid,Engaja,2026-04-30 22:05:06.908515+00
2215,Pará,Engaja 2.0,Engaja 2.0 (Azul),120363422002705740@g.us,3A3C2A28F628AD232CCD,"https://engaja.pro/30-04-engaja-09-a

Boa noite!

Vamos lá!
Curtir, comentar, compartilhar e salvar! 🚀

*Exemplos de comentários para usar como base (não copie, apenas se inspire).*

1. Parabéns, futuro senador Helder! Sempre construindo diálogo e união pelo nosso Pará.
2. Futuro senador Helder, sua liderança fortalece parcerias importantes para o estado. Parabéns!
3. Que orgulho ver o futuro senador Helder somando ideias e trabalhando pelo desenvolvimento.
4. Parabéns, futuro senador Helder! Trabalho sério e compromisso com o povo paraense.",mensagem simples,2026-04-30 19:27:54.189+00,Engaja,251015655874706@lid,Engaja,2026-04-30 22:27:54.483553+00
2216,Pará,Engaja 2.0,Engaja 2.0 (Vermelha),120363419511068404@g.us,3A651BC2A5E45C7A46A7,"https://engaja.pro/30-04-engaja-09-b

Boa noite!

Vamos lá!
Curtir, comentar, compartilhar e salvar! 🚀

*Exemplos de comentários para usar como base (não copie, apenas se inspire).*

1. Parabéns, futuro senador Helder! Sempre construindo diálogo e união pelo nosso Pará.
2. Futuro senador Helder, sua liderança fortalece parcerias importantes para o estado. Parabéns!
3. Que orgulho ver o futuro senador Helder somando ideias e trabalhando pelo desenvolvimento.
4. Parabéns, futuro senador Helder! Trabalho sério e compromisso com o povo paraense.",mensagem simples,2026-04-30 19:28:06.634+00,Engaja,251015655874706@lid,Engaja,2026-04-30 22:28:07.091588+00
2217,Pará,Engaja 2.0,Engaja 2.0 (Azul),120363422002705740@g.us,3AFA59121ACC0BD927BD,"https://engaja.pro/30-04-engaja-10-a

Boa noite!

Vamos lá!
Curtir, comentar, compartilhar e salvar! 🚀

*Exemplos de comentários para usar como base (não copie, apenas se inspire).*

1. Parabéns, governadora Hana! Trabalho que salva vidas e traz dignidade para tantas famílias.
2. Governadora Hana, que resultado incrível em tão pouco tempo. Parabéns pela dedicação e compromisso com a saúde!
3. Que orgulho da governadora Hana! Mais cuidado, mais vidas e mais esperança para o nosso estado.
4. Parabéns, governadora Hana! Investimento e gestão que realmente fazem a diferença na vida das pessoas.",mensagem simples,2026-04-30 21:51:17.959+00,Engaja,251015655874706@lid,Engaja,2026-05-01 00:51:18.390004+00
2219,Pará,Engaja 2.0,Engaja 2.0 (Vermelha),120363419511068404@g.us,3AFA800AEFB79437D61B,"https://engaja.pro/30-04-engaja-10-b

Boa noite!

Vamos lá!
Curtir, comentar, compartilhar e salvar! 🚀

*Exemplos de comentários para usar como base (não copie, apenas se inspire).*

1. Parabéns, governadora Hana! Trabalho que salva vidas e traz dignidade para tantas famílias.
2. Governadora Hana, que resultado incrível em tão pouco tempo. Parabéns pela dedicação e compromisso com a saúde!
3. Que orgulho da governadora Hana! Mais cuidado, mais vidas e mais esperança para o nosso estado.
4. Parabéns, governadora Hana! Investimento e gestão que realmente fazem a diferença na vida das pessoas.",mensagem simples,2026-04-30 21:52:10.073+00,Engaja,251015655874706@lid,Engaja,2026-05-01 00:52:10.389652+00
2220,Mato Grosso do Sul,Senador Nelsinho | CANAL OFICIAL,Senador Nelsinho | CANAL OFICIAL,120363423242767408@g.us,3EB0E4F42653AA58254B7A,"Pessoal, mesmo na véspera do feriado, o trabalho aqui em Brasília segue intenso.

*Derrubamos o veto sobre a dosimetria das penas do 8 de janeiro.* É uma medida importante para garantir que a justiça seja equilibrada e proporcional para cada caso.

Aí no vídeo compartilho mais da minha visão sobre o assunto.

Aproveito para desejar um bom feriado do Dia do Trabalho a todos. Que Deus nos abençoe.",video,2026-04-30 21:59:48.446+00,Senador Nelsinho Trad,148155450556608@lid,Senador Nelsinho Trad,2026-05-01 00:59:48.909165+00
2235,Pará,Engaja 2.0,Engaja 2.0 (Azul),120363422002705740@g.us,3A88CE98E1062FC37198,"https://engaja.pro/30-04-engaja-11-a

Boa noite!

Vamos lá!
Curtir, comentar, compartilhar e salvar! 🚀

*Exemplos de comentários para usar como base (não copie, apenas se inspire).*

1. Meus sentimentos a todos os familiares. Parabéns ao futuro senador Helder pela sensibilidade e respeito nesse momento tão difícil.
2. Uma grande perda. O futuro senador Helder demonstra humanidade e cuidado ao prestar essa homenagem. Meus sentimentos a todos.
3. Que Deus conforte o coração da família. Parabéns ao futuro senador Helder pela mensagem de respeito e reconhecimento.
4. Momento de muita tristeza. O futuro senador Helder mostra grandeza e sensibilidade. Meus sentimentos.",mensagem simples,2026-04-30 23:49:15.913+00,Engaja,251015655874706@lid,Engaja,2026-05-01 02:49:16.310557+00
2236,Pará,Engaja 2.0,Engaja 2.0 (Vermelha),120363419511068404@g.us,3ABBD183D4A19D9EB188,"https://engaja.pro/30-04-engaja-11-b

Boa noite!

Vamos lá!
Curtir, comentar, compartilhar e salvar! 🚀

*Exemplos de comentários para usar como base (não copie, apenas se inspire).*

1. Meus sentimentos a todos os familiares. Parabéns ao futuro senador Helder pela sensibilidade e respeito nesse momento tão difícil.
2. Uma grande perda. O futuro senador Helder demonstra humanidade e cuidado ao prestar essa homenagem. Meus sentimentos a todos.
3. Que Deus conforte o coração da família. Parabéns ao futuro senador Helder pela mensagem de respeito e reconhecimento.
4. Momento de muita tristeza. O futuro senador Helder mostra grandeza e sensibilidade. Meus sentimentos.",mensagem simples,2026-04-30 23:49:39.193+00,Engaja,251015655874706@lid,Engaja,2026-05-01 02:49:39.482846+00
2237,Pará,Engaja 2.0,Engaja 2.0 (Azul),120363422002705740@g.us,3A0E3DF58A474184BE3F,"https://engaja.pro/01-05-engaja-01-a

Bom dia!

Vamos lá!
Curtir, comentar, compartilhar e salvar! 🚀

*Exemplos de comentários para usar como base (não copie, apenas se inspire).*

1. Parabéns, governadora Hana! Trabalho que não para e transforma o nosso Pará todos os dias.
2. Governadora Hana, sua dedicação e compromisso com quem faz o estado acontecer são inspiradores. Parabéns!
3. Que orgulho da governadora Hana valorizando quem constrói, cuida e move o Pará.
4. Parabéns, governadora Hana! Trabalho de verdade, feito com responsabilidade e resultado.",mensagem simples,2026-05-01 09:07:52.013+00,Engaja,251015655874706@lid,Engaja,2026-05-01 12:07:52.590892+00
2238,Pará,Engaja 2.0,Engaja 2.0 (Vermelha),120363419511068404@g.us,3A7C6806799EA4FE54BB,"https://engaja.pro/01-05-engaja-01-b

Bom dia!

Vamos lá!
Curtir, comentar, compartilhar e salvar! 🚀

*Exemplos de comentários para usar como base (não copie, apenas se inspire).*

1. Parabéns, governadora Hana! Trabalho que não para e transforma o nosso Pará todos os dias.
2. Governadora Hana, sua dedicação e compromisso com quem faz o estado acontecer são inspiradores. Parabéns!
3. Que orgulho da governadora Hana valorizando quem constrói, cuida e move o Pará.
4. Parabéns, governadora Hana! Trabalho de verdade, feito com responsabilidade e resultado.",mensagem simples,2026-05-01 09:08:07.041+00,Engaja,251015655874706@lid,Engaja,2026-05-01 12:08:07.590575+00
2239,Mato Grosso do Sul,Senador Nelsinho | CANAL OFICIAL,Senador Nelsinho | CANAL OFICIAL,120363423242767408@g.us,3EB042455BBDFA32F07BCF,"O primeiro de Maio começa com uma notícia histórica para o nosso Mato Grosso do Sul.

*O acordo Mercosul-União Europeia entra em vigor hoje.* São 26 anos de trabalho para garantir mais emprego e renda para o nosso povo. *Expliquei a importância disso no link aqui abaixo.* 

https://engaja.pro/engajams01-01-05

*É uma conquista que merece ser muito celebrada e compartilhada.*",imagem,2026-05-01 09:44:01.892+00,Senador Nelsinho Trad,148155450556608@lid,Senador Nelsinho Trad,2026-05-01 12:44:02.754977+00
2240,Mato Grosso do Sul,Engaja MS,Engaja MS,120363424459503632@g.us,3EB0E165A0527A7481760D,"🚀 *CONQUISTA HISTÓRICA PARA O NOSSO MS!*

Bom dia, pessoal! Feliz Dia do Trabalho para todos nós.🇧🇷

*Depois de 26 anos, o acordo Mercosul-União Europeia entra em vigor hoje!* É uma conquista gigante que o Senador Nelsinho ajudou a construir e que traz o que o nosso trabalhador mais precisa: mais emprego, renda e oportunidades.

Precisamos que essa vitória tão importante para o nosso povo chegue a todos! *Passem no link abaixo para curtir e deixar um comentário no post, e nos comentários dos nos amigos que já apoiaram.* Vamos fazer essa conquista alcançar cada esquina do MS! 🚀

Link: https://engaja.pro/engajams01-01-05",mensagem simples,2026-05-01 09:44:41.128+00,Engaja MS,164785714897032@lid,Engaja MS,2026-05-01 12:44:41.688515+00
2241,Pará,Engaja 2.0,Engaja 2.0 (Azul),120363422002705740@g.us,3A044279E10D83BD4B49,"https://engaja.pro/01-05-engaja-02-a

Bom dia!

Vamos lá!
Curtir, comentar, compartilhar e salvar! 🚀

*Exemplos de comentários para usar como base (não copie, apenas se inspire).*

1. Parabéns, futuro senador Helder! Reconhecer o trabalho de quem constrói o nosso estado todos os dias é essencial.
2. Futuro senador Helder, sua valorização dos trabalhadores mostra o tamanho do seu compromisso. Parabéns!
3. Que mensagem importante, futuro senador Helder! O Pará avança com esforço e dedicação de muita gente.
4. Parabéns, futuro senador Helder! Liderança que reconhece e valoriza quem faz a diferença.",mensagem simples,2026-05-01 10:41:23.058+00,Engaja,251015655874706@lid,Engaja,2026-05-01 13:41:23.300448+00
2242,Pará,Engaja 2.0,Engaja 2.0 (Vermelha),120363419511068404@g.us,3AA7722C40ECADCD7FDA,"https://engaja.pro/01-05-engaja-02-b

Bom dia!

Vamos lá!
Curtir, comentar, compartilhar e salvar! 🚀

*Exemplos de comentários para usar como base (não copie, apenas se inspire).*

1. Parabéns, futuro senador Helder! Reconhecer o trabalho de quem constrói o nosso estado todos os dias é essencial.
2. Futuro senador Helder, sua valorização dos trabalhadores mostra o tamanho do seu compromisso. Parabéns!
3. Que mensagem importante, futuro senador Helder! O Pará avança com esforço e dedicação de muita gente.
4. Parabéns, futuro senador Helder! Liderança que reconhece e valoriza quem faz a diferença.",mensagem simples,2026-05-01 10:42:24.511+00,Engaja,251015655874706@lid,Engaja,2026-05-01 13:42:24.714595+00
2243,Pernambuco,Mobiliza,Mobiliza,120363425016992076@g.us,3EB07437EEC001FE688953,"🚨*MISSÃO NOVA NA ÁREA*🚨

Bom dia meu povo! O monitoramento da cidade tá a todo vapor e *o cuidado com cada canto do Recife é prioridade total.*

*É bonito de ver o empenho pra deixar tudo em ordem e todo mundo em segurança.* Aqui o trabalho não para, visse? 
Vamos comentar e dar aquela força a quem cuida e quer o melhor da gente. 💛💛💛

Bora invadir os comentários!

Link: https://engaja.pro/missao01-01-05",imagem,2026-05-01 11:19:51.838+00,Mobiliza PE,111055674052635@lid,Mobiliza PE,2026-05-01 14:19:52.278623+00
2244,Pernambuco,Mobiliza PE,Mobiliza PE,120363405595256912@g.us,3EB080D8D3DE4718A59CD5,"🚨*ATENÇÃO, PESSOAL! MISSÃO NOVA*🚨

Com as chuvas intensas atingindo Recife e região, é hora de nos unirmos. *O cuidado e o apoio são fundamentais.*
*É o momento de seguirmos juntos*, cuidando uns dos outros e protegendo vidas. Pernambuco é isso, união e solidariedade! 💛💛💛

*Vamos comentar e compartilhar, simbora!*

Link: https://engaja.pro/missao02-01-05",mensagem simples,2026-05-01 17:17:40.357+00,Mobiliza PE,270862800433165@lid,Mobiliza PE,2026-05-01 20:17:40.725688+00
2245,Pernambuco,Mobiliza PE,Mobiliza PE,120363405595256912@g.us,3EB0C500AC91A360626C76,"*Os comentarios vocês já sabem, sem copiar*",mensagem simples,2026-05-01 17:17:45.335+00,Mobiliza PE,270862800433165@lid,Mobiliza PE,2026-05-01 20:17:45.679521+00
2246,Pernambuco,Mobiliza PE,Mobiliza PE,120363405595256912@g.us,3EB0F12920BBC9A59AD82B,"Solidariedade de verdade não é discurso, é presença. Boa, João! 💛💛",mensagem simples,2026-05-01 17:18:19.393+00,Mobiliza PE,270862800433165@lid,Mobiliza PE,2026-05-01 20:18:19.612475+00
2247,Pernambuco,Mobiliza PE,Mobiliza PE,120363405595256912@g.us,3EB04BF1A6EB3F989E61E0,Gestor que não some na crise. Boa! 💛💛🚀,mensagem simples,2026-05-01 17:18:29.529+00,Mobiliza PE,270862800433165@lid,Mobiliza PE,2026-05-01 20:18:29.805435+00
2248,Pernambuco,Mobiliza PE,Mobiliza PE,120363405595256912@g.us,3EB03BCF4E0E864D7A76FD,"União não é só palavra bonita. Isso sim é atitude de coordenação, João! Boa!💛",mensagem simples,2026-05-01 17:18:40.024+00,Mobiliza PE,270862800433165@lid,Mobiliza PE,2026-05-01 20:18:41.296202+00
2249,Pernambuco,Mobiliza PE,Mobiliza PE,120363405595256912@g.us,3EB0155B6383A3B85CD467,"Liderança é exatamente isso: presente, sério e com foco em proteger as pessoas 🚀💛",mensagem simples,2026-05-01 17:18:45.549+00,Mobiliza PE,270862800433165@lid,Mobiliza PE,2026-05-01 20:18:45.812917+00
2250,Pernambuco,Mobiliza PE,Mobiliza PE,120363405595256912@g.us,3EB0CE10F4260C0B3FAF1B,Atencioso e presente. Isso que é atitude! Massa saber que tem político que gosta de cuidar do povo 💛💛,mensagem simples,2026-05-01 17:18:47.553+00,Mobiliza PE,270862800433165@lid,Mobiliza PE,2026-05-01 20:18:47.783127+00
2251,Pernambuco,Mobiliza,Mobiliza,120363425016992076@g.us,3EB094921E1FD9D495B5EE,"🚨*ATENÇÃO, PESSOAL! MISSÃO NOVA*🚨

Com as chuvas intensas atingindo Recife e região, é hora de nos unirmos. *O cuidado e o apoio são fundamentais.*
*É o momento de seguirmos juntos*, cuidando uns dos outros e protegendo vidas. Pernambuco é isso, união e solidariedade! 💛💛💛

*Vamos comentar e compartilhar, simbora!*

Link: https://engaja.pro/missao02-01-05",imagem,2026-05-01 17:19:29.223+00,Mobiliza PE,270862800433165@lid,Mobiliza PE,2026-05-01 20:19:29.695822+00
2252,Pernambuco,Mobiliza,Mobiliza,120363425016992076@g.us,3EB076D36794DA82F607D0,"*Os comentarios vocês já sabem, sem copiar*",mensagem simples,2026-05-01 17:19:40.164+00,Mobiliza PE,270862800433165@lid,Mobiliza PE,2026-05-01 20:19:40.504311+00
2253,Pernambuco,Mobiliza,Mobiliza,120363425016992076@g.us,3EB0723846B285F607B40F,"Solidariedade de verdade não é discurso, é presença. Boa, João! 💛💛",mensagem simples,2026-05-01 17:20:09.429+00,Mobiliza PE,270862800433165@lid,Mobiliza PE,2026-05-01 20:20:09.829831+00
2254,Pernambuco,Mobiliza,Mobiliza,120363425016992076@g.us,3EB04B8841479B25B78833,Gestor que não some na crise. Boa! 💛💛🚀,mensagem simples,2026-05-01 17:20:19.177+00,Mobiliza PE,270862800433165@lid,Mobiliza PE,2026-05-01 20:20:19.49579+00
2255,Pernambuco,Mobiliza,Mobiliza,120363425016992076@g.us,3EB0494580E1FD09DA92EE,"União não é só palavra bonita. Isso sim é atitude de coordenação, João! Boa!💛",mensagem simples,2026-05-01 17:20:26.461+00,Mobiliza PE,270862800433165@lid,Mobiliza PE,2026-05-01 20:20:26.79097+00
2256,Pernambuco,Mobiliza,Mobiliza,120363425016992076@g.us,3EB02FBEEC926E7E35CC5F,"Liderança é exatamente isso: presente, sério e com foco em proteger as pessoas 🚀💛",mensagem simples,2026-05-01 17:20:32.085+00,Mobiliza PE,270862800433165@lid,Mobiliza PE,2026-05-01 20:20:32.297926+00
2257,Pernambuco,Mobiliza,Mobiliza,120363425016992076@g.us,3EB022F0C59E921C3D8E64,Atencioso e presente. Isso que é atitude! Massa saber que tem político que gosta de cuidar do povo 💛💛,mensagem simples,2026-05-01 17:20:34.717+00,Mobiliza PE,270862800433165@lid,Mobiliza PE,2026-05-01 20:20:35.095188+00
2258,Pará,Engaja 2.0,Engaja 2.0 (Azul),120363422002705740@g.us,3A1574C99E4EDD623BFB,"https://engaja.pro/01-05-engaja-03-a

Boa noite!

Vamos lá!
Curtir, comentar, compartilhar e salvar! 🚀

*Exemplos de comentários para usar como base (não copie, apenas se inspire).*

1. Parabéns, governadora Hana! Mais uma obra saindo do papel e virando realidade para o povo.
2. Governadora Hana, trabalho que gera oportunidade e melhora a vida de quem precisa. Parabéns!
3. Que orgulho da governadora Hana! Desenvolvimento chegando com organização e mais renda para todos.
4. Parabéns, governadora Hana! Compromisso que se transforma em ação de verdade.",mensagem simples,2026-05-01 18:02:42.907+00,Engaja,251015655874706@lid,Engaja,2026-05-01 21:02:43.304546+00
2259,Pará,Engaja 2.0,Engaja 2.0 (Vermelha),120363419511068404@g.us,3AB5F9BF79281C6C8408,"https://engaja.pro/01-05-engaja-03-b

Boa noite!

Vamos lá!
Curtir, comentar, compartilhar e salvar! 🚀

*Exemplos de comentários para usar como base (não copie, apenas se inspire).*

1. Parabéns, governadora Hana! Mais uma obra saindo do papel e virando realidade para o povo.
2. Governadora Hana, trabalho que gera oportunidade e melhora a vida de quem precisa. Parabéns!
3. Que orgulho da governadora Hana! Desenvolvimento chegando com organização e mais renda para todos.
4. Parabéns, governadora Hana! Compromisso que se transforma em ação de verdade.",mensagem simples,2026-05-01 18:03:26.327+00,Engaja,251015655874706@lid,Engaja,2026-05-01 21:03:26.613539+00
2260,Pará,Engaja 2.0,Engaja 2.0 (Azul),120363422002705740@g.us,3A5B96E502D00DE7241A,"https://engaja.pro/01-05-engaja-04-a

Boa noite!

Vamos lá!
Curtir, comentar, compartilhar e salvar! 🚀

*Exemplos de comentários para usar como base (não copie, apenas se inspire).*

1. Parabéns, futuro senador Helder! Mais uma conquista importante para o desenvolvimento do nosso estado.
2. Futuro senador Helder, seu trabalho ao lado das lideranças mostra compromisso real com o povo. Parabéns!
3. Que momento importante, futuro senador Helder! União e trabalho trazendo resultados para Salinópolis.
4. Parabéns, futuro senador Helder! Investimento que fortalece a economia e valoriza quem trabalha.",mensagem simples,2026-05-01 18:57:23.83+00,Engaja,251015655874706@lid,Engaja,2026-05-01 21:57:24.105501+00
2261,Pará,Engaja 2.0,Engaja 2.0 (Vermelha),120363419511068404@g.us,3A711AC9110020426B1C,"https://engaja.pro/01-05-engaja-04-b

Boa noite!

Vamos lá!
Curtir, comentar, compartilhar e salvar! 🚀

*Exemplos de comentários para usar como base (não copie, apenas se inspire).*

1. Parabéns, futuro senador Helder! Mais uma conquista importante para o desenvolvimento do nosso estado.
2. Futuro senador Helder, seu trabalho ao lado das lideranças mostra compromisso real com o povo. Parabéns!
3. Que momento importante, futuro senador Helder! União e trabalho trazendo resultados para Salinópolis.
4. Parabéns, futuro senador Helder! Investimento que fortalece a economia e valoriza quem trabalha.",mensagem simples,2026-05-01 18:57:38.805+00,Engaja,251015655874706@lid,Engaja,2026-05-01 21:57:39.103675+00
2262,Pernambuco,Mobiliza,Mobiliza,120363425016992076@g.us,3EB0B5CC3686DDFAA5462B,"*🚨 PESSOAL, MISSÃO IMPORTANTE AQUI 🚨*

As chuvas em Recife já ultrapassaram níveis muito altos, e neste momento a prioridade é  proteger vidas. 

Tem muita gente em campo, estrutura ativada e abrigos disponíveis pra quem precisar.

*👉 Se você conhece alguém na região, reforça:*
* Ficar em local seguro
* Acompanhar os alertas da Defesa Civil
* Procurar abrigo, se necessário

*Vamos comentar e compartilhar para essa mensagem chegar em mais gente:*

Link: https://engaja.pro/missao03-01-05",mensagem simples,2026-05-01 19:12:48.206+00,Mobiliza PE,270862800433165@lid,Mobiliza PE,2026-05-01 22:12:48.510439+00
2263,Pernambuco,Mobiliza PE,Mobiliza PE,120363405595256912@g.us,3EB0918A973704DAEA2D23,"*🚨 PESSOAL, MISSÃO IMPORTANTE AQUI 🚨*

As chuvas em Recife já ultrapassaram níveis muito altos, e neste momento a prioridade é  proteger vidas. 

Tem muita gente em campo, estrutura ativada e abrigos disponíveis pra quem precisar.

*👉 Se você conhece alguém na região, reforça:*
* Ficar em local seguro
* Acompanhar os alertas da Defesa Civil
* Procurar abrigo, se necessário

*Vamos comentar e compartilhar para essa mensagem chegar em mais gente:*

Link: https://engaja.pro/missao03-01-05",mensagem simples,2026-05-01 19:12:57.481+00,Mobiliza PE,270862800433165@lid,Mobiliza PE,2026-05-01 22:12:57.789435+00
2264,Pernambuco,Mobiliza PE,Mobiliza PE,120363405595256912@g.us,3EB03DBD8EE94FBF088846,*Os comentários estão acima e vocês já sabem: não é para copiar e colar.*,mensagem simples,2026-05-01 19:14:14.01+00,Mobiliza PE,270862800433165@lid,Mobiliza PE,2026-05-01 22:14:14.294495+00
2265,Pernambuco,Mobiliza,Mobiliza,120363425016992076@g.us,3EB0711817FF8B13AEABB1,*Os comentários estão acima e vocês já sabem: não é para copiar e colar.*,mensagem simples,2026-05-01 19:14:19.185+00,Mobiliza PE,270862800433165@lid,Mobiliza PE,2026-05-01 22:14:19.395033+00
2266,Pará,Engaja 2.0,Engaja 2.0 (Azul),120363422002705740@g.us,3A2C13C8165B457268AE,"https://engaja.pro/01-05-engaja-05-a

Boa noite!

Vamos lá!
Curtir, comentar, compartilhar e salvar! 🚀

*Exemplos de comentários para usar como base (não copie, apenas se inspire).*

 1. Parabéns, governadora Hana! A Usina da Paz transforma vidas e leva dignidade para quem mais precisa.
2. Governadora Hana, que alegria ver mais uma Usina da Paz chegando. Parabéns por esse trabalho tão importante!
3. Que iniciativa incrível, governadora Hana! Inclusão e oportunidade chegando com força. Parabéns!
4. Parabéns, governadora Hana! Um projeto que realmente faz a diferença na vida das pessoas.",mensagem simples,2026-05-01 20:49:37.406+00,Engaja,251015655874706@lid,Engaja,2026-05-01 23:49:37.736599+00
2267,Pará,Engaja 2.0,Engaja 2.0 (Vermelha),120363419511068404@g.us,3AB3DBD9FAD1D710DD84,"https://engaja.pro/01-05-engaja-05-b

Boa noite!

Vamos lá!
Curtir, comentar, compartilhar e salvar! 🚀

*Exemplos de comentários para usar como base (não copie, apenas se inspire).*

 1. Parabéns, governadora Hana! A Usina da Paz transforma vidas e leva dignidade para quem mais precisa.
2. Governadora Hana, que alegria ver mais uma Usina da Paz chegando. Parabéns por esse trabalho tão importante!
3. Que iniciativa incrível, governadora Hana! Inclusão e oportunidade chegando com força. Parabéns!
4. Parabéns, governadora Hana! Um projeto que realmente faz a diferença na vida das pessoas.",mensagem simples,2026-05-01 20:49:50.726+00,Engaja,251015655874706@lid,Engaja,2026-05-01 23:49:50.99801+00
2268,Pará,Engaja 2.0,Engaja 2.0 (Azul),120363422002705740@g.us,3ADC1109363A4F295BAD,"https://engaja.pro/02-05-engaja-01-a

Bom dia!

Vamos lá!
Curtir, comentar, compartilhar e salvar! 🚀

*Exemplos de comentários para usar como base (não copie, apenas se inspire).*

1. Parabéns, futuro senador Helder! Que linda homenagem. Feliz aniversário, Heva, muita saúde, alegria e amor sempre.
2. Futuro senador Helder, é emocionante ver esse carinho de pai. Parabéns! Feliz aniversário, Heva, que Deus abençoe muito sua vida.
3. Parabéns, futuro senador Helder pela família linda! Feliz aniversário, Heva, que seu dia seja cheio de felicidade.
4. Que mensagem especial, futuro senador Helder! Feliz aniversário, Heva, que você cresça sempre cercada de amor e cuidado.",mensagem simples,2026-05-02 08:59:14.924+00,Engaja,251015655874706@lid,Engaja,2026-05-02 11:59:15.330046+00
2269,Pará,Engaja 2.0,Engaja 2.0 (Vermelha),120363419511068404@g.us,3AD07AC88D996D09F867,"https://engaja.pro/02-05-engaja-01-b

Bom dia!

Vamos lá!
Curtir, comentar, compartilhar e salvar! 🚀

*Exemplos de comentários para usar como base (não copie, apenas se inspire).*

1. Parabéns, futuro senador Helder! Que linda homenagem. Feliz aniversário, Heva, muita saúde, alegria e amor sempre.
2. Futuro senador Helder, é emocionante ver esse carinho de pai. Parabéns! Feliz aniversário, Heva, que Deus abençoe muito sua vida.
3. Parabéns, futuro senador Helder pela família linda! Feliz aniversário, Heva, que seu dia seja cheio de felicidade.
4. Que mensagem especial, futuro senador Helder! Feliz aniversário, Heva, que você cresça sempre cercada de amor e cuidado.",mensagem simples,2026-05-02 08:59:27.45+00,Engaja,251015655874706@lid,Engaja,2026-05-02 11:59:27.839981+00
2270,Pará,Engaja 2.0,Engaja 2.0 (Azul),120363422002705740@g.us,3A98D615AE5F58C02EC3,"https://engaja.pro/02-05-engaja-02-a

Bom dia!

Vamos lá!
Curtir, comentar, compartilhar e salvar! 🚀

*Exemplos de comentários para usar como base (não copie, apenas se inspire).*

1. Parabéns, governadora Hana! Cuidado diário que faz a diferença na vida de cada paraense.
2. Governadora Hana, sua dedicação em cuidar das pessoas é admirável. Parabéns pelo trabalho sério!
3. Que orgulho da governadora Hana! Um compromisso verdadeiro com o povo todos os dias.
4. Parabéns, governadora Hana! Sensibilidade e responsabilidade guiando cada decisão.",mensagem simples,2026-05-02 11:02:38.924+00,Engaja,251015655874706@lid,Engaja,2026-05-02 14:02:39.403531+00
2271,Pará,Engaja 2.0,Engaja 2.0 (Vermelha),120363419511068404@g.us,3AF36A7D978491F76643,"https://engaja.pro/02-05-engaja-02-b

Bom dia!

Vamos lá!
Curtir, comentar, compartilhar e salvar! 🚀

*Exemplos de comentários para usar como base (não copie, apenas se inspire).*

1. Parabéns, governadora Hana! Cuidado diário que faz a diferença na vida de cada paraense.
2. Governadora Hana, sua dedicação em cuidar das pessoas é admirável. Parabéns pelo trabalho sério!
3. Que orgulho da governadora Hana! Um compromisso verdadeiro com o povo todos os dias.
4. Parabéns, governadora Hana! Sensibilidade e responsabilidade guiando cada decisão.",mensagem simples,2026-05-02 11:02:59.593+00,Engaja,251015655874706@lid,Engaja,2026-05-02 14:03:00.050498+00
2272,Pará,Engaja 2.0,Engaja 2.0 (Azul),120363422002705740@g.us,3A1816C3D0AB71AE8C32,"https://engaja.pro/02-05-engaja-03-a

Bom dia!

Vamos lá!
Curtir, comentar, compartilhar e salvar! 🚀

*Exemplos de comentários para usar como base (não copie, apenas se inspire).*

1. Parabéns, futuro senador Helder! Valorizando o que é nosso e fortalecendo os pequenos empreendedores.
2. Futuro senador Helder, é muito importante esse apoio à produção local. Parabéns pela iniciativa!
3. Que bom ver o futuro senador Helder dando visibilidade para quem trabalha com tanto carinho. Parabéns!
4. Parabéns, futuro senador Helder! Incentivar o comércio local faz toda a diferença.",mensagem simples,2026-05-02 11:19:18.465+00,Engaja,251015655874706@lid,Engaja,2026-05-02 14:19:18.785452+00
2273,Pará,Engaja 2.0,Engaja 2.0 (Vermelha),120363419511068404@g.us,3A6DDFDB36E465964D2E,"https://engaja.pro/02-05-engaja-03-b

Bom dia!

Vamos lá!
Curtir, comentar, compartilhar e salvar! 🚀

*Exemplos de comentários para usar como base (não copie, apenas se inspire).*

1. Parabéns, futuro senador Helder! Valorizando o que é nosso e fortalecendo os pequenos empreendedores.
2. Futuro senador Helder, é muito importante esse apoio à produção local. Parabéns pela iniciativa!
3. Que bom ver o futuro senador Helder dando visibilidade para quem trabalha com tanto carinho. Parabéns!
4. Parabéns, futuro senador Helder! Incentivar o comércio local faz toda a diferença.",mensagem simples,2026-05-02 11:20:33.438+00,Engaja,251015655874706@lid,Engaja,2026-05-02 14:20:33.770965+00
2274,Pernambuco,Mobiliza PE,Mobiliza PE,120363405595256912@g.us,A5E7D2819DEE56F49CC1A3B19D254447,"*🚨 PESSOAL, MISSÃO IMPORTANTE AQUI 🚨* 

Seguimos enfrentando um período difícil com as fortes chuvas. *A situação exige responsabilidade e ação de todos*.

Vamos fazer a nossa parte, dar as mãos, agir com solidariedade e proteger quem mais precisa.

*É hora de mostrar que estamos juntos nisso 👇*

https://engaja.pro/missao01-02-03

*Comenta, compartilha e curte pelo menos cinco comentários positivos para ajudar essa mensagem a alcançar quem precisa.*

Conto com vocês, combinado? 💛",mensagem simples,2026-05-02 11:33:01.604+00,Mobiliza PE,53610285162643@lid,Mobiliza PE,2026-05-02 14:33:02.433829+00
2275,Pernambuco,Mobiliza,Mobiliza,120363425016992076@g.us,A53AC20A514695F2739603CBD37AE8AC,"*🚨 PESSOAL, MISSÃO IMPORTANTE AQUI 🚨*

Seguimos enfrentando um período difícil com as fortes chuvas. *A situação exige responsabilidade e ação de todos*.

Vamos fazer a nossa parte, dar as mãos, agir com solidariedade e proteger quem mais precisa.

*É hora de mostrar que estamos juntos nisso 👇*

https://engaja.pro/missao01-02-03

*Comenta, compartilha e curte pelo menos cinco comentários positivos para ajudar essa mensagem a alcançar quem precisa.*

Conto com vocês, combinado? 💛",mensagem simples,2026-05-02 11:33:24.576+00,Mobiliza PE,53610285162643@lid,Mobiliza PE,2026-05-02 14:33:24.911451+00
2276,Pernambuco,Mobiliza,Mobiliza,120363425016992076@g.us,A54D9AEEE20C5808A54DBC2B092B15C9,"🚨 *MISSÃO NOVA NA ÁREA*

Seguimos enfrentando um período difícil com as fortes chuvas. Mas também vemos que o trabalho e a articulação já estão acontecendo pra buscar soluções e apoiar quem mais precisa.

*Missão:* https://engaja.pro/issao02-02-05

*Vamos curtir os comentários positivos de quem tá chegando junto com a gente, comentar e compartilhar.* Vocês já sabem o que fazer. Vamos juntos nessa 💛💛",mensagem simples,2026-05-02 13:59:49.424+00,Mobiliza PE,53610285162643@lid,Mobiliza PE,2026-05-02 16:59:49.811177+00
2277,Pernambuco,Mobiliza,Mobiliza,120363425016992076@g.us,A57E15E05D24070C56BDA75D0A61C064,*Pega a sugestão de comentário e adapta do teu jeitinho:*,mensagem simples,2026-05-02 13:59:57.165+00,Mobiliza PE,53610285162643@lid,Mobiliza PE,2026-05-02 16:59:57.582596+00
2278,Pernambuco,Mobiliza,Mobiliza,120363425016992076@g.us,A5CA1496D55D678E194FBE0E01312518,"Boa, João! 🚀💛",mensagem simples,2026-05-02 13:59:59.658+00,Mobiliza PE,53610285162643@lid,Mobiliza PE,2026-05-02 17:00:00.438542+00
2279,Pernambuco,Mobiliza,Mobiliza,120363425016992076@g.us,A5921938F51E254A839B3AE6F34F29B7,"Em momento difícil é que se conhece quem realmente se importa. Tamo com você, João! 💛💛🚀",mensagem simples,2026-05-02 14:00:01.169+00,Mobiliza PE,53610285162643@lid,Mobiliza PE,2026-05-02 17:00:03.738029+00
2280,Pernambuco,Mobiliza,Mobiliza,120363425016992076@g.us,A547B505A06ECBC800BD9E7C6F5BFFB1,"Presença e escuta. É isso que o povo precisa. Boa, João! 💛💛",mensagem simples,2026-05-02 14:00:03.48+00,Mobiliza PE,53610285162643@lid,Mobiliza PE,2026-05-02 17:00:04.459353+00
2281,Pernambuco,Mobiliza,Mobiliza,120363425016992076@g.us,A58603CADA90EB226DAA4C2DF91AC388,"Liderar é estar lá, principalmente quando aperta. Tá fazendo bonito, João! 💛",mensagem simples,2026-05-02 14:00:04.506+00,Mobiliza PE,53610285162643@lid,Mobiliza PE,2026-05-02 17:00:04.961642+00
2282,Pernambuco,Mobiliza PE,Mobiliza PE,120363405595256912@g.us,A5BA455D6FF8791BD8B4D628A1E2792F,"🚨 *MISSÃO NOVA NA ÁREA*

Seguimos enfrentando um período difícil com as fortes chuvas. Mas também vemos que o trabalho e a articulação já estão acontecendo pra buscar soluções e apoiar quem mais precisa.

*Missão:* https://engaja.pro/issao02-02-05

*Vamos curtir os comentários positivos de quem tá chegando junto com a gente, comentar e compartilhar.* Vocês já sabem o que fazer. Vamos juntos nessa 💛💛",mensagem simples,2026-05-02 14:00:25.79+00,Mobiliza PE,53610285162643@lid,Mobiliza PE,2026-05-02 17:00:26.101922+00
2283,Pernambuco,Mobiliza PE,Mobiliza PE,120363405595256912@g.us,A5D150C04C6687DE12EE9A44F174F3C3,*Pega a sugestão de comentário e adapta do teu jeitinho:*,mensagem simples,2026-05-02 14:00:29.277+00,Mobiliza PE,53610285162643@lid,Mobiliza PE,2026-05-02 17:00:29.934373+00
2284,Pernambuco,Mobiliza PE,Mobiliza PE,120363405595256912@g.us,A55E9449F8C64B4FB950ED320A979A0D,"Boa, João! 🚀💛",mensagem simples,2026-05-02 14:00:32.025+00,Mobiliza PE,53610285162643@lid,Mobiliza PE,2026-05-02 17:00:32.524135+00
2285,Pernambuco,Mobiliza PE,Mobiliza PE,120363405595256912@g.us,A5BEBE60664FDEF7AF827A3DFBCC43F7,"Em momento difícil é que se conhece quem realmente se importa. Tamo com você, João! 💛💛🚀",mensagem simples,2026-05-02 14:00:33.71+00,Mobiliza PE,53610285162643@lid,Mobiliza PE,2026-05-02 17:00:34.090428+00
2286,Pernambuco,Mobiliza PE,Mobiliza PE,120363405595256912@g.us,A5A2CB13E2A611439BE89F9016CFC6AC,"Presença e escuta. É isso que o povo precisa. Boa, João! 💛💛",mensagem simples,2026-05-02 14:00:35.307+00,Mobiliza PE,53610285162643@lid,Mobiliza PE,2026-05-02 17:00:35.802606+00
2287,Pernambuco,Mobiliza PE,Mobiliza PE,120363405595256912@g.us,A58848A60E7BA0F8588A3E534826A071,"Liderar é estar lá, principalmente quando aperta. Tá fazendo bonito, João! 💛",mensagem simples,2026-05-02 14:00:38.376+00,Mobiliza PE,53610285162643@lid,Mobiliza PE,2026-05-02 17:00:38.601596+00
2288,Pará,Engaja 2.0,Engaja 2.0 (Azul),120363422002705740@g.us,3A01AA782AC760BDC53D,"https://engaja.pro/02-05-engaja-04-a

Boa tarde!

Vamos lá!
Curtir, comentar, compartilhar e salvar! 🚀

*Exemplos de comentários para usar como base (não copie, apenas se inspire).*

1. Parabéns, governadora Hana! Um espaço pensado com tanto cuidado faz toda a diferença para as famílias.
2. Governadora Hana, que iniciativa linda de inclusão e acolhimento. Parabéns pelo trabalho!
3. Que orgulho da governadora Hana criando ambientes que respeitam e estimulam o desenvolvimento das crianças.
4. Parabéns, governadora Hana! Um projeto que traz mais dignidade, cuidado e alegria para muitas famílias.",mensagem simples,2026-05-02 15:34:37.605+00,Engaja,251015655874706@lid,Engaja,2026-05-02 18:34:37.995884+00
2289,Pará,Engaja 2.0,Engaja 2.0 (Vermelha),120363419511068404@g.us,3A61439F0E06EF16B199,"https://engaja.pro/02-05-engaja-04-b

Boa tarde!

Vamos lá!
Curtir, comentar, compartilhar e salvar! 🚀

*Exemplos de comentários para usar como base (não copie, apenas se inspire).*

1. Parabéns, governadora Hana! Um espaço pensado com tanto cuidado faz toda a diferença para as famílias.
2. Governadora Hana, que iniciativa linda de inclusão e acolhimento. Parabéns pelo trabalho!
3. Que orgulho da governadora Hana criando ambientes que respeitam e estimulam o desenvolvimento das crianças.
4. Parabéns, governadora Hana! Um projeto que traz mais dignidade, cuidado e alegria para muitas famílias.",mensagem simples,2026-05-02 15:34:55.804+00,Engaja,251015655874706@lid,Engaja,2026-05-02 18:34:56.006763+00
2290,Pará,Engaja 2.0,Engaja 2.0 (Vermelha),120363419511068404@g.us,3A6FE0AC81B403823A17,"https://engaja.pro/02-05-engaja-05-b

Boa noite!

Vamos lá!
Curtir, comentar, compartilhar e salvar! 🚀

*Exemplos de comentários para usar como base (não copie, apenas se inspire).*

1. Parabéns, governadora Hana! Mais saúde chegando para o oeste do Pará e fazendo a diferença na vida de muita gente.
2. Governadora Hana, trabalho sério que reduz filas e leva dignidade para quem precisa. Parabéns pela dedicação!
3. Que avanço importante, governadora Hana! Mais acesso e cuidado para a população. Parabéns pelo compromisso!
4. Parabéns, governadora Hana! Investimento que transforma a saúde e traz mais esperança para as famílias.",mensagem simples,2026-05-02 20:29:17.713+00,Engaja,251015655874706@lid,Engaja,2026-05-02 23:29:18.090274+00
2291,Pará,Engaja 2.0,Engaja 2.0 (Azul),120363422002705740@g.us,3A63E92EAD324DAB5E08,"https://engaja.pro/02-05-engaja-05-a

Boa noite!

Vamos lá!
Curtir, comentar, compartilhar e salvar! 🚀

*Exemplos de comentários para usar como base (não copie, apenas se inspire).*

1. Parabéns, governadora Hana! Mais saúde chegando para o oeste do Pará e fazendo a diferença na vida de muita gente.
2. Governadora Hana, trabalho sério que reduz filas e leva dignidade para quem precisa. Parabéns pela dedicação!
3. Que avanço importante, governadora Hana! Mais acesso e cuidado para a população. Parabéns pelo compromisso!
4. Parabéns, governadora Hana! Investimento que transforma a saúde e traz mais esperança para as famílias.",mensagem simples,2026-05-02 20:29:27.933+00,Engaja,251015655874706@lid,Engaja,2026-05-02 23:29:28.312084+00
2292,Pará,Engaja 2.0,Engaja 2.0 (Azul),120363422002705740@g.us,3A7435EF23F1D66FB08E,"https://engaja.pro/02-05-engaja-06-a

Boa noite!

Vamos lá!
Curtir, comentar, compartilhar e salvar! 🚀

*Exemplos de comentários para usar como base (não copie, apenas se inspire).*

1. Parabéns, governadora Hana! Que iniciativa linda, levando fé, união e esperança para o nosso povo.
2. Governadora Hana, é emocionante ver esse tipo de evento fortalecendo os laços e tocando o coração das pessoas. Parabéns!
3. Parabéns, governadora Hana! Um trabalho que vai além da gestão e alcança o espiritual e o humano de cada um.
4. Governadora Hana, que alegria ver o Pará vivendo momentos assim de fé e união. Parabéns pela organização!",mensagem simples,2026-05-02 23:48:49.727+00,Engaja,251015655874706@lid,Engaja,2026-05-03 02:48:50.090764+00
2293,Pará,Engaja 2.0,Engaja 2.0 (Vermelha),120363419511068404@g.us,3A92F1A85BA571D49C33,"https://engaja.pro/02-05-engaja-06-b

Boa noite!

Vamos lá!
Curtir, comentar, compartilhar e salvar! 🚀

*Exemplos de comentários para usar como base (não copie, apenas se inspire).*

1. Parabéns, governadora Hana! Que iniciativa linda, levando fé, união e esperança para o nosso povo.
2. Governadora Hana, é emocionante ver esse tipo de evento fortalecendo os laços e tocando o coração das pessoas. Parabéns!
3. Parabéns, governadora Hana! Um trabalho que vai além da gestão e alcança o espiritual e o humano de cada um.
4. Governadora Hana, que alegria ver o Pará vivendo momentos assim de fé e união. Parabéns pela organização!",mensagem simples,2026-05-02 23:48:58.079+00,Engaja,251015655874706@lid,Engaja,2026-05-03 02:48:58.498204+00
2294,Pará,Engaja 2.0,Engaja 2.0 (Azul),120363422002705740@g.us,3A8377F1A4B7AC927A03,"https://engaja.pro/03-05-engaja-01-a

Bom dia!

Vamos lá!
Curtir, comentar, compartilhar e salvar! 🚀

*Exemplos de comentários para usar como base (não copie, apenas se inspire).*

1. Parabéns, governadora Hana! Noite linda e cheia de fé.
2. Governadora Hana, que energia incrível! Parabéns pelo evento.
3. Parabéns, governadora Hana! O Pará unido e cheio de alegria.
4. Governadora Hana, dá orgulho ver esse momento. Parabéns!",mensagem simples,2026-05-03 09:19:00.539+00,Engaja,251015655874706@lid,Engaja,2026-05-03 12:19:01.108917+00
2295,Pará,Engaja 2.0,Engaja 2.0 (Vermelha),120363419511068404@g.us,3A42C15CA4A60C41636C,"https://engaja.pro/03-05-engaja-01-b

Bom dia!

Vamos lá!
Curtir, comentar, compartilhar e salvar! 🚀

*Exemplos de comentários para usar como base (não copie, apenas se inspire).*

1. Parabéns, governadora Hana! Noite linda e cheia de fé.
2. Governadora Hana, que energia incrível! Parabéns pelo evento.
3. Parabéns, governadora Hana! O Pará unido e cheio de alegria.
4. Governadora Hana, dá orgulho ver esse momento. Parabéns!",mensagem simples,2026-05-03 09:19:10.921+00,Engaja,251015655874706@lid,Engaja,2026-05-03 12:19:11.222097+00
2296,Pará,Engaja 2.0,Engaja 2.0 (Azul),120363422002705740@g.us,3A72FA6E5542175F3DCA,"https://engaja.pro/03-04-engaja-03-a

Boa tarde!

Vamos lá!
Curtir, comentar, compartilhar e salvar! 🚀

*Exemplos de comentários para usar como base (não copie, apenas se inspire).*

1. Parabéns, governadora Hana! Mais saúde e dignidade para o povo.
2. Governadora Hana, isso é cuidar de verdade. Parabéns pelo trabalho!
3. Parabéns, governadora Hana! Reduzir filas é dar esperança às famílias.
4. Governadora Hana, que conquista importante para Santarém. Parabéns!",mensagem simples,2026-05-03 14:42:29.979+00,Engaja,251015655874706@lid,Engaja,2026-05-03 17:42:30.408682+00
2297,Pará,Engaja 2.0,Engaja 2.0 (Vermelha),120363419511068404@g.us,3A2DFC4300919DBBF011,"https://engaja.pro/03-04-engaja-03-b

Boa tarde!

Vamos lá!
Curtir, comentar, compartilhar e salvar! 🚀

*Exemplos de comentários para usar como base (não copie, apenas se inspire).*

1. Parabéns, governadora Hana! Mais saúde e dignidade para o povo.
2. Governadora Hana, isso é cuidar de verdade. Parabéns pelo trabalho!
3. Parabéns, governadora Hana! Reduzir filas é dar esperança às famílias.
4. Governadora Hana, que conquista importante para Santarém. Parabéns!",mensagem simples,2026-05-03 14:42:37.957+00,Engaja,251015655874706@lid,Engaja,2026-05-03 17:42:38.378687+00
2298,Pernambuco,Mobiliza,Mobiliza,120363425016992076@g.us,3EB0C7E8590E680F046AAC,"Boa tarde Pessoal!  
*Domingo é dia de recarregar as energias e preparar o espirito pra semana que vai começar.* 

É com essa pegada que o nosso estado vai crescer, na base da paz e da fé.

*Vamos nos somar a essa energia positiva indo lá deixar nosso apoio nesse link:*

https://engaja.pro/missaope01-03-05

Clica no link, curte o post e os comentários dos colegas e já deixa seu comentário também. 

Bom domingo a todos!",imagem,2026-05-03 15:58:46.022+00,Mobiliza PE,270862800433165@lid,Mobiliza PE,2026-05-03 18:58:46.620512+00
2300,Pernambuco,Mobiliza,Mobiliza,120363425016992076@g.us,3EB03729E611B9EEDADA2B,E já pega aqui umas ideais de comentários pra se inspirar e criar os seus:,mensagem simples,2026-05-03 15:58:50.715+00,Mobiliza PE,270862800433165@lid,Mobiliza PE,2026-05-03 18:58:50.997986+00
2303,Pernambuco,Mobiliza,Mobiliza,120363425016992076@g.us,3EB0FE4780662F7EB53C3A,"Cena bonita! Vamos pra cima, joão, sem esquecer do mais importante 🙏🏽💛",mensagem simples,2026-05-03 15:58:55.707+00,Mobiliza PE,270862800433165@lid,Mobiliza PE,2026-05-03 18:58:55.992933+00
2306,Pernambuco,Mobiliza,Mobiliza,120363425016992076@g.us,3EB0957A725BBA4E823BBC,"É isso, João. Cuidando da mente e da alma pra cuidar melhor do povo! Vamos juntos 💛💛",mensagem simples,2026-05-03 15:59:00.707+00,Mobiliza PE,270862800433165@lid,Mobiliza PE,2026-05-03 18:59:01.022313+00
2308,Pernambuco,Mobiliza,Mobiliza,120363425016992076@g.us,3EB0527F4FB1DE52A7C02C,"Importante ter o coração limpo e cabeça tranquila com tudo que está fazendo. Se cuida, que precisamos de você 💛",mensagem simples,2026-05-03 15:59:04.791+00,Mobiliza PE,270862800433165@lid,Mobiliza PE,2026-05-03 18:59:05.282919+00
2311,Pernambuco,Mobiliza,Mobiliza,120363425016992076@g.us,3EB0D7E6733A17AAA41FF4,"Boa, João! Domingo por aí é algo muito diferente. Faz bem pra alma. Vamos juntos! 💛",mensagem simples,2026-05-03 15:59:09.838+00,Mobiliza PE,270862800433165@lid,Mobiliza PE,2026-05-03 18:59:10.205547+00
2314,Pernambuco,Mobiliza,Mobiliza,120363425016992076@g.us,3EB0B6B3411428655ACBC9,"Quem cuida da fé, vai cuidar bem do povo! Boa, João 💛💛",mensagem simples,2026-05-03 15:59:14.902+00,Mobiliza PE,270862800433165@lid,Mobiliza PE,2026-05-03 18:59:15.193993+00
2318,Pernambuco,Mobiliza PE,Mobiliza PE,120363405595256912@g.us,3EB03D065850BD6AE6C0A6,"Boa tarde Pessoal!  
*Domingo é dia de recarregar as energias e preparar o espirito pra semana que vai começar.* 

É com essa pegada que o nosso estado vai crescer, na base da paz e da fé.

*Vamos nos somar a essa energia positiva indo lá deixar nosso apoio nesse link:*

https://engaja.pro/missaope01-03-05

Clica no link, curte o post e os comentários dos colegas e já deixa seu comentário também. 

Bom domingo a todos!",imagem,2026-05-03 15:59:26.898+00,Mobiliza PE,270862800433165@lid,Mobiliza PE,2026-05-03 18:59:27.212241+00
2320,Pernambuco,Mobiliza PE,Mobiliza PE,120363405595256912@g.us,3EB046AF0EA72F9352A92A,E já pega aqui umas ideais de comentários pra se inspirar e criar os seus:,mensagem simples,2026-05-03 15:59:30.418+00,Mobiliza PE,270862800433165@lid,Mobiliza PE,2026-05-03 18:59:30.602098+00
2323,Pernambuco,Mobiliza PE,Mobiliza PE,120363405595256912@g.us,3EB0C65A3E13A092ADA48C,"Cena bonita! Vamos pra cima, joão, sem esquecer do mais importante 🙏🏽💛",mensagem simples,2026-05-03 15:59:36.198+00,Mobiliza PE,270862800433165@lid,Mobiliza PE,2026-05-03 18:59:36.498811+00
2326,Pernambuco,Mobiliza PE,Mobiliza PE,120363405595256912@g.us,3EB0C6A846D2C06C23D2B7,"É isso, João. Cuidando da mente e da alma pra cuidar melhor do povo! Vamos juntos 💛💛",mensagem simples,2026-05-03 15:59:41.891+00,Mobiliza PE,270862800433165@lid,Mobiliza PE,2026-05-03 18:59:42.122626+00
2329,Pernambuco,Mobiliza PE,Mobiliza PE,120363405595256912@g.us,3EB098AE19F532D14478FD,"Importante ter o coração limpo e cabeça tranquila com tudo que está fazendo. Se cuida, que precisamos de você 💛",mensagem simples,2026-05-03 15:59:47.639+00,Mobiliza PE,270862800433165@lid,Mobiliza PE,2026-05-03 18:59:47.909642+00
2332,Pernambuco,Mobiliza PE,Mobiliza PE,120363405595256912@g.us,3EB08A220F72181E004D51,"Boa, João! Domingo por aí é algo muito diferente. Faz bem pra alma. Vamos juntos! 💛",mensagem simples,2026-05-03 15:59:53.589+00,Mobiliza PE,270862800433165@lid,Mobiliza PE,2026-05-03 18:59:54.394328+00
2334,Pernambuco,Mobiliza PE,Mobiliza PE,120363405595256912@g.us,3EB01D90A3FD60ED75CA41,"Quem cuida da fé, vai cuidar bem do povo! Boa, João 💛💛",mensagem simples,2026-05-03 15:59:57.993+00,Mobiliza PE,270862800433165@lid,Mobiliza PE,2026-05-03 18:59:58.329582+00
3701,Pará,Engaja 2.0,Engaja 2.0 (Azul),120363422002705740@g.us,3AFAA5E5C2970127E571,"https://engaja.pro/03-05-engaja-02-a

Boa tarde!

Vamos lá!
Curtir, comentar, compartilhar e salvar! 🚀

*Exemplos de comentários para usar como base (não copie, apenas se inspire).*

1. Parabéns, governadora Hana! Que noite linda e cheia de fé.
2. Governadora Hana, emocionante ver tanta gente unida. Parabéns!
3. Parabéns, governadora Hana! Um momento que marcou o coração do povo.
4. Governadora Hana, que energia incrível desse evento. Parabéns pelo trabalho!",mensagem simples,2026-05-03 17:40:20.818+00,Engaja,251015655874706@lid,Engaja,2026-05-03 20:40:21.297761+00
3702,Pará,Engaja 2.0,Engaja 2.0 (Vermelha),120363419511068404@g.us,3AAF2476508B7ABA95F5,"https://engaja.pro/03-05-engaja-02-b

Boa tarde!

Vamos lá!
Curtir, comentar, compartilhar e salvar! 🚀

*Exemplos de comentários para usar como base (não copie, apenas se inspire).*

1. Parabéns, governadora Hana! Que noite linda e cheia de fé.
2. Governadora Hana, emocionante ver tanta gente unida. Parabéns!
3. Parabéns, governadora Hana! Um momento que marcou o coração do povo.
4. Governadora Hana, que energia incrível desse evento. Parabéns pelo trabalho!",mensagem simples,2026-05-03 17:40:37.542+00,Engaja,251015655874706@lid,Engaja,2026-05-03 20:40:38.506387+00
15434,Escalada,Conexão Escalada - Nível 2,Conexão Escalada - Nível 2,120363407337623196@g.us,3EB08F15E807EB6863EAF0,"Bom dia galeraaa! 

Grandes movimentações por aqui, a galera está super engajada e subindo de nível.",mensagem simples,2026-05-04 10:24:22.618+00,Central Escalada,194674308468846@lid,Central Escalada,2026-05-04 13:24:22.943999+00
15459,Escalada,Conexão Escalada - Nível 2,Conexão Escalada - Nível 2,120363407337623196@g.us,3EB03A73278972ED42C879,"*Se você pudesse ganhar dinheiro com algo que já sabe fazer hoje, o que seria?*

Vale coisa qualquer mesmo, desde editar vídeo, vender doce, ajudar alguém com tecnologia…

Me conta o seu?",mensagem simples,2026-05-04 10:26:39.981+00,Central Escalada,194674308468846@lid,Central Escalada,2026-05-04 13:26:40.504553+00
15478,Escalada,Rota de Crescimento - Nível 3,Rota de Crescimento - Nível 3,120363423283283910@g.us,3EB00D15182D6A3F4B057A,"Bom dia galeraaa! 

Grandes movimentações por aqui, a galera está super engajada e subindo de nível.",mensagem simples,2026-05-04 10:27:59.273+00,Central Escalada,194674308468846@lid,Central Escalada,2026-05-04 13:27:59.435081+00
15480,Escalada,Rota de Crescimento - Nível 3,Rota de Crescimento - Nível 3,120363423283283910@g.us,3EB01650AC41F4077617AE,"Me conta uma coisa: *qual foi a primeira ideia que você já pensou em tirar do papel de verdade?*

Não precisa estar pronta não — pode ser algo que você já cogitou começar, mas travou ou deixou pra depois.

Qual foi a sua?",mensagem simples,2026-05-04 10:28:16.161+00,Central Escalada,194674308468846@lid,Central Escalada,2026-05-04 13:28:16.696908+00
15560,Escalada,Laboratório de Projetos - Nível 4,Laboratório de Projetos - Nível 4,120363406643406079@g.us,3EB080D3597336CBCD86E8,"Fala galera! As movimentações entres os níveis estão começando e eu queria muito saber de vocês que estão quase no topo: Se eu te desse 1 semana pra fazer seu primeiro dinheiro com uma ideia sua, você começaria por onde?",mensagem simples,2026-05-04 10:34:08.596+00,Central Escalada,194674308468846@lid,Central Escalada,2026-05-04 13:34:08.885906+00
15617,Pará,Engaja 2.0,Engaja 2.0 (Azul),120363422002705740@g.us,3A273A27280B13B5C86E,"https://engaja.pro/04-05-engaja-01-a

Bom dia!

Vamos lá!
Curtir, comentar, compartilhar e salvar! 🚀

*Exemplos de comentários para usar como base (não copie, apenas se inspire).*

1. Parabéns, governadora Hana! Sua trajetória inspira demais.
2. Governadora Hana, exemplo de força e dedicação. Parabéns!
3. Parabéns, governadora Hana! Cada passo mostra sua grandeza.
4. Governadora Hana, que história linda de superação. Parabéns!",mensagem simples,2026-05-04 10:39:27.068+00,Engaja,251015655874706@lid,Engaja,2026-05-04 13:39:27.31409+00
15621,Pará,Engaja 2.0,Engaja 2.0 (Vermelha),120363419511068404@g.us,3A2B895BB7CC0898673F,"https://engaja.pro/04-05-engaja-01-b

Bom dia!

Vamos lá!
Curtir, comentar, compartilhar e salvar! 🚀

*Exemplos de comentários para usar como base (não copie, apenas se inspire).*

1. Parabéns, governadora Hana! Sua trajetória inspira demais.
2. Governadora Hana, exemplo de força e dedicação. Parabéns!
3. Parabéns, governadora Hana! Cada passo mostra sua grandeza.
4. Governadora Hana, que história linda de superação. Parabéns!",mensagem simples,2026-05-04 10:39:34.899+00,Engaja,251015655874706@lid,Engaja,2026-05-04 13:39:35.473769+00
17014,Escalada,Rede Escalada,Rede Escalada,120363406995389389@g.us,3EB023ABE0854B6C19A261,"✨ O feriadão serviu pra recarregar as energias? Porque o Mês Flash tá só começando! 

A segunda-feira chegou e as missões do seu nível já estão te esperando por você! Se você ainda não começou a juntar seus pontos para concorrer ao *iPhone*, não se preocupe: a largada ainda está super fresca. 🚀

👉 Comece a pontuar *HOJE*: escaladaedu.circle.so/feed",mensagem simples,2026-05-04 15:10:56.953+00,Central Escalada,194674308468846@lid,Central Escalada,2026-05-04 18:10:57.305893+00
17015,Escalada,Rede Escalada,Rede Escalada,120363406995389389@g.us,3EB05DF777DC961692A1,"📊 ENQUETE: Como tá a sua energia para o Mês Flash? (Opções: 😎 Acelerada: Já fiz algumas missões e tô acompanhando os pontos! | 🧘‍♂️ Renovada: Aproveitei o feriado pra descansar, minha largada oficial é hoje! | 👀 Estratégica: Tô me organizando por aqui pra começar a pontuar com tudo!)",enquete,2026-05-04 15:11:46.879+00,Central Escalada,194674308468846@lid,Central Escalada,2026-05-04 18:11:47.199557+00
17227,Pará,Engaja 2.0,Engaja 2.0 (Azul),120363422002705740@g.us,3A57D4C9FF7A12B1A8E2,"https://engaja.pro/04-05-engaja-02-a

Boa noite!

Vamos lá!
Curtir, comentar, compartilhar e salvar! 🚀

*Exemplos de comentários para usar como base (não copie, apenas se inspire).*

1. Parabéns, governadora Hana! Cuidar da educação é cuidar do futuro do nosso estado.
2. Governadora Hana, que trabalho lindo pela educação. Parabéns por cada entrega!
3. Parabéns, governadora Hana! Garantir escola digna é transformar vidas de verdade.
4. Governadora Hana, é emocionante ver esse compromisso com nossas crianças. Parabéns!",mensagem simples,2026-05-04 18:22:33.573+00,Engaja,251015655874706@lid,Engaja,2026-05-04 21:22:33.907479+00
17228,Pará,Engaja 2.0,Engaja 2.0 (Vermelha),120363419511068404@g.us,3A7A80C5F86FADF06CDA,"https://engaja.pro/04-05-engaja-02-b

Boa noite!

Vamos lá!
Curtir, comentar, compartilhar e salvar! 🚀

*Exemplos de comentários para usar como base (não copie, apenas se inspire).*

1. Parabéns, governadora Hana! Cuidar da educação é cuidar do futuro do nosso estado.
2. Governadora Hana, que trabalho lindo pela educação. Parabéns por cada entrega!
3. Parabéns, governadora Hana! Garantir escola digna é transformar vidas de verdade.
4. Governadora Hana, é emocionante ver esse compromisso com nossas crianças. Parabéns!",mensagem simples,2026-05-04 18:22:56.084+00,Engaja,251015655874706@lid,Engaja,2026-05-04 21:22:56.469912+00
17229,Pará,Engaja 2.0,Engaja 2.0 (Azul),120363422002705740@g.us,3AB05911F56A6246447A,"https://engaja.pro/04-05-engaja-03-a

Boa noite!

Vamos lá!
Curtir, comentar, compartilhar e salvar! 🚀

*Exemplos de comentários para usar como base (não copie, apenas se inspire).*

1. Parabéns, governadora Hana! Valorizar a cultura do nosso Pará é fortalecer nossa identidade.
2. Governadora Hana, que iniciativa linda reconhecer nossa música e nossa história. Parabéns!
3. Parabéns, governadora Hana! A cultura paraense merece esse reconhecimento.
4. Governadora Hana, orgulho ver esse cuidado com o que é nosso. Parabéns pelo trabalho!",mensagem simples,2026-05-04 19:22:18.992+00,Engaja,251015655874706@lid,Engaja,2026-05-04 22:22:19.391077+00
17230,Pará,Engaja 2.0,Engaja 2.0 (Vermelha),120363419511068404@g.us,3AB2B19D0D49AD120C56,"https://engaja.pro/04-05-engaja-03-b

Boa noite!

Vamos lá!
Curtir, comentar, compartilhar e salvar! 🚀

*Exemplos de comentários para usar como base (não copie, apenas se inspire).*

1. Parabéns, governadora Hana! Valorizar a cultura do nosso Pará é fortalecer nossa identidade.
2. Governadora Hana, que iniciativa linda reconhecer nossa música e nossa história. Parabéns!
3. Parabéns, governadora Hana! A cultura paraense merece esse reconhecimento.
4. Governadora Hana, orgulho ver esse cuidado com o que é nosso. Parabéns pelo trabalho!",mensagem simples,2026-05-04 19:22:28.82+00,Engaja,251015655874706@lid,Engaja,2026-05-04 22:22:29.218682+00
17259,Pernambuco,Mobiliza PE,Mobiliza PE,120363405595256912@g.us,AC7840D1E197088A3FD029C702D46BA0,"🚨 MISSÃO NOVA NA ÁREA 🚨

*Link da missão:*  
https://engaja.pro/missao01-04-05

Olha só como a união faz a força: em Brasília, conseguimos articular um suporte federal de R$ 300 milhões pra socorrer as cidades que tão enfrentando a bronca das chuvas! 💪 
Esse recurso vai fortalecer as obras de proteção que já estão rolando. Seguimos firmes buscando soluções e apoio pra quem tá precisando de verdade. É hora de agir, simbora!

*Comenta a e compartilha essa mensagem para chegar em mais pessoas.*

Conto com vocês, combinado? 💛",mensagem simples,2026-05-04 19:31:30.238+00,Mobiliza PE,111055674052635@lid,Mobiliza PE,2026-05-04 22:31:30.585706+00
17260,Pernambuco,Mobiliza PE,Mobiliza PE,120363405595256912@g.us,AC58EFC3950105E8579A96FFFCCF35B1,"Comentários para vocês se inspirarem (sem copia e cola, ok?):",mensagem simples,2026-05-04 19:32:28.363+00,Mobiliza PE,111055674052635@lid,Mobiliza PE,2026-05-04 22:32:28.80773+00
17261,Pernambuco,Mobiliza PE,Mobiliza PE,120363405595256912@g.us,AC8ED0E7DF340F6E10AECA1AE33F9187,Momento difícil pede gestor de verdade. Pernambuco merece esse nível de liderança 💛🚀,mensagem simples,2026-05-04 19:32:57.742+00,Mobiliza PE,111055674052635@lid,Mobiliza PE,2026-05-04 22:32:58.000754+00
17262,Pernambuco,Mobiliza PE,Mobiliza PE,120363405595256912@g.us,AC01DC5AC1220A0282D5DE565871B55C,Quem duvida da capacidade dele que olhe pra essa articulação toda em menos de 24h 💛,mensagem simples,2026-05-04 19:33:02.044+00,Mobiliza PE,111055674052635@lid,Mobiliza PE,2026-05-04 22:33:02.814472+00
17263,Pernambuco,Mobiliza PE,Mobiliza PE,120363405595256912@g.us,ACDEF979D9E019F404BB6A2919BE2232,"Não tem tempo ruim que pare quem trabalha com seriedade. Segue junto, João! 🚀💛",mensagem simples,2026-05-04 19:33:04.502+00,Mobiliza PE,111055674052635@lid,Mobiliza PE,2026-05-04 22:33:04.708052+00
17264,Pernambuco,Mobiliza PE,Mobiliza PE,120363405595256912@g.us,AC68D4EB866F3FF2A2D374C6B71FB77B,Isso aqui é prova do que a gente já sabe: esse homem não abandona o povo nunca 💛🚀,mensagem simples,2026-05-04 19:33:06.934+00,Mobiliza PE,111055674052635@lid,Mobiliza PE,2026-05-04 22:33:07.092054+00
17265,Pernambuco,Mobiliza,Mobiliza,120363425016992076@g.us,AC614503553BCDD8D639A86649941E40,"🚨 MISSÃO NOVA NA ÁREA 🚨

*Link da missão:*  
https://engaja.pro/missao01-04-05

Olha só como a união faz a força: em Brasília, conseguimos articular um suporte federal de R$ 300 milhões pra socorrer as cidades que tão enfrentando a bronca das chuvas! 💪 
Esse recurso vai fortalecer as obras de proteção que já estão rolando. Seguimos firmes buscando soluções e apoio pra quem tá precisando de verdade. É hora de agir, simbora!

Comenta a e compartilha essa mensagem para chegar em mais pessoas.

Conto com vocês, combinado? 💛",mensagem simples,2026-05-04 19:33:56.059+00,Mobiliza PE,111055674052635@lid,Mobiliza PE,2026-05-04 22:33:57.036636+00
17266,Pernambuco,Mobiliza,Mobiliza,120363425016992076@g.us,ACB068258CCE40FCF55285B17F1AAF51,"Comentários para vocês se inspirarem (sem copia e cola, ok?):",mensagem simples,2026-05-04 19:33:57.213+00,Mobiliza PE,111055674052635@lid,Mobiliza PE,2026-05-04 22:33:57.394521+00
17267,Pernambuco,Mobiliza,Mobiliza,120363425016992076@g.us,ACA86748A56C7DC381E6BA73B2E1C7FF,"Aqui né ficar passeando de helicóptero não, é trabalho de verdade pra fazer diferença na vida do povo! Ensina, João! 💛💛",mensagem simples,2026-05-04 19:34:25.477+00,Mobiliza PE,111055674052635@lid,Mobiliza PE,2026-05-04 22:34:25.694781+00
17268,Pernambuco,Mobiliza,Mobiliza,120363425016992076@g.us,AC8A7156B1D5AD5B762BDD003AFE603D,Isso aqui é prova do que a gente já sabe: esse homem não abandona o povo nunca 💛🚀,mensagem simples,2026-05-04 19:34:34.4+00,Mobiliza PE,111055674052635@lid,Mobiliza PE,2026-05-04 22:34:34.593278+00
17269,Pernambuco,Mobiliza,Mobiliza,120363425016992076@g.us,AC5BD1644CC20E7FC0C21AAA15D16BC2,"Nem esperou a poeira baixar, foi direto buscar o recurso. Líder de verdade age assim 💛💛",mensagem simples,2026-05-04 19:34:45.372+00,Mobiliza PE,111055674052635@lid,Mobiliza PE,2026-05-04 22:34:45.594406+00
17270,Pernambuco,Mobiliza,Mobiliza,120363425016992076@g.us,ACF772F6351D5F7EF66942BA40D354DA,"Não fica esperando cair do céu, vai lá e busca. É isso que diferencia João 💛",mensagem simples,2026-05-04 19:34:49.426+00,Mobiliza PE,111055674052635@lid,Mobiliza PE,2026-05-04 22:34:49.61106+00
17271,Pará,Engaja 2.0,Engaja 2.0 (Azul),120363422002705740@g.us,3A955265B022CCACD3BB,"https://engaja.pro/04-05-engaja-04-a

Boa noite!

Vamos lá!
Curtir, comentar, compartilhar e salvar! 🚀

*Exemplos de comentários para usar como base (não copie, apenas se inspire).*

1. Parabéns, futuro senador Helder! Esse diálogo com lideranças mostra compromisso de verdade com o Pará.
2. Futuro senador Helder, grande trabalho de união e parceria. Parabéns pela dedicação!
3. Parabéns, futuro senador Helder! É assim que se constrói um estado mais forte.
4. Futuro senador Helder, sempre presente e trabalhando junto com quem faz a diferença. Parabéns!",mensagem simples,2026-05-04 19:41:43.605+00,Engaja,251015655874706@lid,Engaja,2026-05-04 22:41:43.998724+00
17272,Pará,Engaja 2.0,Engaja 2.0 (Vermelha),120363419511068404@g.us,3A39CE81C4815624952F,"https://engaja.pro/04-05-engaja-04-b

Boa noite!

Vamos lá!
Curtir, comentar, compartilhar e salvar! 🚀

*Exemplos de comentários para usar como base (não copie, apenas se inspire).*

1. Parabéns, futuro senador Helder! Esse diálogo com lideranças mostra compromisso de verdade com o Pará.
2. Futuro senador Helder, grande trabalho de união e parceria. Parabéns pela dedicação!
3. Parabéns, futuro senador Helder! É assim que se constrói um estado mais forte.
4. Futuro senador Helder, sempre presente e trabalhando junto com quem faz a diferença. Parabéns!",mensagem simples,2026-05-04 19:42:02.625+00,Engaja,251015655874706@lid,Engaja,2026-05-04 22:42:03.057508+00
17273,Escalada,Conexão Escalada - Nível 2,Conexão Escalada - Nível 2,120363407337623196@g.us,3EB00BC9C0C3460BA7E8FC,"Achei sensacional essa ideia! 

Ter um negócio nesse modelo tem um potencial absurdo hoje em dia, principalmente porque todo mundo tá buscando o que é natural e sustentável.",mensagem simples,2026-05-05 09:07:54.579+00,Central Escalada,194674308468846@lid,Central Escalada,2026-05-05 12:07:55.109549+00
17274,Escalada,Conexão Escalada - Nível 2,Conexão Escalada - Nível 2,120363407337623196@g.us,3EB0DBAE81E46FD3D2E1F1,Isso é muito massa!,mensagem simples,2026-05-05 09:10:59.995+00,Central Escalada,194674308468846@lid,Central Escalada,2026-05-05 12:11:00.625922+00
17275,Escalada,Conexão Escalada - Nível 2,Conexão Escalada - Nível 2,120363407337623196@g.us,3EB07BE3FF333F23E33F9E,"Fala, galera! 👟✨

Luz apagada, começa a batida… e o Michael Jackson entra no palco. Antes de qualquer movimento, todo mundo já sabe: vem algo grande por aí.

O segredo? Ele ensaiava o mesmo passo até parecer natural.

E no seu caso: o que você ainda não faz com essa mesma confiança?

🕺 *MISSÃO: O PASSO DE MESTRE (+10 pontos)*

1️⃣ Identifique seu “Moonwalk”:
Escolha uma tarefa do seu projeto que você já domina de verdade.

2️⃣ Execute essa tarefa no mundo real, com foco total.

3️⃣ Poste na plataforma o que você fez, como executou e o que percebeu.

*Regra:* use “#PassoDeMestre” para pontuar. Válido até 07/05 às 23h59.

Quem vai entrar no palco?",mensagem simples,2026-05-05 09:42:19.993+00,Central Escalada,194674308468846@lid,Central Escalada,2026-05-05 12:42:20.406413+00
17276,Escalada,Conexão Escalada - Nível 2,Conexão Escalada - Nível 2,120363407337623196@g.us,3EB06F7CAF5DF86F2D49FB,*Regra:* use “#PassoDeMestre” para pontuar. Válido até 07/05 às 23h59.,mensagem simples,2026-05-05 09:44:55.235+00,Central Escalada,194674308468846@lid,Central Escalada,2026-05-05 12:44:55.733984+00
17277,Escalada,Conexão Escalada - Nível 2,Conexão Escalada - Nível 2,120363407337623196@g.us,3EB0971276AC3322DB0B62,E no seu caso: o que você ainda não faz com essa mesma confiança?,mensagem simples,2026-05-05 09:44:56.62+00,Central Escalada,194674308468846@lid,Central Escalada,2026-05-05 12:44:57.124297+00
17278,Escalada,Rota de Crescimento - Nível 3,Rota de Crescimento - Nível 3,120363423283283910@g.us,3EB04F79804BFDBC80FA80,"Ontem falamos sobre aquela ideia que não sai do papel… e tem ideia que vira ponto de partida.

🧠 *MISSÃO: PRIMEIRO PASSO (+10 pontos)*

Todo projeto começa com uma ideia, mesmo que ainda esteja bagunçada.

1️⃣ Pense em algo que você já quis tirar do papel, mas acabou adiando.

2️⃣ O que te fez não começar até agora? O que você consegue fazer hoje para sair do zero?

3️⃣ Poste na plataforma qual é a sua ideia e qual foi o primeiro passo que você decidiu dar.

*Regra:* use a hashtag #PrimeiroPasso para pontuar. *Válido até 07/05 às 23h59.*",mensagem simples,2026-05-05 10:00:18.381+00,Central Escalada,194674308468846@lid,Central Escalada,2026-05-05 13:00:19.065577+00
17279,Escalada,Rota de Crescimento - Nível 3,Rota de Crescimento - Nível 3,120363423283283910@g.us,3EB06A657DF15FF96EC347,Qual ideia você vai tirar do papel hoje?,mensagem simples,2026-05-05 10:00:18.81+00,Central Escalada,194674308468846@lid,Central Escalada,2026-05-05 13:00:19.235056+00
17280,Escalada,Laboratório de Projetos - Nível 4,Laboratório de Projetos - Nível 4,120363406643406079@g.us,3EB00DB65A90C4362EB4C1,"Voltei aqui porque essa pergunta não saiu da cabeça: se você tivesse 1 semana pra fazer seu primeiro dinheiro com uma ideia sua… por onde começaria?

💸 *MISSÃO: PRIMEIRO INSIGHT (+10 pontos)*

Agora é hora de tirar isso do campo da ideia.

1️⃣ Escolha uma ideia: pode ser algo simples: um doce, um serviço, uma habilidade que você já tem.

2️⃣ Quem compraria e como você chegaria nessa pessoa?

3️⃣ Poste na plataforma sua ideia e o plano inicial.",mensagem simples,2026-05-05 10:11:13.754+00,Central Escalada,194674308468846@lid,Central Escalada,2026-05-05 13:11:15.519928+00
17281,Escalada,Laboratório de Projetos - Nível 4,Laboratório de Projetos - Nível 4,120363406643406079@g.us,3EB09AE64F2D8932D92CEF,*Regra:* use a hashtag #PrimeiroInsight para pontuar.,mensagem simples,2026-05-05 10:11:20.154+00,Central Escalada,194674308468846@lid,Central Escalada,2026-05-05 13:11:20.583757+00
17282,Escalada,Laboratório de Projetos - Nível 4,Laboratório de Projetos - Nível 4,120363406643406079@g.us,3EB0D1394179051AECD624,@149452044136529 @223471946756194 Qual seria a sua ideia?,mensagem simples,2026-05-05 10:11:34.197+00,Central Escalada,194674308468846@lid,Central Escalada,2026-05-05 13:11:34.686517+00
17283,Escalada,Conselho Escalada - Nível 5,Conselho Escalada - Nível 5,120363425561018159@g.us,3EB0501561F27ED4A6FF7D,"Fala, galera! 🤩

A gente viu que várias dúvidas começaram a aparecer por aqui… então resolvemos organizar tudo em um só lugar pra te ajudar a não travar no meio da jornada.

Se você ficou confuso com pontuação, missões ou próximos passos, vale dar uma olhada.

👉 Acesse: https://escalada.me/duvidas-mes-flash",mensagem simples,2026-05-05 10:16:46.96+00,Central Escalada,194674308468846@lid,Central Escalada,2026-05-05 13:16:47.623713+00
17284,Pará,Engaja 2.0,Engaja 2.0 (Azul),120363422002705740@g.us,3AE649ADB10AD65986FE,"https://engaja.pro/05-05-engaja-01-a

Bom dia!

Vamos lá!
Curtir, comentar, compartilhar e salvar! 🚀

*Exemplos de comentários para usar como base (não copie, apenas se inspire).*

1. Parabéns, governadora Hana! Presença e trabalho que fazem a diferença no nosso estado.
2. Governadora Hana, sempre perto do povo e em movimento. Parabéns pela dedicação!
3. Parabéns, governadora Hana! É bonito ver esse cuidado com cada região do Pará.
4. Governadora Hana, exemplo de liderança ativa e comprometida. Parabéns!",mensagem simples,2026-05-05 10:17:00.168+00,Engaja,251015655874706@lid,Engaja,2026-05-05 13:17:01.175248+00
17285,Pará,Engaja 2.0,Engaja 2.0 (Vermelha),120363419511068404@g.us,3A9C0DAFBA11A5715269,"https://engaja.pro/05-05-engaja-01-b

Bom dia!

Vamos lá!
Curtir, comentar, compartilhar e salvar! 🚀

*Exemplos de comentários para usar como base (não copie, apenas se inspire).*

1. Parabéns, governadora Hana! Presença e trabalho que fazem a diferença no nosso estado.
2. Governadora Hana, sempre perto do povo e em movimento. Parabéns pela dedicação!
3. Parabéns, governadora Hana! É bonito ver esse cuidado com cada região do Pará.
4. Governadora Hana, exemplo de liderança ativa e comprometida. Parabéns!",mensagem simples,2026-05-05 10:17:14.844+00,Engaja,251015655874706@lid,Engaja,2026-05-05 13:17:15.424815+00
17286,Escalada,Conselho Escalada - Nível 5,Conselho Escalada - Nível 5,120363425561018159@g.us,3EB097A3754CBC31985201,"Você anda se comparando… ou evoluindo?

Na escola ou na faculdade, ás vezes, passamos a olhar pro outro e achar que todo mundo já está na frente.

Mas quase ninguém mostra o processo. E se você olhasse só pra sua própria evolução?

🧠 *MISSÃO: SEM COMPARAÇÃO (+10 pontos)*

1️⃣ Olhe pra você há 6 meses: o que mudou desde lá?

2️⃣ Identifique um avanço: pode ser pequeno, mas precisa ser real.

3️⃣ O que você quer melhorar agora? Poste sua evolução!",mensagem simples,2026-05-05 10:30:08.324+00,Central Escalada,194674308468846@lid,Central Escalada,2026-05-05 13:30:10.301749+00
17287,Escalada,Conselho Escalada - Nível 5,Conselho Escalada - Nível 5,120363425561018159@g.us,3EB0AC1FA4B3D21C0D1FCE,*Regra:* use a hashtag #MinhaEvolucao para pontuar.,mensagem simples,2026-05-05 10:30:24.695+00,Central Escalada,194674308468846@lid,Central Escalada,2026-05-05 13:30:26.479649+00
17288,Escalada,Conselho Escalada - Nível 5,Conselho Escalada - Nível 5,120363425561018159@g.us,3EB0D06AB9D2A96BA80DF5,Seu único concorrente é quem você era antes.,mensagem simples,2026-05-05 10:30:29.975+00,Central Escalada,194674308468846@lid,Central Escalada,2026-05-05 13:30:30.615185+00
17289,Escalada,Conselho Escalada - Nível 5,Conselho Escalada - Nível 5,120363425561018159@g.us,3EB06ADAF6E08B755F7BB4,@202229273333875 @153867220156455 Qual foi sua evolução mais real?,mensagem simples,2026-05-05 10:30:48.136+00,Central Escalada,194674308468846@lid,Central Escalada,2026-05-05 13:30:48.812469+00
17290,Pará,Engaja 2.0,Engaja 2.0 (Azul),120363422002705740@g.us,3AE10E232F9DABD45539,"https://engaja.pro/05-05-engaja-02-a

Bom dia!

Vamos lá!
Curtir, comentar, compartilhar e salvar! 🚀

*Exemplos de comentários para usar como base (não copie, apenas se inspire).*

1. Parabéns, futuro senador Helder! É bonito ver sua dedicação e fé guiando esse trabalho pelo Pará.
2. Futuro senador Helder, seu compromisso com o povo emociona. Parabéns por tudo que faz!
3. Parabéns, futuro senador Helder! Trabalho com propósito e coração faz toda diferença.
4. Futuro senador Helder, exemplo de liderança que cuida de verdade das pessoas. Parabéns!",mensagem simples,2026-05-05 10:33:05.934+00,Engaja,251015655874706@lid,Engaja,2026-05-05 13:33:07.137111+00
17291,Pará,Engaja 2.0,Engaja 2.0 (Vermelha),120363419511068404@g.us,3AD8E898D15D51AB0E8D,"https://engaja.pro/05-05-engaja-02-b

Bom dia!

Vamos lá!
Curtir, comentar, compartilhar e salvar! 🚀

*Exemplos de comentários para usar como base (não copie, apenas se inspire).*

1. Parabéns, futuro senador Helder! É bonito ver sua dedicação e fé guiando esse trabalho pelo Pará.
2. Futuro senador Helder, seu compromisso com o povo emociona. Parabéns por tudo que faz!
3. Parabéns, futuro senador Helder! Trabalho com propósito e coração faz toda diferença.
4. Futuro senador Helder, exemplo de liderança que cuida de verdade das pessoas. Parabéns!",mensagem simples,2026-05-05 10:33:17.182+00,Engaja,251015655874706@lid,Engaja,2026-05-05 13:33:17.644225+00
17292,Escalada,Rota de Crescimento - Nível 3,Rota de Crescimento - Nível 3,120363423283283910@g.us,3EB0B983AB691B1951BA7A,@153978973196448 @267018251042853 Qual ideia você vai tirar do papel hoje?,mensagem simples,2026-05-05 10:35:18.4+00,Central Escalada,194674308468846@lid,Central Escalada,2026-05-05 13:35:20.322654+00
17358,Pará,Engaja 2.0,Engaja 2.0 (Azul),120363422002705740@g.us,3AE4D3FFA94104AF097E,"https://engaja.pro/05-05-engaja-03-a

Boa tarde!

Vamos lá!
Curtir, comentar, compartilhar e salvar! 🚀

*Exemplos de comentários para usar como base (não copie, apenas se inspire).*

1. Parabéns, futuro senador Helder! É bonito ver esse lado de pai tão presente e dedicado.
2. Futuro senador Helder, momentos simples em família mostram quem você é de verdade. Parabéns!
3. Parabéns, futuro senador Helder! Cuidar da família e do povo com o mesmo carinho é admirável.
4. Futuro senador Helder, esse amor pela família inspira muito. Parabéns pela sua caminhada!",mensagem simples,2026-05-05 12:46:40.601+00,Engaja,251015655874706@lid,Engaja,2026-05-05 15:46:41.210386+00
17359,Pará,Engaja 2.0,Engaja 2.0 (Vermelha),120363419511068404@g.us,3A9C011847295C56CAF0,"https://engaja.pro/05-05-engaja-03-b

Boa tarde!

Vamos lá!
Curtir, comentar, compartilhar e salvar! 🚀

*Exemplos de comentários para usar como base (não copie, apenas se inspire).*

1. Parabéns, futuro senador Helder! É bonito ver esse lado de pai tão presente e dedicado.
2. Futuro senador Helder, momentos simples em família mostram quem você é de verdade. Parabéns!
3. Parabéns, futuro senador Helder! Cuidar da família e do povo com o mesmo carinho é admirável.
4. Futuro senador Helder, esse amor pela família inspira muito. Parabéns pela sua caminhada!",mensagem simples,2026-05-05 12:47:05.377+00,Engaja,251015655874706@lid,Engaja,2026-05-05 15:47:05.818329+00
17374,Mato Grosso do Sul,Senador Nelsinho | CANAL OFICIAL,Senador Nelsinho | CANAL OFICIAL,120363423242767408@g.us,3EB060AE99359DAF5B6028,"Boa tarde, pessoal! Estive no bairro Santa Emília acompanhando a entrega da nova praça.  

*Foram mais de R$ 9 milhões investidos para transformar esse espaço em lazer e esporte para as nossas crianças e famílias, sendo R$ 3 milhões para a praça e o restante para o asfalto.*

Fico feliz em ver a alegria da criançada aproveitando o investimento que conseguimos viabilizar. Meu compromisso é esse: trabalhar para que o Mato Grosso do Sul avance com entregas reais para quem mais precisa.",video,2026-05-05 14:30:34.142+00,Senador Nelsinho Trad,148155450556608@lid,Senador Nelsinho Trad,2026-05-05 17:30:35.126029+00
17375,Escalada,Rede Escalada,Rede Escalada,120363406995389389@g.us,3EB0ABDCF19EE46D6380DF,"*POV: O projeto deu ruim e você tá quase apertando o botão de pânico* 🤡

A gente sabe como é: na sua cabeça, a ideia era de milhões. Na prática? Deu tela azul.

Mas calma! Ninguém acerta de primeira e chorar em posição fetal não resolve. O segredo dos grandes é errar rápido e consertar mais rápido ainda.

Quer aprender a salvar essa ideia? Devora esse módulo aqui antes de surtar:
👉 https://escaladaedu.circle.so/c/testar-errar-e-melhorar",mensagem simples,2026-05-05 14:36:50.256+00,Central Escalada,194674308468846@lid,Central Escalada,2026-05-05 17:36:50.681527+00
17376,Pará,Engaja 2.0,Engaja 2.0 (Azul),120363422002705740@g.us,3A42947CCF5671B95B76,"https://engaja.pro/05-05-engaja-04-a

Boa tarde!

Vamos lá!
Curtir, comentar, compartilhar e salvar! 🚀

*Exemplos de comentários para usar como base (não copie, apenas se inspire).*

1. Parabéns, governadora Hana. Medida firme e necessária.
2. Governadora Hana, compromisso real com as mulheres. Parabéns.
3. Parabéns, governadora Hana. Justiça e proteção na prática.
4. Governadora Hana, atuação forte e responsável. Parabéns.",mensagem simples,2026-05-05 14:52:57.257+00,Engaja,251015655874706@lid,Engaja,2026-05-05 17:52:57.724711+00
17377,Pará,Engaja 2.0,Engaja 2.0 (Vermelha),120363419511068404@g.us,3A0E690842A8A1D45C55,"https://engaja.pro/05-05-engaja-04-b

Boa tarde!

Vamos lá!
Curtir, comentar, compartilhar e salvar! 🚀

*Exemplos de comentários para usar como base (não copie, apenas se inspire).*

1. Parabéns, governadora Hana. Medida firme e necessária.
2. Governadora Hana, compromisso real com as mulheres. Parabéns.
3. Parabéns, governadora Hana. Justiça e proteção na prática.
4. Governadora Hana, atuação forte e responsável. Parabéns.",mensagem simples,2026-05-05 14:53:15.575+00,Engaja,251015655874706@lid,Engaja,2026-05-05 17:53:15.826078+00
17392,Pará,Engaja 2.0,Engaja 2.0 (Azul),120363422002705740@g.us,3AF73C4BFF1501357B91,"https://engaja.pro/05-05-engaja-05-a

Boa tarde!

Vamos lá!
Curtir, comentar, compartilhar e salvar! 🚀

*Exemplos de comentários para usar como base (não copie, apenas se inspire).*

1. Parabéns, governadora Hana. Cuidar desde o pré-natal é olhar para o futuro.
2. Governadora Hana, que trabalho lindo com as mães e bebês. Parabéns pelo cuidado.
3. Parabéns, governadora Hana. Mais saúde e atenção desde o início da vida.
4. Governadora Hana, isso é compromisso com a vida. Parabéns pela dedicação.",mensagem simples,2026-05-05 15:47:30.29+00,Engaja,251015655874706@lid,Engaja,2026-05-05 18:47:30.85301+00
17393,Pará,Engaja 2.0,Engaja 2.0 (Vermelha),120363419511068404@g.us,3A1F0F136DC13B2C7F57,"https://engaja.pro/05-05-engaja-05-b

Boa tarde!

Vamos lá!
Curtir, comentar, compartilhar e salvar! 🚀

*Exemplos de comentários para usar como base (não copie, apenas se inspire).*

1. Parabéns, governadora Hana. Cuidar desde o pré-natal é olhar para o futuro.
2. Governadora Hana, que trabalho lindo com as mães e bebês. Parabéns pelo cuidado.
3. Parabéns, governadora Hana. Mais saúde e atenção desde o início da vida.
4. Governadora Hana, isso é compromisso com a vida. Parabéns pela dedicação.",mensagem simples,2026-05-05 15:47:39.532+00,Engaja,251015655874706@lid,Engaja,2026-05-05 18:47:39.923351+00
17394,Pernambuco,Mobiliza PE,Mobiliza PE,120363405595256912@g.us,3EB0EC4537CBB750619814,"*Boa tarde, meu povo!*",mensagem simples,2026-05-05 16:36:28.629+00,Mobiliza PE,111055674052635@lid,Mobiliza PE,2026-05-05 19:36:29.120028+00
17395,Pernambuco,Mobiliza PE,Mobiliza PE,120363405595256912@g.us,3EB009BFB78A24A6101AE8,(Mensagem de mídia sem texto),imagem,2026-05-05 16:36:42.034+00,Mobiliza PE,111055674052635@lid,Mobiliza PE,2026-05-05 19:36:42.586239+00
17396,Pará,Engaja 2.0,Engaja 2.0 (Azul),120363422002705740@g.us,3A266BE2BA9F86118D71,"https://engaja.pro/05-05-engaja-06-a

Boa tarde!

Vamos lá!
Curtir, comentar, compartilhar e salvar! 🚀

*Exemplos de comentários para usar como base (não copie, apenas se inspire).*

1. Parabéns, futuro senador Helder. Um avanço histórico para tantas famílias.
2. Futuro senador Helder, trabalho sério que traz dignidade e segurança. Parabéns.
3. Parabéns, futuro senador Helder. Resolver um problema de décadas é compromisso de verdade.
4. Futuro senador Helder, essa conquista muda vidas. Parabéns pela liderança.",mensagem simples,2026-05-05 17:04:59.432+00,Engaja,251015655874706@lid,Engaja,2026-05-05 20:05:00.905037+00
17397,Pará,Engaja 2.0,Engaja 2.0 (Vermelha),120363419511068404@g.us,3AE86F1BAB0CA6D7C63D,"https://engaja.pro/05-05-engaja-06-b

Boa tarde!

Vamos lá!
Curtir, comentar, compartilhar e salvar! 🚀

*Exemplos de comentários para usar como base (não copie, apenas se inspire).*

1. Parabéns, futuro senador Helder. Um avanço histórico para tantas famílias.
2. Futuro senador Helder, trabalho sério que traz dignidade e segurança. Parabéns.
3. Parabéns, futuro senador Helder. Resolver um problema de décadas é compromisso de verdade.
4. Futuro senador Helder, essa conquista muda vidas. Parabéns pela liderança.",mensagem simples,2026-05-05 17:05:11.385+00,Engaja,251015655874706@lid,Engaja,2026-05-05 20:05:18.162362+00
17398,Pará,Engaja 2.0,Engaja 2.0 (Azul),120363422002705740@g.us,3A1008C7C055D55A112F,"https://engaja.pro/05-05-engaja-07-a

Boa noite!

Vamos lá!
Curtir, comentar, compartilhar e salvar! 🚀

*Exemplos de comentários para usar como base (não copie, apenas se inspire).*

1. Parabéns, futuro senador Helder. Sempre buscando desenvolvimento e oportunidades para o nosso povo.
2. Futuro senador Helder, diálogo e trabalho sério fazem a diferença. Parabéns pela dedicação ao Pará.
3. Parabéns, futuro senador Helder. Olhar atento para quem vive e produz no interior do estado.
4. Futuro senador Helder, compromisso verdadeiro com o crescimento da nossa região. Parabéns.",mensagem simples,2026-05-05 22:21:41.574+00,Engaja,251015655874706@lid,Engaja,2026-05-06 01:21:41.907012+00
17399,Pará,Engaja 2.0,Engaja 2.0 (Vermelha),120363419511068404@g.us,3A68531D6A3D95643D17,"https://engaja.pro/05-05-engaja-07-b

Boa noite!

Vamos lá!
Curtir, comentar, compartilhar e salvar! 🚀

*Exemplos de comentários para usar como base (não copie, apenas se inspire).*

1. Parabéns, futuro senador Helder. Sempre buscando desenvolvimento e oportunidades para o nosso povo.
2. Futuro senador Helder, diálogo e trabalho sério fazem a diferença. Parabéns pela dedicação ao Pará.
3. Parabéns, futuro senador Helder. Olhar atento para quem vive e produz no interior do estado.
4. Futuro senador Helder, compromisso verdadeiro com o crescimento da nossa região. Parabéns.",mensagem simples,2026-05-05 22:21:49.111+00,Engaja,251015655874706@lid,Engaja,2026-05-06 01:21:49.505796+00
17400,Pará,Engaja 2.0,Engaja 2.0 (Azul),120363422002705740@g.us,3A8D8B7B4602B71F90D7,"https://engaja.pro/06-05-engaja-01-a

Bom dia!

Vamos lá!
Curtir, comentar, compartilhar e salvar! 🚀

*Exemplos de comentários para usar como base (não copie, apenas se inspire).*

1. Parabéns, governadora Hana. Respeito à fé e às tradições do nosso povo.
2. Governadora Hana, que gesto bonito de valorização da nossa história. Parabéns.
3. Parabéns, governadora Hana. Nossa fé merece esse reconhecimento.
4. Governadora Hana, sensibilidade e respeito às tradições paraenses. Parabéns.",mensagem simples,2026-05-06 09:04:26.663+00,Engaja,251015655874706@lid,Engaja,2026-05-06 12:04:27.228274+00
17401,Pará,Engaja 2.0,Engaja 2.0 (Vermelha),120363419511068404@g.us,3ABC3B42928706E2603B,"https://engaja.pro/06-05-engaja-01-b

Bom dia!

Vamos lá!
Curtir, comentar, compartilhar e salvar! 🚀

*Exemplos de comentários para usar como base (não copie, apenas se inspire).*

1. Parabéns, governadora Hana. Respeito à fé e às tradições do nosso povo.
2. Governadora Hana, que gesto bonito de valorização da nossa história. Parabéns.
3. Parabéns, governadora Hana. Nossa fé merece esse reconhecimento.
4. Governadora Hana, sensibilidade e respeito às tradições paraenses. Parabéns.",mensagem simples,2026-05-06 09:04:35.985+00,Engaja,251015655874706@lid,Engaja,2026-05-06 12:04:36.41645+00
17402,Pernambuco,Mobiliza PE,Mobiliza PE,120363405595256912@g.us,3EB0A31647EB7C83A75386,"Fala, minha gente!

Passando aqui rapidinho só para lembrar que hoje, às 19:30, temos aquele momento de nos encontrarmos e trocarmos uma ideia sobre a nossa caminhada. É a energia de vocês que dá o tom ao nosso movimento para vermos Pernambuco do jeito que sonhamos; sabemos que esse compromisso é o que faz toda a diferença.

 Espero vocês lá. Vamos para cima! #PEpraFrente!",mensagem simples,2026-05-06 10:50:11.431+00,Mobiliza PE,53610285162643@lid,Mobiliza PE,2026-05-06 13:50:12.259301+00
17403,Mato Grosso do Sul,Senador Nelsinho | CANAL OFICIAL,Senador Nelsinho | CANAL OFICIAL,120363423242767408@g.us,3EB0CA43BDF86C76CD183B,"Bom dia a todos. 

Muita gente me pergunta como as coisas funcionam de fato no STF e eu sempre digo: *o equilíbrio entre os poderes é o que sustenta o Brasil.* 

Separei esse registro de uma fala minha sobre por que a independência da Corte é um tema que afeta a vida de todos nós. 

*Quero que isso chegue ao máximo de pessoas*, pois quanto mais gente compreender este tema, melhor para o amadurecimento das nossas instituições.",video,2026-05-06 11:04:14.019+00,Senador Nelsinho Trad,148155450556608@lid,Senador Nelsinho Trad,2026-05-06 14:04:15.213937+00
17404,Mato Grosso do Sul,Engaja MS,Engaja MS,120363424459503632@g.us,3EB0169DED3E4E39404500,"Bom dia, time! 

*Quero dar as boas-vindas a quem está chegando agora.* Esse espaço existe para fazer com que as visões, entregas e conquistas do Senador Nelsinho Trad pelo MS, cheguem mais longe.

E hoje mesmo já temos uma pauta importante para evidenciar.",mensagem simples,2026-05-06 11:05:10.538+00,Engaja MS,164785714897032@lid,Engaja MS,2026-05-06 14:05:11.037247+00
17405,Mato Grosso do Sul,Engaja MS,Engaja MS,120363424459503632@g.us,3EB0FEBDEF585FDB6B9A17,(Mensagem de mídia sem texto),video,2026-05-06 11:05:30.682+00,Engaja MS,164785714897032@lid,Engaja MS,2026-05-06 14:05:31.270891+00
17406,Mato Grosso do Sul,Engaja MS,Engaja MS,120363424459503632@g.us,3EB0CC2323E2C86DEE9927,"Esse vídeo resume uma das pautas mais importantes que estamos defendendo no Senado: a reforma na escolha do STF. 

*Precisamos que essa mensagem chegue ao máximo de pessoas* para mostrar que o Mato Grosso do Sul não aceita mais indicações políticas e mandatos vitalícios. 

Vamos fazer esse posicionamento rodar? 
*Conto com vocês para compartilharem nos seus grupos e redes!*",mensagem simples,2026-05-06 11:05:48.512+00,Engaja MS,164785714897032@lid,Engaja MS,2026-05-06 14:05:48.858464+00
17407,Pará,Engaja 2.0,Engaja 2.0 (Azul),120363422002705740@g.us,3EB0E9C41A2DC7BB5E1433,"Boa quarta para todos, pessoal!

*Estamos no meio da semana, ainda dá tempo de ajustar a rota, retomar o ritmo e dar um gás.*

Queremos saber como vocês estão por aí. *Se precisarem de apoio, chama a gente no privado*, combinado?",mensagem simples,2026-05-06 11:46:48.62+00,Engaja 2.0,14406041767997@lid,Engaja 2.0,2026-05-06 14:46:49.394539+00
17408,Pará,Engaja 2.0,Engaja 2.0 (Azul),120363422002705740@g.us,3EB032134AEAFF589CE1C2,"📊 ENQUETE: Como você tá nesse meio de semana? (Opções: Tô com tudo, focado(a) e seguindo firme nas missões 🎯 | Dei uma desacelerada, mas vou retomar o ritmo agora 🔄 | Tô meio perdido(a) e preciso de um apoio pra engrenar 🙋‍♀️)",enquete,2026-05-06 11:46:53.667+00,Engaja 2.0,14406041767997@lid,Engaja 2.0,2026-05-06 14:46:53.995241+00
17464,Pará,Engaja 2.0,Engaja 2.0 (Azul),120363422002705740@g.us,3A03B4D95A0534FC0A27,"https://engaja.pro/06-05-engaja-a

Boa tarde!

Vamos lá!
Curtir, comentar, compartilhar e salvar! 🚀

*Exemplos de comentários para usar como base (não copie, apenas se inspire).*

1. Parabéns, futuro senador Helder. Saúde tratada com prioridade e resultado de verdade.
2. Futuro senador Helder, 44 hospitais e policlínicas mostram compromisso com o povo. Parabéns.
3. Parabéns, futuro senador Helder. Mais acesso e dignidade para quem precisa de saúde.
4. Futuro senador Helder, o Pará reconhece todo esse trabalho na saúde. Parabéns.",mensagem simples,2026-05-06 13:36:46.226+00,Engaja,251015655874706@lid,Engaja,2026-05-06 16:36:46.608749+00
17465,Pará,Engaja 2.0,Engaja 2.0 (Vermelha),120363419511068404@g.us,3A44412DBCD40C629978,"https://engaja.pro/06-05-engaja-b

Boa tarde!

Vamos lá!
Curtir, comentar, compartilhar e salvar! 🚀

*Exemplos de comentários para usar como base (não copie, apenas se inspire).*

1. Parabéns, futuro senador Helder. Saúde tratada com prioridade e resultado de verdade.
2. Futuro senador Helder, 44 hospitais e policlínicas mostram compromisso com o povo. Parabéns.
3. Parabéns, futuro senador Helder. Mais acesso e dignidade para quem precisa de saúde.
4. Futuro senador Helder, o Pará reconhece todo esse trabalho na saúde. Parabéns.",mensagem simples,2026-05-06 13:36:57.349+00,Engaja,251015655874706@lid,Engaja,2026-05-06 16:36:57.722993+00
17467,Escalada,Rede Escalada,Rede Escalada,120363406995389389@g.us,3EB0EF9E8FF7F802AF5E6C,"O tal do ""Quartou"" chegou e a gente precisa fazer um checklist geral de humor. Como tá o nível de bateria da sua ""startup pessoal"" hoje? 👀",mensagem simples,2026-05-06 14:19:07.311+00,Central Escalada,194674308468846@lid,Central Escalada,2026-05-06 17:19:07.817753+00
17468,Escalada,Rede Escalada,Rede Escalada,120363406995389389@g.us,3EB0E6D5B73D65720544,"📊 ENQUETE: Diz quem é você no meio da semana: (Opções: 😎 Ações em alta: Entregando tudo, focado(a) e já sentindo o cheiro do iPhone! | ☕ Modo economia: Sobrevivendo a base de café, surtos leves e desespero | 🏳️ Capenga e anêmico(a): A semana me venceu, me acorda na sexta-feira)",enquete,2026-05-06 14:20:33.452+00,Central Escalada,194674308468846@lid,Central Escalada,2026-05-06 17:20:34.562512+00
17469,Pará,Engaja 2.0,Engaja 2.0 (Azul),120363422002705740@g.us,3A0AF58C0712573BBC5A,"https://engaja.pro/06-05-engaja-04-a

Boa tarde!

Vamos lá!
Curtir, comentar, compartilhar e salvar! 🚀

*Exemplos de comentários para usar como base (não copie, apenas se inspire).*

1. Governadora Hana, é bonito ver uma gestão tão presente e humana. Parabéns pelo trabalho.
2. Parabéns, governadora Hana. A senhora mostra todos os dias que governar é cuidar das pessoas.
3. Governadora Hana, sua dedicação e presença fazem toda diferença no Pará. Parabéns.
4. Parabéns, governadora Hana. Mesmo na correria, a senhora nunca deixa de estar perto do povo.",mensagem simples,2026-05-06 15:42:19.731+00,Engaja,251015655874706@lid,Engaja,2026-05-06 18:42:20.224404+00
17470,Pará,Engaja 2.0,Engaja 2.0 (Vermelha),120363419511068404@g.us,3A369D8B759063256B11,"https://engaja.pro/06-05-engaja-04-b

Boa tarde!

Vamos lá!
Curtir, comentar, compartilhar e salvar! 🚀

*Exemplos de comentários para usar como base (não copie, apenas se inspire).*

1. Governadora Hana, é bonito ver uma gestão tão presente e humana. Parabéns pelo trabalho.
2. Parabéns, governadora Hana. A senhora mostra todos os dias que governar é cuidar das pessoas.
3. Governadora Hana, sua dedicação e presença fazem toda diferença no Pará. Parabéns.
4. Parabéns, governadora Hana. Mesmo na correria, a senhora nunca deixa de estar perto do povo.",mensagem simples,2026-05-06 15:42:44.92+00,Engaja,251015655874706@lid,Engaja,2026-05-06 18:42:45.66095+00
17471,Escalada,Conexão Escalada - Nível 2,Conexão Escalada - Nível 2,120363407337623196@g.us,3EB097CF21378DED2C83D1,"Boa tarde galera!!

 Semana que vem teremos uma super novidade sobre esse tópico de compartilhamento de links... 🚀",mensagem simples,2026-05-06 15:43:46.153+00,Central Escalada,194674308468846@lid,Central Escalada,2026-05-06 18:43:46.492737+00
17472,Pará,Engaja 2.0,Engaja 2.0 (Azul),120363422002705740@g.us,3A15783B8DE4C8E2E5F1,"https://engaja.pro/06-05-engaja-05-a

Boa tarde!

Vamos lá!
Curtir, comentar, compartilhar e salvar! 🚀

*Exemplos de comentários para usar como base (não copie, apenas se inspire).*

1. Governadora Hana, é bonito ver uma gestão tão presente e humana. Parabéns pelo trabalho.
2. Parabéns, governadora Hana. A senhora mostra todos os dias que governar é cuidar das pessoas.
3. Governadora Hana, sua dedicação e presença fazem toda diferença no Pará. Parabéns.
4. Parabéns, governadora Hana. Mesmo na correria, a senhora nunca deixa de estar perto do povo.",mensagem simples,2026-05-06 16:09:48.552+00,Engaja,251015655874706@lid,Engaja,2026-05-06 19:09:48.896277+00
17473,Pará,Engaja 2.0,Engaja 2.0 (Vermelha),120363419511068404@g.us,3A7A83ADA5E9E6B9F773,"https://engaja.pro/06-05-engaja-05-b

Boa tarde!

Vamos lá!
Curtir, comentar, compartilhar e salvar! 🚀

*Exemplos de comentários para usar como base (não copie, apenas se inspire).*

1. Governadora Hana, é bonito ver uma gestão tão presente e humana. Parabéns pelo trabalho.
2. Parabéns, governadora Hana. A senhora mostra todos os dias que governar é cuidar das pessoas.
3. Governadora Hana, sua dedicação e presença fazem toda diferença no Pará. Parabéns.
4. Parabéns, governadora Hana. Mesmo na correria, a senhora nunca deixa de estar perto do povo.",mensagem simples,2026-05-06 16:10:20.575+00,Engaja,251015655874706@lid,Engaja,2026-05-06 19:10:23.830245+00
17474,Pernambuco,Mobiliza PE,Mobiliza PE,120363405595256912@g.us,3EB0C889923C9A09272056,"*Falta meia hora pra gente começar a organizar nossa caminhada hoje.* Sabe como é, né? 
Sozinho a gente até vai, mas em conjunto a gente faz o barulho que Pernambuco precisa ouvir!

*Pega aqui o link, e vem somar com a gente!:* https://engaja.pro/encontro-mobilizape",mensagem simples,2026-05-06 19:02:06.565+00,Mobiliza PE,111055674052635@lid,Mobiliza PE,2026-05-06 22:02:12.128848+00
17475,Pernambuco,Mobiliza PE,Mobiliza PE,120363405595256912@g.us,3EB0234CD3702F4037C667,"*🚨 MISSÃO NOVA NA ÁREA 🚨*

Olha a Escada, minha gente! O time tá se juntando pra fazer de Pernambuco um lugar melhor a cada dia. Saindo do papel e entrando na vida real, junto com quem realmente se importa com o povo. É assim que a gente constrói um futuro arretado pra nossa terra! 🚀💛

*Link da missão:*  
https://engaja.pro/missaope01-06-05",mensagem simples,2026-05-06 19:10:28.665+00,Mobiliza PE,53610285162643@lid,Mobiliza PE,2026-05-06 22:10:28.826967+00
17476,Pernambuco,Mobiliza PE,Mobiliza PE,120363405595256912@g.us,3EB07B68E21AE4C212449F,"*Dicas de comentários (do seu jeito, hein?):*",mensagem simples,2026-05-06 19:10:31.175+00,Mobiliza PE,53610285162643@lid,Mobiliza PE,2026-05-06 22:10:31.502047+00
17477,Pernambuco,Mobiliza PE,Mobiliza PE,120363405595256912@g.us,3EB06FABBA09E5F11808D2,Esse João não para de crescer 🚀💛,mensagem simples,2026-05-06 19:10:40.873+00,Mobiliza PE,53610285162643@lid,Mobiliza PE,2026-05-06 22:10:41.805901+00
17478,Pernambuco,Mobiliza PE,Mobiliza PE,120363405595256912@g.us,3EB03E0008C6C226F1C95B,Escada entrou no time. O estado inteiro tá se alinhando 💛💛🚀,mensagem simples,2026-05-06 19:10:42.069+00,Mobiliza PE,53610285162643@lid,Mobiliza PE,2026-05-06 22:10:42.341103+00
17479,Pernambuco,Mobiliza PE,Mobiliza PE,120363405595256912@g.us,3EB03B7FF32CD23EE63F61,Não tem segredo: quem quer o melhor pra PE chega junto 🚀💛💛,mensagem simples,2026-05-06 19:10:43.544+00,Mobiliza PE,53610285162643@lid,Mobiliza PE,2026-05-06 22:10:43.918556+00
17480,Pernambuco,Mobiliza PE,Mobiliza PE,120363405595256912@g.us,3EB044C5B8978FEB8661FE,2026 é de João 💛💛,mensagem simples,2026-05-06 19:10:44.494+00,Mobiliza PE,53610285162643@lid,Mobiliza PE,2026-05-06 22:10:44.809724+00
17481,Pernambuco,Mobiliza PE,Mobiliza PE,120363405595256912@g.us,3EB0F820DAC8C140AF5EBC,"Bora pra cima, João! 🚀💛💛",mensagem simples,2026-05-06 19:10:48.243+00,Mobiliza PE,53610285162643@lid,Mobiliza PE,2026-05-06 22:10:48.546646+00
17482,Pernambuco,Mobiliza,Mobiliza,120363425016992076@g.us,3EB0BB9B074CF7C71BAB80,"*🚨 MISSÃO NOVA NA ÁREA 🚨*

Olha a Escada, minha gente! O time tá se juntando pra fazer de Pernambuco um lugar melhor a cada dia. Saindo do papel e entrando na vida real, junto com quem realmente se importa com o povo. É assim que a gente constrói um futuro arretado pra nossa terra! 🚀💛

*Link da missão:*  
https://engaja.pro/missaope01-06-05",mensagem simples,2026-05-06 19:12:24.001+00,Mobiliza PE,53610285162643@lid,Mobiliza PE,2026-05-06 22:12:24.498216+00
17483,Pernambuco,Mobiliza,Mobiliza,120363425016992076@g.us,3EB07BEDCB5B445412B746,"*Dicas de comentários (do seu jeito, hein?):*",mensagem simples,2026-05-06 19:13:05.823+00,Mobiliza PE,53610285162643@lid,Mobiliza PE,2026-05-06 22:13:06.135816+00
17484,Pernambuco,Mobiliza,Mobiliza,120363425016992076@g.us,3EB0C36B5BEC1D4AD73CDB,Esse João não para de crescer 🚀💛,mensagem simples,2026-05-06 19:13:11.892+00,Mobiliza PE,53610285162643@lid,Mobiliza PE,2026-05-06 22:13:12.287505+00
17485,Pernambuco,Mobiliza,Mobiliza,120363425016992076@g.us,3EB0E29D6F115E1DD0C426,Escada entrou no time. O estado inteiro tá se alinhando 💛💛🚀,mensagem simples,2026-05-06 19:13:19.835+00,Mobiliza PE,53610285162643@lid,Mobiliza PE,2026-05-06 22:13:20.024555+00
17486,Pernambuco,Mobiliza,Mobiliza,120363425016992076@g.us,3EB01952DFF169329342D5,Não tem segredo: quem quer o melhor pra PE chega junto 🚀💛💛,mensagem simples,2026-05-06 19:13:27.048+00,Mobiliza PE,53610285162643@lid,Mobiliza PE,2026-05-06 22:13:27.292595+00
17487,Pernambuco,Mobiliza,Mobiliza,120363425016992076@g.us,3EB09505D53BDCDC62CA6F,2026 é de João 💛💛,mensagem simples,2026-05-06 19:13:29.286+00,Mobiliza PE,53610285162643@lid,Mobiliza PE,2026-05-06 22:13:29.499329+00
17488,Pernambuco,Mobiliza,Mobiliza,120363425016992076@g.us,3EB0E6C828C41261EB1654,"Bora pra cima, João! 🚀💛💛",mensagem simples,2026-05-06 19:13:30.724+00,Mobiliza PE,53610285162643@lid,Mobiliza PE,2026-05-06 22:13:30.900078+00
17489,Pará,Engaja 2.0,Engaja 2.0 (Azul),120363422002705740@g.us,3A4302CC1C1E85C6D2DD,"https://engaja.pro/06-05-engaja-06-a

Boa noite!

Vamos lá!
Curtir, comentar, compartilhar e salvar! 🚀

*Exemplos de comentários para usar como base (não copie, apenas se inspire).*

1. O futuro senador Helder trabalha de verdade pelo Pará. Parabéns pela dedicação diária.
2. Parabéns ao futuro senador Helder por seguir ouvindo os municípios e cuidando do nosso estado.
3. O futuro senador Helder mostra compromisso e presença em cada agenda. Grande liderança.
4. Parabéns, futuro senador Helder. O Pará reconhece quem trabalha com seriedade.",mensagem simples,2026-05-06 19:17:37.463+00,Engaja,251015655874706@lid,Engaja,2026-05-06 22:17:37.810278+00
17490,Pará,Engaja 2.0,Engaja 2.0 (Vermelha),120363419511068404@g.us,3A3ACBF6D7390C5411C8,"https://engaja.pro/06-05-engaja-06-b

Boa noite!

Vamos lá!
Curtir, comentar, compartilhar e salvar! 🚀

*Exemplos de comentários para usar como base (não copie, apenas se inspire).*

1. O futuro senador Helder trabalha de verdade pelo Pará. Parabéns pela dedicação diária.
2. Parabéns ao futuro senador Helder por seguir ouvindo os municípios e cuidando do nosso estado.
3. O futuro senador Helder mostra compromisso e presença em cada agenda. Grande liderança.
4. Parabéns, futuro senador Helder. O Pará reconhece quem trabalha com seriedade.",mensagem simples,2026-05-06 19:17:42.281+00,Engaja,251015655874706@lid,Engaja,2026-05-06 22:17:42.529875+00
17491,Pernambuco,Mobiliza PE,Mobiliza PE,120363405595256912@g.us,3EB017A6CFB86BF9F5C624,"*Atenção, meu povo! O radar já detectou, o Mobiliza está no ar! Já demos o primeiro passo e a sala já está aberta. Se você está a caminho, sintonize na nossa energia! Bora!*

Link: https://engaja.pro/encontro-mobilizape",mensagem simples,2026-05-06 19:30:30.797+00,Mobiliza PE,111055674052635@lid,Mobiliza PE,2026-05-06 22:30:31.314772+00
17492,Pernambuco,Mobiliza PE,Mobiliza PE,120363405595256912@g.us,3EB074E9B4A81953DD8D4F,"*Fala, minha gente! Que encontro massa o de hoje!*

Ver o compromisso de vocês com o nosso projeto é o que me motiva a seguir acelerado. *Estamos construindo o Pernambuco que sonhamos, com o pé no chão e o coração no trabalho.* O mérito de cada passo dado é de vocês, que não fogem da luta e fazem acontecer. 💛💛💛💛",imagem,2026-05-06 20:18:38.016+00,Mobiliza PE,111055674052635@lid,Mobiliza PE,2026-05-06 23:18:38.317209+00
17530,Escalada,Conexão Escalada - Nível 2,Conexão Escalada - Nível 2,120363407337623196@g.us,3EB019E707DBCC425A9C2E,"Oii Jadilson, tudo bem?",mensagem simples,2026-05-06 20:59:12.164+00,Central Escalada,194674308468846@lid,Central Escalada,2026-05-06 23:59:12.395419+00
17531,Escalada,Conexão Escalada - Nível 2,Conexão Escalada - Nível 2,120363407337623196@g.us,3EB0A18FD7DA29C96C9DF7,Você está acessando o link do ranking alunos,mensagem simples,2026-05-06 21:02:04.415+00,Central Escalada,194674308468846@lid,Central Escalada,2026-05-07 00:02:05.316223+00
17532,Escalada,Conexão Escalada - Nível 2,Conexão Escalada - Nível 2,120363407337623196@g.us,3EB082085EA86FB0777838,"Vou falar contigo no wpp, ta bem?",mensagem simples,2026-05-06 21:02:55.154+00,Central Escalada,194674308468846@lid,Central Escalada,2026-05-07 00:02:55.318201+00
17533,Pará,Engaja 2.0,Engaja 2.0 (Azul),120363422002705740@g.us,3AA78E2F72F9FD825900,"https://engaja.pro/06-05-engaja-07-a

Boa noite!

Vamos lá!
Curtir, comentar, compartilhar e salvar! 🚀

*Exemplos de comentários para usar como base (não copie, apenas se inspire).*

1. A governadora Hana sabe valorizar a cultura do nosso Pará como ninguém. Parabéns por fortalecer nossas tradições.
2. Parabéns, governadora Hana. O Parárraiá já é um dos maiores orgulhos culturais do nosso estado.
3. A governadora Hana transforma cultura em oportunidade, turismo e alegria para o povo paraense. Parabéns pelo trabalho.
4. O Pará vive um novo momento com a governadora Hana valorizando nossas raízes e nossa identidade cultural.",mensagem simples,2026-05-06 21:38:25.54+00,Engaja,251015655874706@lid,Engaja,2026-05-07 00:38:25.815434+00
17534,Pará,Engaja 2.0,Engaja 2.0 (Vermelha),120363419511068404@g.us,3AFCF7FF427B6E42539E,"https://engaja.pro/06-05-engaja-07-b

Boa noite!

Vamos lá!
Curtir, comentar, compartilhar e salvar! 🚀

*Exemplos de comentários para usar como base (não copie, apenas se inspire).*

1. A governadora Hana sabe valorizar a cultura do nosso Pará como ninguém. Parabéns por fortalecer nossas tradições.
2. Parabéns, governadora Hana. O Parárraiá já é um dos maiores orgulhos culturais do nosso estado.
3. A governadora Hana transforma cultura em oportunidade, turismo e alegria para o povo paraense. Parabéns pelo trabalho.
4. O Pará vive um novo momento com a governadora Hana valorizando nossas raízes e nossa identidade cultural.",mensagem simples,2026-05-06 21:38:36.219+00,Engaja,251015655874706@lid,Engaja,2026-05-07 00:38:36.628035+00
17535,Pará,Engaja 2.0,Engaja 2.0 (Azul),120363422002705740@g.us,3AE65E994C8DE4E6C0F9,"https://engaja.pro/06-05-engaja-08-a

Boa noite!

Vamos lá!
Curtir, comentar, compartilhar e salvar! 🚀

*Exemplos de comentários para usar como base (não copie, apenas se inspire).*

1. A governadora Hana é muito querida pelo povo paraense. O carinho por ela é visível.
2. O povo tem um carinho enorme pela governadora Hana, fruto de muito trabalho e dedicação.
3. A governadora Hana conquistou o Pará com sua forma humana e presente de governar.
4. É bonito ver o quanto a governadora Hana é querida por onde passa.",mensagem simples,2026-05-06 22:10:22.547+00,Engaja,251015655874706@lid,Engaja,2026-05-07 01:10:22.894863+00
17536,Pará,Engaja 2.0,Engaja 2.0 (Vermelha),120363419511068404@g.us,3A4E09C94D5988A87B17,"https://engaja.pro/06-05-engaja-08-b

Boa noite!

Vamos lá!
Curtir, comentar, compartilhar e salvar! 🚀

*Exemplos de comentários para usar como base (não copie, apenas se inspire).*

1. A governadora Hana é muito querida pelo povo paraense. O carinho por ela é visível.
2. O povo tem um carinho enorme pela governadora Hana, fruto de muito trabalho e dedicação.
3. A governadora Hana conquistou o Pará com sua forma humana e presente de governar.
4. É bonito ver o quanto a governadora Hana é querida por onde passa.",mensagem simples,2026-05-06 22:10:43.724+00,Engaja,251015655874706@lid,Engaja,2026-05-07 01:10:44.104117+00
17537,Pará,Engaja 2.0,Engaja 2.0 (Azul),120363422002705740@g.us,3A31469562CEA479C178,"https://engaja.pro/06-05-engaja-09-a

Boa noite!

Vamos lá!
Curtir, comentar, compartilhar e salvar! 🚀

*Exemplos de comentários para usar como base (não copie, apenas se inspire).*

1. O futuro senador Helder sabe unir diálogo, parceria e trabalho pelo Pará inteiro. Parabéns pela grande liderança.
2. Parabéns ao futuro senador Helder por manter esse compromisso com todos os municípios do nosso estado.
3. O futuro senador Helder mostra todos os dias que governar é ouvir, dialogar e construir junto com as lideranças.
4. Grande trabalho do futuro senador Helder fortalecendo parcerias e levando desenvolvimento para todas as regiões do Pará.",mensagem simples,2026-05-06 22:45:20.976+00,Engaja,251015655874706@lid,Engaja,2026-05-07 01:45:21.389709+00
17538,Pará,Engaja 2.0,Engaja 2.0 (Vermelha),120363419511068404@g.us,3AF6A7D8B2D997DA6D16,"https://engaja.pro/06-05-engaja-09-b

Boa noite!

Vamos lá!
Curtir, comentar, compartilhar e salvar! 🚀

*Exemplos de comentários para usar como base (não copie, apenas se inspire).*

1. O futuro senador Helder sabe unir diálogo, parceria e trabalho pelo Pará inteiro. Parabéns pela grande liderança.
2. Parabéns ao futuro senador Helder por manter esse compromisso com todos os municípios do nosso estado.
3. O futuro senador Helder mostra todos os dias que governar é ouvir, dialogar e construir junto com as lideranças.
4. Grande trabalho do futuro senador Helder fortalecendo parcerias e levando desenvolvimento para todas as regiões do Pará.",mensagem simples,2026-05-06 22:45:35.931+00,Engaja,251015655874706@lid,Engaja,2026-05-07 01:45:36.499289+00
17569,Pará,Engaja 2.0,Engaja 2.0 (Azul),120363422002705740@g.us,3AE9BB18E88F8FA76998,"https://engaja.pro/06-05-engaja-10-a

Boa noite!

Vamos lá!
Curtir, comentar, compartilhar e salvar! 🚀

*Exemplos de comentários para usar como base (não copie, apenas se inspire).*

1. O futuro senador Helder mostra que compromisso com o Pará não tem hora nem lugar. Parabéns pela dedicação diária.
2. Parabéns ao futuro senador Helder por estar sempre trabalhando e buscando melhorias para o nosso estado.
3. O futuro senador Helder é exemplo de compromisso, presença e muito trabalho pelo povo paraense.
4. Grande liderança do futuro senador Helder, sempre focado em cuidar do Pará e fortalecer os municípios.",mensagem simples,2026-05-07 00:07:34.617+00,Engaja,251015655874706@lid,Engaja,2026-05-07 03:07:34.909137+00
17570,Pará,Engaja 2.0,Engaja 2.0 (Vermelha),120363419511068404@g.us,3AEB56602A9B6CEEC8B3,"https://engaja.pro/06-05-engaja-10-b

Boa noite!

Vamos lá!
Curtir, comentar, compartilhar e salvar! 🚀

*Exemplos de comentários para usar como base (não copie, apenas se inspire).*

1. O futuro senador Helder mostra que compromisso com o Pará não tem hora nem lugar. Parabéns pela dedicação diária.
2. Parabéns ao futuro senador Helder por estar sempre trabalhando e buscando melhorias para o nosso estado.
3. O futuro senador Helder é exemplo de compromisso, presença e muito trabalho pelo povo paraense.
4. Grande liderança do futuro senador Helder, sempre focado em cuidar do Pará e fortalecer os municípios.",mensagem simples,2026-05-07 00:07:41.009+00,Engaja,251015655874706@lid,Engaja,2026-05-07 03:07:41.300662+00
17606,Escalada,Conselho Escalada - Nível 5,Conselho Escalada - Nível 5,120363425561018159@g.us,3EB0FA306ABBA051BD325F,Isso aqui mostra uma coisa muito forte: você parou de medir sua caminhada pela velocidade dos outros e começou a olhar pra construção da sua própria trajetória.,mensagem simples,2026-05-07 08:30:45.695+00,Central Escalada,194674308468846@lid,Central Escalada,2026-05-07 11:30:46.408439+00
17607,Escalada,Conselho Escalada - Nível 5,Conselho Escalada - Nível 5,120363425561018159@g.us,3EB09A6BE11DEF0CD1EBB8,Isso já mostra uma grande evolução na sua jornada!,mensagem simples,2026-05-07 08:31:02.835+00,Central Escalada,194674308468846@lid,Central Escalada,2026-05-07 11:31:03.427194+00
17608,Escalada,Conselho Escalada - Nível 5,Conselho Escalada - Nível 5,120363425561018159@g.us,3EB0FF4803FA5409403750,Você pode postar na plataforma e colocar a # para ganhar os pontos ✨,mensagem simples,2026-05-07 08:32:17.565+00,Central Escalada,194674308468846@lid,Central Escalada,2026-05-07 11:32:17.898576+00
17609,Escalada,Conselho Escalada - Nível 5,Conselho Escalada - Nível 5,120363425561018159@g.us,3EB052DBAAECEC3FEA3EC9,"*Galera… sim: nós ouvimos vocês. 👀*

Semana passada a gente conversou bastante sobre a plataforma e *formas de continuar evoluindo por aqui.*

Por isso, semana que vem chega uma novidade e talvez... alguns de vocês tenham uma *nova chance de acelerar dentro do Escalada.*

Agora quero saber: qual é o palpite de vocês? *O que acham que está vindo por aí?* 🚀",mensagem simples,2026-05-07 08:37:54.719+00,Central Escalada,194674308468846@lid,Central Escalada,2026-05-07 11:37:55.005599+00
17610,Escalada,Rota de Crescimento - Nível 3,Rota de Crescimento - Nível 3,120363423283283910@g.us,3EB05C237278E147516CDA,"Fala pessoal!

Se tem um assunto que sempre aparece nas conversas sobre futuro, é esse aqui:

*💸 Dinheiro.*

Não só “ficar rico”. Mas ter liberdade, ajudar a família, comprar suas coisas...

Agora me responde sem filtro:
*qual seria a primeira coisa que você faria se começasse a ganhar dinheiro hoje?*",mensagem simples,2026-05-07 08:43:12.639+00,Central Escalada,194674308468846@lid,Central Escalada,2026-05-07 11:43:13.01499+00
17611,Escalada,Conexão Escalada - Nível 2,Conexão Escalada - Nível 2,120363407337623196@g.us,3EB02F0CB82850DFD99746,"Buenos diass!

Conversando com um pessoal aqui na central, muitos falaram sobre ter alguma insegurança sobre o futuro… 

Mas isso não significa que você não vai conseguir.

Na verdade, *crescer também é aprender a ir com coragem e com medo mesmo.*

Então, conta pra gente:
*qual é o maior medo quando você pensa no seu futuro?*",mensagem simples,2026-05-07 09:00:16.139+00,Central Escalada,194674308468846@lid,Central Escalada,2026-05-07 12:00:19.783157+00
17612,Escalada,Laboratório de Projetos - Nível 4,Laboratório de Projetos - Nível 4,120363406643406079@g.us,3EB0B4D5466F955298E606,"Fala minha galeraaa! ✌️

Vocês também têm a sensação de que as melhores ideias surgem nas conversas mais aleatórias?

Às vezes um projeto começa com um “e se a gente tentasse isso aqui?” 👀

Então, conta pra gente:
*qual foi a ideia mais diferente ou criativa que você já teve com alguém?*",mensagem simples,2026-05-07 09:04:58.311+00,Central Escalada,194674308468846@lid,Central Escalada,2026-05-07 12:04:58.789612+00
17613,Escalada,Laboratório de Projetos - Nível 4,Laboratório de Projetos - Nível 4,120363406643406079@g.us,3EB0D90308A219A0068623,"Esses dias pensei em um projeto, seria tipo um evento sobre empreendedorismo na escola.

Ou organizar um “dia do desapego” pra doar livros, brinquedos, acessórios...",mensagem simples,2026-05-07 09:08:19.875+00,Central Escalada,194674308468846@lid,Central Escalada,2026-05-07 12:08:20.403608+00
17614,Escalada,Laboratório de Projetos - Nível 4,Laboratório de Projetos - Nível 4,120363406643406079@g.us,3EB09FAEA453C7B716E67A,"Ou organizar um “dia do desapego” pra doar livros, brinquedos, acessórios...",mensagem simples,2026-05-07 09:08:31.384+00,Central Escalada,194674308468846@lid,Central Escalada,2026-05-07 12:08:31.70717+00
17615,Escalada,Conselho Escalada - Nível 5,Conselho Escalada - Nível 5,120363425561018159@g.us,3EB041A4EE88BDD3C60B84,"Hmm, foi algo que vocês pediram bastante...",mensagem simples,2026-05-07 09:30:14.881+00,Central Escalada,194674308468846@lid,Central Escalada,2026-05-07 12:30:15.508277+00
17616,Pará,Engaja 2.0,Engaja 2.0 (Azul),120363422002705740@g.us,3A6B146BAD3CA671EE13,"https://engaja.pro/07-05-engaja-01-a

Bom dia!

Vamos lá!
Curtir, comentar, compartilhar e salvar! 🚀

*Exemplos de comentários para usar como base (não copie, apenas se inspire).*

1. Parabéns, governadora Hana. Segurança pública se faz com tecnologia, inteligência e trabalho sério.
2. A governadora Hana tem mostrado compromisso real com a segurança da nossa população. Grande trabalho.
3. O Pará está mais seguro porque a governadora Hana investe em prevenção e tecnologia. Parabéns pela dedicação.
4. Parabéns à governadora Hana por cuidar de quem anda certo e trabalhar por mais segurança para todos.",mensagem simples,2026-05-07 09:31:21.886+00,Engaja,251015655874706@lid,Engaja,2026-05-07 12:31:22.201607+00
17617,Pará,Engaja 2.0,Engaja 2.0 (Vermelha),120363419511068404@g.us,3A74F0A44C3E7C905EBF,"https://engaja.pro/07-05-engaja-01-b

Bom dia!

Vamos lá!
Curtir, comentar, compartilhar e salvar! 🚀

*Exemplos de comentários para usar como base (não copie, apenas se inspire).*

1. Parabéns, governadora Hana. Segurança pública se faz com tecnologia, inteligência e trabalho sério.
2. A governadora Hana tem mostrado compromisso real com a segurança da nossa população. Grande trabalho.
3. O Pará está mais seguro porque a governadora Hana investe em prevenção e tecnologia. Parabéns pela dedicação.
4. Parabéns à governadora Hana por cuidar de quem anda certo e trabalhar por mais segurança para todos.",mensagem simples,2026-05-07 09:31:39.126+00,Engaja,251015655874706@lid,Engaja,2026-05-07 12:31:39.620523+00
17618,Escalada,Conselho Escalada - Nível 5,Conselho Escalada - Nível 5,120363425561018159@g.us,3EB04DCAEFF3E51E28A8F0,Está chegando bem perto!!!,mensagem simples,2026-05-07 09:45:43.521+00,Central Escalada,194674308468846@lid,Central Escalada,2026-05-07 12:45:43.953656+00
17619,Escalada,Conselho Escalada - Nível 5,Conselho Escalada - Nível 5,120363425561018159@g.us,3EB0FCB2C31D0446DEE84E,"Essa ainda não é a novidade principal, mas parte dela:",mensagem simples,2026-05-07 09:45:56.741+00,Central Escalada,194674308468846@lid,Central Escalada,2026-05-07 12:45:57.172751+00
17620,Escalada,Conselho Escalada - Nível 5,Conselho Escalada - Nível 5,120363425561018159@g.us,3EB08DF1FBDDC2DE3BB42D,"*Não sabe como se inscrever no edital ou o que colocar no roteiro… essa é pra você!*

Dia *31 de maio é o último dia para se inscrever* no edital e por isso, vamos ter um super *encontro AO VIVO* pra te mostrar exatamente como entrar no jogo.

Você vai sair sabendo como se inscrever, montar seu roteiro, gravar o vídeo e o que realmente faz diferença.

📅 *Quinta (08/05) às 19h*
🔗 https://meet.google.com/cti-pbyf-tgp

Posso contar com você? Envia um “Eu vou” aqui embaixo!",imagem,2026-05-07 09:46:52.303+00,Central Escalada,194674308468846@lid,Central Escalada,2026-05-07 12:46:52.681851+00
17621,Escalada,Conexão Escalada - Nível 2,Conexão Escalada - Nível 2,120363407337623196@g.us,3EB0522FA39FBEBACC8210,"E galera sobre isso, tenho uma super novidade:",mensagem simples,2026-05-07 09:49:17.806+00,Central Escalada,194674308468846@lid,Central Escalada,2026-05-07 12:49:18.401198+00
17622,Escalada,Conexão Escalada - Nível 2,Conexão Escalada - Nível 2,120363407337623196@g.us,3EB0C25C5023FB073C176D,"*Não sabe como se inscrever no edital ou o que colocar no roteiro… essa é pra você!*

Dia *31 de maio é o último dia para se inscrever* no edital!

Vamos ter um super *encontro AO VIVO* e vamos tirar todas as dúvidas: como se inscrever, montar seu roteiro, gravar o vídeo...

📅 *Quinta (08/05) às 19h*
🔗 https://meet.google.com/cti-pbyf-tgp

Posso contar com você? Envia um “Eu vou” aqui embaixo!",imagem,2026-05-07 09:49:29.244+00,Central Escalada,194674308468846@lid,Central Escalada,2026-05-07 12:49:29.605985+00
17623,Escalada,Conexão Escalada - Nível 2,Conexão Escalada - Nível 2,120363407337623196@g.us,3EB0E8A6B7BFB0DADACE42,"@57475873124508 Iai, o que achou?",mensagem simples,2026-05-07 09:49:43.789+00,Central Escalada,194674308468846@lid,Central Escalada,2026-05-07 12:49:44.109528+00
17624,Escalada,Rota de Crescimento - Nível 3,Rota de Crescimento - Nível 3,120363423283283910@g.us,3EB085D95EE29740128A96,🚨 *NOVIDADE NA ÁREA* 🚨,mensagem simples,2026-05-07 09:50:44.339+00,Central Escalada,194674308468846@lid,Central Escalada,2026-05-07 12:50:44.703951+00
17625,Escalada,Rota de Crescimento - Nível 3,Rota de Crescimento - Nível 3,120363423283283910@g.us,3EB0325C6385A0EF13EEC5,"*Não sabe como se inscrever no edital ou o que escrever no roteiro… essa é pra você!*

Dia *31 de maio é o último dia para se inscrever* no edital!

Vamos ter um super *encontro AO VIVO* e vamos tirar todas as dúvidas: como se inscrever, montar seu roteiro, gravar o vídeo...

📅 *Quinta (08/05) às 19h*
🔗 https://meet.google.com/cti-pbyf-tgp

Posso contar com você? Envia um “Eu vou” aqui embaixo!",imagem,2026-05-07 09:50:58.669+00,Central Escalada,194674308468846@lid,Central Escalada,2026-05-07 12:50:59.235076+00
17626,Escalada,Rede Escalada,Rede Escalada,120363406995389389@g.us,3EB06734A1170253CAB6E2,🚨 *NOVIDADE NA ÁREA* 🚨,mensagem simples,2026-05-07 09:51:18.797+00,Central Escalada,194674308468846@lid,Central Escalada,2026-05-07 12:51:19.221629+00
17627,Escalada,Rede Escalada,Rede Escalada,120363406995389389@g.us,3EB0EE80124911F5352AEC,"*Não sabe como se inscrever no edital ou o que escrever no roteiro… essa é pra você!*

Dia *31 de maio é o último dia para se inscrever* no edital!

Vamos ter um super *encontro AO VIVO* e vamos tirar todas as dúvidas: como se inscrever, montar seu roteiro, gravar o vídeo...

📅 *Quinta (08/05) às 19h*
🔗 https://meet.google.com/cti-pbyf-tgp

Posso contar com você? Envia um “Eu vou” aqui embaixo!",imagem,2026-05-07 09:51:35.457+00,Central Escalada,194674308468846@lid,Central Escalada,2026-05-07 12:51:35.795521+00
17628,Pará,Engaja 2.0,Engaja 2.0 (Azul),120363422002705740@g.us,3A99BED6A11E5378890C,"https://engaja.pro/07-05-engaja-02-a

Bom dia!

Vamos lá!
Curtir, comentar, compartilhar e salvar! 🚀

*Exemplos de comentários para usar como base (não copie, apenas se inspire).*

1. O futuro senador Helder até nas trends conquista o povo. Muito carisma e simpatia.
2. Parabéns ao futuro senador Helder pela leveza e proximidade com a população.
3. O futuro senador Helder é querido até nas brincadeiras. Carisma que conquista.
4. Muito bom ver o futuro senador Helder entrando na trend com esse bom humor.",mensagem simples,2026-05-07 10:09:28.567+00,Engaja,251015655874706@lid,Engaja,2026-05-07 13:09:29.00694+00
17629,Pará,Engaja 2.0,Engaja 2.0 (Vermelha),120363419511068404@g.us,3A890EAA75D3BC470298,"https://engaja.pro/07-05-engaja-02-b

Bom dia!

Vamos lá!
Curtir, comentar, compartilhar e salvar! 🚀

*Exemplos de comentários para usar como base (não copie, apenas se inspire).*

1. O futuro senador Helder até nas trends conquista o povo. Muito carisma e simpatia.
2. Parabéns ao futuro senador Helder pela leveza e proximidade com a população.
3. O futuro senador Helder é querido até nas brincadeiras. Carisma que conquista.
4. Muito bom ver o futuro senador Helder entrando na trend com esse bom humor.",mensagem simples,2026-05-07 10:09:29.233+00,Engaja,251015655874706@lid,Engaja,2026-05-07 13:09:29.648519+00
17630,Escalada,Rede Escalada,Rede Escalada,120363406995389389@g.us,3EB002D6072F0E4203593F,"*Não sabe como se inscrever no edital ou o que escrever no roteiro… essa é pra você!*

Dia *31 de maio é o último dia para conquistar o selo e liberar a sua inscrição no edital!*

Vamos ter um super *encontro AO VIVO* e vamos tirar todas as dúvidas: como se inscrever, montar seu roteiro, gravar o vídeo...

📅 *Quinta (08/05) às 19h*
🔗 https://meet.google.com/cti-pbyf-tgp

Posso contar com você? Envia um “Eu vou” aqui embaixo!",imagem,2026-05-07 11:40:23.979+00,Central Escalada,194674308468846@lid,Central Escalada,2026-05-07 14:40:24.613901+00
17631,Escalada,Rota de Crescimento - Nível 3,Rota de Crescimento - Nível 3,120363423283283910@g.us,3EB0C28B5CC6AA94F847FD,"*Não sabe como se inscrever no edital ou o que escrever no roteiro… essa é pra você!*

Dia *31 de maio é o último dia para conquistar o selo e liberar a sua inscrição no edital!*

Vamos ter um super *encontro AO VIVO* e vamos tirar todas as dúvidas: como se inscrever, montar seu roteiro, gravar o vídeo...

📅 *Quinta (08/05) às 19h*
🔗 https://meet.google.com/cti-pbyf-tgp

Posso contar com você? Envia um “Eu vou” aqui embaixo!",imagem,2026-05-07 11:40:56.198+00,Central Escalada,194674308468846@lid,Central Escalada,2026-05-07 14:41:00.082932+00
17632,Escalada,Conselho Escalada - Nível 5,Conselho Escalada - Nível 5,120363425561018159@g.us,3EB0D610D66C311828EDF0,"Isso, peço perdão pelo engano 🫰",mensagem simples,2026-05-07 11:42:11.741+00,Central Escalada,194674308468846@lid,Central Escalada,2026-05-07 14:42:12.188497+00
17633,Pernambuco,Mobiliza PE,Mobiliza PE,120363405595256912@g.us,3EB093E46800B8FCB64524,"*🚨 MISSÃO NOVA NA ÁREA 🚨*

Êita, Pernambuco tá mostrando sua força! O apoio da prefeita Mary Gouveia a João Campos é *mais um passo que reflete a união e a garra do nosso povo.* Vamos juntos *construir um futuro arretado e cheio de oportunidades pra Escada e pra toda a Mata Sul!*

*Bora lá deixar nossa energia nos comentários?*

*Link:* https://engaja.pro/missaope01-07-05",imagem,2026-05-07 12:18:56.178+00,Mobiliza PE,270862800433165@lid,Mobiliza PE,2026-05-07 15:18:56.610622+00
17634,Mato Grosso do Sul,Senador Nelsinho | CANAL OFICIAL,Senador Nelsinho | CANAL OFICIAL,120363423242767408@g.us,3EB0E4DBAC77FD77F77246,"Bom dia, pessoal! Tudo bem por aí? *Passando para desejar uma quinta-feira abençoada para todos nós.*

A semana está voando e o trabalho por aqui não para, mas os avanços para o nosso Estado compensam cada minuto corrido.",mensagem simples,2026-05-07 12:18:59.631+00,Senador Nelsinho Trad,148155450556608@lid,Senador Nelsinho Trad,2026-05-07 15:18:59.892141+00
17635,Pernambuco,Mobiliza PE,Mobiliza PE,120363405595256912@g.us,3EB02B7D6E0271BFE89EA4,"*Dicas de comentários (do seu jeito, hein?):*",mensagem simples,2026-05-07 12:19:08.729+00,Mobiliza PE,270862800433165@lid,Mobiliza PE,2026-05-07 15:19:09.006465+00
17636,Pernambuco,Mobiliza PE,Mobiliza PE,120363405595256912@g.us,3EB06F5EAA2ADCE35EC435,"Bora pra cima, João! 🚀💛💛",mensagem simples,2026-05-07 12:19:19.135+00,Mobiliza PE,270862800433165@lid,Mobiliza PE,2026-05-07 15:19:19.538397+00
17637,Pernambuco,Mobiliza PE,Mobiliza PE,120363405595256912@g.us,3EB0026C13344A457D80EC,2026 é de João 💛💛,mensagem simples,2026-05-07 12:19:20.206+00,Mobiliza PE,270862800433165@lid,Mobiliza PE,2026-05-07 15:19:20.610555+00
17638,Pernambuco,Mobiliza PE,Mobiliza PE,120363405595256912@g.us,3EB03F42CE46843BE5ADC3,Não tem segredo: quem quer o melhor pra PE chega junto 🚀💛💛,mensagem simples,2026-05-07 12:19:24.616+00,Mobiliza PE,270862800433165@lid,Mobiliza PE,2026-05-07 15:19:24.991937+00
17639,Pernambuco,Mobiliza PE,Mobiliza PE,120363405595256912@g.us,3EB01F2A004565C0880E61,Escada entrou no time. O estado inteiro tá se alinhando 💛💛🚀,mensagem simples,2026-05-07 12:19:25.78+00,Mobiliza PE,270862800433165@lid,Mobiliza PE,2026-05-07 15:19:26.007815+00
17640,Pernambuco,Mobiliza PE,Mobiliza PE,120363405595256912@g.us,3EB0A41CF1A949FC0008EF,Esse João não para de crescer 🚀💛,mensagem simples,2026-05-07 12:19:27.613+00,Mobiliza PE,270862800433165@lid,Mobiliza PE,2026-05-07 15:19:27.927385+00
17641,Mato Grosso do Sul,Senador Nelsinho | CANAL OFICIAL,Senador Nelsinho | CANAL OFICIAL,120363423242767408@g.us,3EB0E7212F3597AD8F5E,"📊 ENQUETE: Como está o seu ritmo da sua semana? (Opções: Na correria total | Acelerado, mas dando conta | Equilibrado e produtivo | Mais tranquilo | Bastante sossegado)",enquete,2026-05-07 12:19:48.256+00,Senador Nelsinho Trad,148155450556608@lid,Senador Nelsinho Trad,2026-05-07 15:19:48.600433+00
17642,Pernambuco,Mobiliza,Mobiliza,120363425016992076@g.us,3EB05AA5DF9318BDE2B9CD,"*🚨 MISSÃO NOVA NA ÁREA 🚨*

Êita, Pernambuco tá mostrando sua força! O apoio da prefeita Mary Gouveia a João Campos é *mais um passo que reflete a união e a garra do nosso povo.* Vamos juntos *construir um futuro arretado e cheio de oportunidades pra Escada e pra toda a Mata Sul!*

*Bora lá deixar nossa energia nos comentários?*

*Link:* https://engaja.pro/missaope01-07-05",imagem,2026-05-07 12:20:54.605+00,Mobiliza PE,270862800433165@lid,Mobiliza PE,2026-05-07 15:20:55.109116+00
17643,Pernambuco,Mobiliza,Mobiliza,120363425016992076@g.us,3EB08C121ED5857B60BE64,"*Dicas de comentários (do seu jeito, hein?):*",mensagem simples,2026-05-07 12:20:59.036+00,Mobiliza PE,270862800433165@lid,Mobiliza PE,2026-05-07 15:21:00.458119+00
17644,Pernambuco,Mobiliza,Mobiliza,120363425016992076@g.us,3EB0559CD8B174B3A772A9,Escada entrou no time. O estado inteiro tá se alinhando 💛💛🚀,mensagem simples,2026-05-07 12:21:01.768+00,Mobiliza PE,270862800433165@lid,Mobiliza PE,2026-05-07 15:21:02.681208+00
17645,Pernambuco,Mobiliza,Mobiliza,120363425016992076@g.us,3EB0452D4A547058E754EB,Esse João não para de crescer 🚀💛,mensagem simples,2026-05-07 12:21:03.849+00,Mobiliza PE,270862800433165@lid,Mobiliza PE,2026-05-07 15:21:04.3898+00
17646,Pernambuco,Mobiliza,Mobiliza,120363425016992076@g.us,3EB091D13FE43772B45D7A,Não tem segredo: quem quer o melhor pra PE chega junto 🚀💛💛,mensagem simples,2026-05-07 12:21:07.955+00,Mobiliza PE,270862800433165@lid,Mobiliza PE,2026-05-07 15:21:08.270144+00
17647,Pernambuco,Mobiliza,Mobiliza,120363425016992076@g.us,3EB01042524C4A0F03B0AE,2026 é de João 💛💛,mensagem simples,2026-05-07 12:21:11.259+00,Mobiliza PE,270862800433165@lid,Mobiliza PE,2026-05-07 15:21:11.703716+00
17648,Pernambuco,Mobiliza,Mobiliza,120363425016992076@g.us,3EB0EF608532300F17E049,"Bora pra cima, João! 🚀💛💛",mensagem simples,2026-05-07 12:21:15.811+00,Mobiliza PE,270862800433165@lid,Mobiliza PE,2026-05-07 15:21:16.322494+00
17729,Mato Grosso do Sul,Senador Nelsinho | CANAL OFICIAL,Senador Nelsinho | CANAL OFICIAL,120363423242767408@g.us,3EB03A0DFC0187E13B4B58,"Boa tarde, pessoal! O assunto é sério: *nosso gado corre risco pela falta de vacinas essenciais.* No Senado, *cobrei o Ministério da Agricultura* e a indústria para agilizarem a entrega no campo.  

Vacina parada é prejuízo na certa para o produtor sul-mato-grossense.

*Compartilha com quem precisa saber que estamos em cima dessa cobrança.*

*Link:* https://engaja.pro/engajams01-07-05",mensagem simples,2026-05-07 14:44:30.638+00,Senador Nelsinho Trad,148155450556608@lid,Senador Nelsinho Trad,2026-05-07 17:44:31.277049+00
17744,Mato Grosso do Sul,Engaja MS,Engaja MS,120363424459503632@g.us,3EB0E17163DB92B44646DE,"Pessoal, o Nelsinho soltou mais cedo um conteúdo muito sério e importante para o Agro do MS lá no Instagram. 

*Vamos lá comentar e compartilhar essa publicação para mostrar que estamos em cima dessa cobrança.*

*Link:* https://engaja.pro/engajams01-07-05",mensagem simples,2026-05-07 17:27:45.522+00,Engaja MS,164785714897032@lid,Engaja MS,2026-05-07 20:27:45.805573+00
17745,Mato Grosso do Sul,Engaja MS,Engaja MS,120363424459503632@g.us,3EB0B686396062C5FE0E18,"Abaixo, alguns modelos de comentários para que você use como referencia e crie o seu próprio:",mensagem simples,2026-05-07 17:27:45.98+00,Engaja MS,164785714897032@lid,Engaja MS,2026-05-07 20:27:47.079056+00
17746,Mato Grosso do Sul,Engaja MS,Engaja MS,120363424459503632@g.us,3EB0143318F7EAFC33276A,Falou tudo! O campo tem pressa. 👊🚜,mensagem simples,2026-05-07 17:27:50.802+00,Engaja MS,164785714897032@lid,Engaja MS,2026-05-07 20:27:51.109501+00
17747,Mato Grosso do Sul,Engaja MS,Engaja MS,120363424459503632@g.us,3EB03E150835175CD9DCC8,Postura necessária. Estamos juntos! 👏🇧🇷,mensagem simples,2026-05-07 17:27:54.76+00,Engaja MS,164785714897032@lid,Engaja MS,2026-05-07 20:27:55.095063+00
17748,Mato Grosso do Sul,Engaja MS,Engaja MS,120363424459503632@g.us,3EB00B5F35D0CC0F61AEF9,Cobrança fundamental. O produtor precisa de apoio! 🙌,mensagem simples,2026-05-07 17:27:58.127+00,Engaja MS,164785714897032@lid,Engaja MS,2026-05-07 20:27:58.38429+00
17749,Pará,Engaja 2.0,Engaja 2.0 (Vermelha),120363419511068404@g.us,ACB647B357A9EC9E2897BEBFF239A97A,"https://engaja.pro/07-05-engaja-03-b

Boa tarde!

Vamos lá!
Curtir, comentar, compartilhar e salvar! 🚀

*Exemplos de comentários para usar como base (não copie, apenas se inspire).*
1. O Pararraiá já virou tradição e expectativa para muita gente.
2. Vai ser uma festa linda, cheia de cultura e identidade paraense.
3. Nossa governadora Hana valoriza muito a cultura do nosso estado com esse evento.
4. Quatro dias que prometem movimentar e alegrar toda a região.
5. Com Hana, o São João da Amazônia cresce a cada ano.
6. Cultura, tradição e alegria reunidas em um grande evento para o povo.",mensagem simples,2026-05-07 17:47:03.336+00,Engaja 2.0,14406041767997@lid,Engaja 2.0,2026-05-07 20:47:03.78644+00
17750,Pará,Engaja 2.0,Engaja 2.0 (Azul),120363422002705740@g.us,ACAFDE334B12FC62BDDAB20C35FA49E7,"https://engaja.pro/07-05-engaja-03-a

Boa tarde!

Vamos lá!
Curtir, comentar, compartilhar e salvar! 🚀

*Exemplos de comentários para usar como base (não copie, apenas se inspire).*
1. O Pararraiá já virou tradição e expectativa para muita gente.
2. Vai ser uma festa linda, cheia de cultura e identidade paraense.
3. Nossa governadora Hana valoriza muito a cultura do nosso estado com esse evento.
4. Quatro dias que prometem movimentar e alegrar toda a região.
5. Com Hana, o São João da Amazônia cresce a cada ano.
6. Cultura, tradição e alegria reunidas em um grande evento para o povo.",mensagem simples,2026-05-07 17:47:09.51+00,Engaja 2.0,14406041767997@lid,Engaja 2.0,2026-05-07 20:47:09.890963+00
17751,Pará,Engaja 2.0,Engaja 2.0 (Azul),120363422002705740@g.us,3AE67750F26741126EA5,"https://engaja.pro/07-05-engaja-05-a

Boa noite!

Vamos lá!
Curtir, comentar, compartilhar e salvar! 🚀

*Exemplos de comentários para usar como base (não copie, apenas se inspire).*

1. A governadora Hana acertou demais nessa programação. O Parárraiá 2026 vai entrar pra história.
2. Parabéns, governadora Hana. O Pará merece um evento tão grandioso e cheio de cultura como esse.
3. A governadora Hana valoriza nossa cultura e faz o povo paraense se sentir representado.
4. Já dá pra ver que o Parárraiá 2026 será um sucesso enorme. Parabéns pela organização, governadora Hana.",mensagem simples,2026-05-07 19:46:02.145+00,Engaja,251015655874706@lid,Engaja,2026-05-07 22:46:02.910856+00
17752,Pará,Engaja 2.0,Engaja 2.0 (Vermelha),120363419511068404@g.us,3A0D8562C9E6843947CD,"https://engaja.pro/07-05-engaja-05-b

Boa noite!

Vamos lá!
Curtir, comentar, compartilhar e salvar! 🚀

*Exemplos de comentários para usar como base (não copie, apenas se inspire).*

1. A governadora Hana acertou demais nessa programação. O Parárraiá 2026 vai entrar pra história.
2. Parabéns, governadora Hana. O Pará merece um evento tão grandioso e cheio de cultura como esse.
3. A governadora Hana valoriza nossa cultura e faz o povo paraense se sentir representado.
4. Já dá pra ver que o Parárraiá 2026 será um sucesso enorme. Parabéns pela organização, governadora Hana.",mensagem simples,2026-05-07 19:46:14.231+00,Engaja,251015655874706@lid,Engaja,2026-05-07 22:46:14.605022+00
17753,Pará,Engaja 2.0,Engaja 2.0 (Azul),120363422002705740@g.us,3A6B4D62D5A34B9B419E,"https://engaja.pro/07-05-engaja-06-a

Boa noite!

Vamos lá!
Curtir, comentar, compartilhar e salvar! 🚀

*Exemplos de comentários para usar como base (não copie, apenas se inspire).*

1. O futuro senador Helder sabe valorizar a cultura do nosso Pará como ninguém. Esse Parárraiá vai ser inesquecível.
2. Parabéns ao futuro senador Helder por fazer um evento tão grandioso e pensado pro povo paraense.
3. O Pará vive outro nível de cultura e entretenimento com o futuro senador Helder. Programação maravilhosa.
4. O futuro senador Helder transforma nossas tradições em eventos cada vez mais bonitos e fortes.",mensagem simples,2026-05-07 20:25:51.226+00,Engaja,251015655874706@lid,Engaja,2026-05-07 23:25:52.834803+00
17754,Pará,Engaja 2.0,Engaja 2.0 (Vermelha),120363419511068404@g.us,3AF0B1360E7BFE491695,"https://engaja.pro/07-05-engaja-06-b

Boa noite!

Vamos lá!
Curtir, comentar, compartilhar e salvar! 🚀

*Exemplos de comentários para usar como base (não copie, apenas se inspire).*

1. O futuro senador Helder sabe valorizar a cultura do nosso Pará como ninguém. Esse Parárraiá vai ser inesquecível.
2. Parabéns ao futuro senador Helder por fazer um evento tão grandioso e pensado pro povo paraense.
3. O Pará vive outro nível de cultura e entretenimento com o futuro senador Helder. Programação maravilhosa.
4. O futuro senador Helder transforma nossas tradições em eventos cada vez mais bonitos e fortes.",mensagem simples,2026-05-07 20:26:00.559+00,Engaja,251015655874706@lid,Engaja,2026-05-07 23:26:01.121693+00
17769,Pará,Engaja 2.0,Engaja 2.0 (Azul),120363422002705740@g.us,3AD95C3A436F79E39CC7,"https://engaja.pro/07-05-engaja-07-a

Boa noite!

Vamos lá!
Curtir, comentar, compartilhar e salvar! 🚀

*Exemplos de comentários para usar como base (não copie, apenas se inspire).*

1. O futuro senador Helder tem diálogo, compromisso e trabalho por todo o Pará. É bonito de ver essa união pelos municípios.
2. Parabéns ao futuro senador Helder por sempre ouvir as lideranças e buscar melhorias pra todas as regiões do estado.
3. O futuro senador Helder mostra diariamente que governar é estar presente e construir parcerias de verdade.
4. O Pará segue avançando porque o futuro senador Helder trabalha com seriedade e compromisso com o povo.",mensagem simples,2026-05-07 23:26:43.889+00,Engaja,251015655874706@lid,Engaja,2026-05-08 02:26:44.400635+00
17770,Pará,Engaja 2.0,Engaja 2.0 (Vermelha),120363419511068404@g.us,3A7648D672680E644B03,"https://engaja.pro/07-05-engaja-07-b

Boa noite!

Vamos lá!
Curtir, comentar, compartilhar e salvar! 🚀

*Exemplos de comentários para usar como base (não copie, apenas se inspire).*

1. O futuro senador Helder tem diálogo, compromisso e trabalho por todo o Pará. É bonito de ver essa união pelos municípios.
2. Parabéns ao futuro senador Helder por sempre ouvir as lideranças e buscar melhorias pra todas as regiões do estado.
3. O futuro senador Helder mostra diariamente que governar é estar presente e construir parcerias de verdade.
4. O Pará segue avançando porque o futuro senador Helder trabalha com seriedade e compromisso com o povo.",mensagem simples,2026-05-07 23:26:52.317+00,Engaja,251015655874706@lid,Engaja,2026-05-08 02:26:52.611895+00
17771,Pará,Engaja 2.0,Engaja 2.0 (Azul),120363422002705740@g.us,3A808E2114C0185F07E5,"https://engaja.pro/08-05-engaja-01-a

Bom dia!

Vamos lá!
Curtir, comentar, compartilhar e salvar! 🚀

*Exemplos de comentários para usar como base (não copie, apenas se inspire).*

1. O futuro senador Helder e a governadora Hana formam uma parceria que realmente entrega resultados pro povo paraense.
2. Parabéns ao futuro senador Helder e à governadora Hana por todo o trabalho, dedicação e compromisso com quem mais precisa.
3. A governadora Hana mostra diariamente competência e compromisso, ao lado do futuro senador Helder construindo um Pará melhor.
4. É bonito ver o futuro senador Helder reconhecer a importância da governadora Hana em tantas conquistas do nosso estado.",mensagem simples,2026-05-08 09:26:24.634+00,Engaja,251015655874706@lid,Engaja,2026-05-08 12:26:25.015804+00
17772,Pará,Engaja 2.0,Engaja 2.0 (Vermelha),120363419511068404@g.us,3A50FDEB72C32319211E,"https://engaja.pro/08-05-engaja-01-b

Bom dia!

Vamos lá!
Curtir, comentar, compartilhar e salvar! 🚀

*Exemplos de comentários para usar como base (não copie, apenas se inspire).*

1. O futuro senador Helder e a governadora Hana formam uma parceria que realmente entrega resultados pro povo paraense.
2. Parabéns ao futuro senador Helder e à governadora Hana por todo o trabalho, dedicação e compromisso com quem mais precisa.
3. A governadora Hana mostra diariamente competência e compromisso, ao lado do futuro senador Helder construindo um Pará melhor.
4. É bonito ver o futuro senador Helder reconhecer a importância da governadora Hana em tantas conquistas do nosso estado.",mensagem simples,2026-05-08 09:26:38.587+00,Engaja,251015655874706@lid,Engaja,2026-05-08 12:26:38.990662+00
17773,Mato Grosso do Sul,Engaja MS,Engaja MS,120363424459503632@g.us,3EB00B53AC600CA2F102D3,"Bom dia, Líderes! Nossa missão de servir e melhorar a vida de quem mais precisa não para. Semana intensa por aqui, mas lembrem-se que é sexta-feira e o final de semana para descansar está logo ali, bora dar o gás hoje para aproveitar amanhã?",mensagem simples,2026-05-08 09:51:26.491+00,Engaja MS,164785714897032@lid,Engaja MS,2026-05-08 12:51:26.99039+00
17774,Mato Grosso do Sul,Senador Nelsinho | CANAL OFICIAL,Senador Nelsinho | CANAL OFICIAL,120363423242767408@g.us,3EB085195D1C5AEC4EF007,Bom dia! Sexta-feira chegou e o corpo já pede aquele descanso merecido.,mensagem simples,2026-05-08 10:01:16.719+00,Senador Nelsinho Trad,148155450556608@lid,Senador Nelsinho Trad,2026-05-08 13:01:17.145008+00
17775,Mato Grosso do Sul,Senador Nelsinho | CANAL OFICIAL,Senador Nelsinho | CANAL OFICIAL,120363423242767408@g.us,3EB09BBA7C8B0D7CA95F,"📊 ENQUETE: Como o dia iniciou por aí? (Opções: Agitado, mas estou animado para o final de semana | Em clima leve de sextou | O trabalho não para nunca)",enquete,2026-05-08 10:01:40.774+00,Senador Nelsinho Trad,148155450556608@lid,Senador Nelsinho Trad,2026-05-08 13:01:41.171797+00
17776,Pará,Engaja 2.0,Engaja 2.0 (Azul),120363422002705740@g.us,3AE628D4E03A4252C52C,"https://engaja.pro/08-05-engaja-02-a

Bom dia!

Vamos lá!
Curtir, comentar, compartilhar e salvar! 🚀

*Exemplos de comentários para usar como base (não copie, apenas se inspire).*

1. A governadora Hana transforma a vida de muitas mães paraenses com trabalho e cuidado.
2. Parabéns, governadora Hana. Cuidar das crianças é cuidar do futuro do Pará.
3. A governadora Hana tem sensibilidade e compromisso com as famílias do nosso estado.
4. Mais uma entrega importante da governadora Hana para quem mais precisa.",mensagem simples,2026-05-08 11:44:58.743+00,Engaja,251015655874706@lid,Engaja,2026-05-08 14:44:58.970509+00
17777,Pará,Engaja 2.0,Engaja 2.0 (Vermelha),120363419511068404@g.us,3A0327000BC8E84C754B,"https://engaja.pro/08-05-engaja-02-b

Bom dia!

Vamos lá!
Curtir, comentar, compartilhar e salvar! 🚀

*Exemplos de comentários para usar como base (não copie, apenas se inspire).*

1. A governadora Hana transforma a vida de muitas mães paraenses com trabalho e cuidado.
2. Parabéns, governadora Hana. Cuidar das crianças é cuidar do futuro do Pará.
3. A governadora Hana tem sensibilidade e compromisso com as famílias do nosso estado.
4. Mais uma entrega importante da governadora Hana para quem mais precisa.",mensagem simples,2026-05-08 11:45:14.808+00,Engaja,251015655874706@lid,Engaja,2026-05-08 14:45:15.228461+00
17778,Escalada,Conexão Escalada - Nível 2,Conexão Escalada - Nível 2,120363407337623196@g.us,3EB094D0AF4E43B2EBC132,Essa é uma grande reflexão e aprendi muito com ela!,mensagem simples,2026-05-08 11:56:23.078+00,Central Escalada,194674308468846@lid,Central Escalada,2026-05-08 14:56:23.521852+00
17779,Escalada,Conexão Escalada - Nível 2,Conexão Escalada - Nível 2,120363407337623196@g.us,3EB0B4781DCDB366734EE5,Realmente essa disciplina dos Monges é inspirador 🤩,mensagem simples,2026-05-08 12:02:50.269+00,Central Escalada,194674308468846@lid,Central Escalada,2026-05-08 15:02:50.679474+00
17780,Escalada,Conexão Escalada - Nível 2,Conexão Escalada - Nível 2,120363407337623196@g.us,3EB0E2C788FDBDE9EAF2D4,"⏳ Good Morning!

Ontem o Lídio trouxe uma reflexão muito forte sobre os monges: mesmo em tempos difíceis, eles dedicavam suas vidas à disciplina, ao conhecimento e à construção de algo maior.

E é por isso que a missão de hoje é:

🧠 MISSÃO: CONSTÂNCIA ESCALADA (+10 pontos)*

1️⃣ Pense no seu futuro
Qual hábito ou disciplina você precisa fortalecer hoje?

2️⃣ Defina uma ação prática
O que você consegue começar ainda essa semana?

3️⃣ Compartilhe na plataforma
Conte qual habilidade você quer desenvolver e qual primeiro passo vai dar.

Regra: use a hashtag #ConstanciaEscalada para pontuar.
📅 Válido até 10/05.

E aí… qual habilidade você está treinando no seu processo? 🚀",mensagem simples,2026-05-08 12:03:31.084+00,Central Escalada,194674308468846@lid,Central Escalada,2026-05-08 15:03:31.894599+00
17781,Escalada,Conselho Escalada - Nível 5,Conselho Escalada - Nível 5,120363425561018159@g.us,3EB0636D8A43E1C1AD4C02,"Boa tarde galeraa! 🥳

Finalizando a semana com a energia lá em cima para o nosso encontro hoje às 19h na Live Tira Dúvida! E com uma missão SHOW para esquentar o jogo! 

*MISSÃO #LiderançaEmAcao (+20):*

1️⃣ Pense em uma iniciativa, projeto, evento ou ação que você já participou.

2️⃣ Conte o que você aprendeu nessa experiência e como isso impactou sua visão hoje.

*Regra: use a hashtag #LiderancaEmAcao para pontuar.*
📅 *Válido até 10/05 às 23h59.*

Conta pra gente, qual experiência mais te impactou?",mensagem simples,2026-05-08 12:15:59.868+00,Central Escalada,194674308468846@lid,Central Escalada,2026-05-08 15:16:00.697453+00
17782,Escalada,Rota de Crescimento - Nível 3,Rota de Crescimento - Nível 3,120363423283283910@g.us,3EB0F0A83F0586C565F0E7,"*🚨MISSÃO RELÂMPAGO🚨*

Você já ficou chocado(a) depois de fazer a sua organização financeira… 👀

E talvez esse seja exatamente o ponto:
às vezes, pequenos gastos acabam virando grandes vazamentos sem a gente perceber.

🧠 *MISSÃO: DETECTOR DE VAZAMENTOS (+15 pontos)*

1️⃣ Acesse o post da missão:
👉 https://escalada.me/missao-n3

2️⃣ Leia o relato e reflita:
qual gasto ou hábito financeiro mais te surpreendeu quando você começou a observar melhor sua rotina?

3️⃣ Comente no post.

*Regra: comentar diretamente no post para validar a pontuação.8
📅 *Válido até 10/05 às 23h59.*

O que já te surpreendeu ao finalizar as contas do mês?",mensagem simples,2026-05-08 12:23:20.548+00,Central Escalada,194674308468846@lid,Central Escalada,2026-05-08 15:23:21.088117+00
17783,Pernambuco,Mobiliza,Mobiliza,120363425016992076@g.us,3EB0EABDFC2378027618CB,"🚨*MISSÃO NOVA NA AREA, BORA*🚨

Simbora que o dia começou estourado! *João já tá no meio do povo lá em Santa Cruz do Capibaribe, no coração do Polo de Confecções.*

É bonito de ver a energia de quem trabalha e produz. *Pernambuco no rumo certo,* com quem conhece o chão que pisa e sabe que o futuro se constrói com entrega. 

*Vamos compartilhar e comentar muito, que esse time é puro trabalho!*

Link: https://engaja.pro/missao01-08-05",mensagem simples,2026-05-08 12:24:29.136+00,Mobiliza PE,111055674052635@lid,Mobiliza PE,2026-05-08 15:24:29.506709+00
17784,Pernambuco,Mobiliza,Mobiliza,120363425016992076@g.us,3EB0B4C1A6DD1F41364E59,Quem cuida do Recife com tanto carinho vai cuidar do Agreste com a mesma garra 🚀💛,mensagem simples,2026-05-08 12:24:50.742+00,Mobiliza PE,111055674052635@lid,Mobiliza PE,2026-05-08 15:24:51.003701+00
17785,Pernambuco,Mobiliza,Mobiliza,120363425016992076@g.us,3EB0B310D0A410E90D701A,O povo do polo de confecções já sabe de quem é o voto. Nem precisa perguntar! Bora João! 💛,mensagem simples,2026-05-08 12:24:57.441+00,Mobiliza PE,111055674052635@lid,Mobiliza PE,2026-05-08 15:24:57.804833+00
17786,Pernambuco,Mobiliza,Mobiliza,120363425016992076@g.us,3EB02A32A61560ED9B7AA7,"No maior centro atacadista da América Latina, o nome é um só: João! 💛💛🚀",mensagem simples,2026-05-08 12:25:08.358+00,Mobiliza PE,111055674052635@lid,Mobiliza PE,2026-05-08 15:25:08.835703+00
17787,Pernambuco,Mobiliza,Mobiliza,120363425016992076@g.us,3EB0F3805D360AC1D14F3F,Recife foi só o começo. O estado inteiro tá esperando esse momento com joão! 🚀💛,mensagem simples,2026-05-08 12:25:18.134+00,Mobiliza PE,111055674052635@lid,Mobiliza PE,2026-05-08 15:25:20.39817+00
17788,Pernambuco,Mobiliza,Mobiliza,120363425016992076@g.us,3EB0E0F6C0230FB4459891,"Não tem polo de confecção, não tem calçadão, não tem lugar que João chegue sem o povo abraçar 💛💛",mensagem simples,2026-05-08 12:25:27.186+00,Mobiliza PE,111055674052635@lid,Mobiliza PE,2026-05-08 15:25:27.399657+00
17789,Pernambuco,Mobiliza,Mobiliza,120363425016992076@g.us,3EB0C07D14475888C7DADC,Pernambuco inteiro vai ter o que o Recife já tem. Pra cima João! 💛🚀,mensagem simples,2026-05-08 12:25:29.13+00,Mobiliza PE,111055674052635@lid,Mobiliza PE,2026-05-08 15:25:29.726446+00
17790,Pernambuco,Mobiliza PE,Mobiliza PE,120363405595256912@g.us,3EB0277D027D78C9D9B37C,"🚨*MISSÃO NOVA NA AREA, BORA*🚨

Simbora que o dia começou estourado! *João já tá no meio do povo lá em Santa Cruz do Capibaribe, no coração do Polo de Confecções.*

É bonito de ver a energia de quem trabalha e produz. *Pernambuco no rumo certo,* com quem conhece o chão que pisa e sabe que o futuro se constrói com entrega. 

*Vamos compartilhar e comentar muito, que esse time é puro trabalho!*

Link: https://engaja.pro/missao01-08-05",mensagem simples,2026-05-08 12:25:58.33+00,Mobiliza PE,111055674052635@lid,Mobiliza PE,2026-05-08 15:26:01.665802+00
17791,Pernambuco,Mobiliza,Mobiliza,120363425016992076@g.us,3EB0DFF6A19B54962DF00E,Quem cuida do Recife com tanto carinho vai cuidar do Agreste com a mesma garra 🚀💛,mensagem simples,2026-05-08 12:26:03.523+00,Mobiliza PE,111055674052635@lid,Mobiliza PE,2026-05-08 15:26:04.126787+00
17792,Pernambuco,Mobiliza PE,Mobiliza PE,120363405595256912@g.us,3EB065F414A888BD111DE3,Quem cuida do Recife com tanto carinho vai cuidar do Agreste com a mesma garra 🚀💛,mensagem simples,2026-05-08 12:26:41.797+00,Mobiliza PE,111055674052635@lid,Mobiliza PE,2026-05-08 15:26:42.214284+00
17793,Pernambuco,Mobiliza PE,Mobiliza PE,120363405595256912@g.us,3EB07E488F55F439BE978D,O povo do polo de confecções já sabe de quem é o voto. Nem precisa perguntar! Bora João! 💛,mensagem simples,2026-05-08 12:27:19.496+00,Mobiliza PE,111055674052635@lid,Mobiliza PE,2026-05-08 15:27:20.210783+00
17794,Pernambuco,Mobiliza PE,Mobiliza PE,120363405595256912@g.us,3EB025B00BCB3A9C024FE8,"No maior centro atacadista da América Latina, o nome é um só: João! 💛💛🚀",mensagem simples,2026-05-08 12:27:28.559+00,Mobiliza PE,111055674052635@lid,Mobiliza PE,2026-05-08 15:27:29.528021+00
17795,Pernambuco,Mobiliza PE,Mobiliza PE,120363405595256912@g.us,3EB0EA3A4E5C04A5F62210,Recife foi só o começo. O estado inteiro tá esperando esse momento com joão! 🚀💛,mensagem simples,2026-05-08 12:27:36.557+00,Mobiliza PE,111055674052635@lid,Mobiliza PE,2026-05-08 15:27:36.909697+00
17796,Pernambuco,Mobiliza PE,Mobiliza PE,120363405595256912@g.us,3EB0A3E88014D036A89B77,"Não tem polo de confecção, não tem calçadão, não tem lugar que João chegue sem o povo abraçar 💛💛",mensagem simples,2026-05-08 12:27:47.825+00,Mobiliza PE,111055674052635@lid,Mobiliza PE,2026-05-08 15:27:48.194719+00
17797,Pernambuco,Mobiliza PE,Mobiliza PE,120363405595256912@g.us,3EB0A66DCB23079BBD1492,Pernambuco inteiro vai ter o que o Recife já tem. Pra cima João! 💛🚀,mensagem simples,2026-05-08 12:27:55.91+00,Mobiliza PE,111055674052635@lid,Mobiliza PE,2026-05-08 15:27:56.306572+00
17798,Pernambuco,Mobiliza PE,Mobiliza PE,120363405595256912@g.us,3EB0E30A9E87D69444F428,"*Comentários para vocês se inspirarem, sem copiar*",mensagem simples,2026-05-08 12:29:47.165+00,Mobiliza PE,111055674052635@lid,Mobiliza PE,2026-05-08 15:29:47.422533+00
17799,Pernambuco,Mobiliza,Mobiliza,120363425016992076@g.us,3EB0AB7C196F6446BB544B,"*Comentários para vocês se inspirarem, sem copiar*",mensagem simples,2026-05-08 12:29:56.728+00,Mobiliza PE,111055674052635@lid,Mobiliza PE,2026-05-08 15:29:57.091678+00
17800,Escalada,Conselho Escalada - Nível 5,Conselho Escalada - Nível 5,120363425561018159@g.us,3EB021E8772A2235A4C2BF,"Pronto pessoal, alterado ✅",mensagem simples,2026-05-08 12:34:43.433+00,Central Escalada,194674308468846@lid,Central Escalada,2026-05-08 15:34:43.814498+00
17801,Escalada,Conselho Escalada - Nível 5,Conselho Escalada - Nível 5,120363425561018159@g.us,3EB03614C0ABD4BA601D06,"Isso, a cada mês que se inicia, pontuação também!",mensagem simples,2026-05-08 12:35:49.399+00,Central Escalada,194674308468846@lid,Central Escalada,2026-05-08 15:35:50.043531+00
17802,Escalada,Conselho Escalada - Nível 5,Conselho Escalada - Nível 5,120363425561018159@g.us,3EB0F2DF1E7C9225DBA26F,A aba de módulos te mostra o panorama de pontos de acordo com todas as atividades que você realizou.,mensagem simples,2026-05-08 12:37:13.434+00,Central Escalada,194674308468846@lid,Central Escalada,2026-05-08 15:37:13.894311+00
17803,Escalada,Conselho Escalada - Nível 5,Conselho Escalada - Nível 5,120363425561018159@g.us,3EB00D188BBB6E166B4EB7,"O ranking te mostra a pontuação do mês flash, sabe?",mensagem simples,2026-05-08 12:37:36.923+00,Central Escalada,194674308468846@lid,Central Escalada,2026-05-08 15:37:37.193589+00
17804,Escalada,Laboratório de Projetos - Nível 4,Laboratório de Projetos - Nível 4,120363406643406079@g.us,3EB054A6D39485B49F9E4E,"🚀 Boa tarde, galera!

Empreender talvez não comece quando você abre uma empresa.

Talvez comece quando você aprende a olhar pro mundo e pensar:
“como eu posso melhorar isso aqui?” 👀

🧠 *MISSÃO: OLHAR EMPREENDEDOR (+15 pontos):*

1️⃣ Acesse o post:
👉 https://escalada.me/olhar-empreendedor-para-o-mundo

2️⃣ Leia e reflita: qual situação do seu dia a dia você pode olhar hoje com mais criatividade?

3️⃣ Comente no post:
 Compartilhe uma ideia, mudança ou pensamento que você já começou a desenvolver com esse olhar mais empreendedor.

Regra: comentar diretamente no post para validar a pontuação.
📅 *Válido até 10/05 às 23h59.*

Grandes projetos normalmente começam com alguém prestando atenção em um problema simples. 🚀",mensagem simples,2026-05-08 12:38:39.477+00,Central Escalada,194674308468846@lid,Central Escalada,2026-05-08 15:38:39.701807+00
17805,Escalada,Conselho Escalada - Nível 5,Conselho Escalada - Nível 5,120363425561018159@g.us,3EB0D82C02F71CEFC2E674,"Isso, o os pontos dos módulos te ajudam a identificar o quanto você já avançou.",mensagem simples,2026-05-08 12:45:34.899+00,Central Escalada,194674308468846@lid,Central Escalada,2026-05-08 15:45:35.295914+00
17806,Escalada,Conselho Escalada - Nível 5,Conselho Escalada - Nível 5,120363425561018159@g.us,3EB0861A33D56504E10C1E,Isso!!,mensagem simples,2026-05-08 12:45:44.683+00,Central Escalada,194674308468846@lid,Central Escalada,2026-05-08 15:45:45.117067+00
17807,Escalada,Conselho Escalada - Nível 5,Conselho Escalada - Nível 5,120363425561018159@g.us,3EB03782742EC48A7EE8BA,"Eles atualizam com um tempinho, o sistema registra e depois disponibiliza.",mensagem simples,2026-05-08 12:46:20.294+00,Central Escalada,194674308468846@lid,Central Escalada,2026-05-08 15:46:20.677379+00
17808,Pará,Engaja 2.0,Engaja 2.0 (Azul),120363422002705740@g.us,3A334A61D23DAE590278,"https://engaja.pro/08-05-engaja-03-a

Boa tarde!

Vamos lá!
Curtir, comentar, compartilhar e salvar! 🚀

*Exemplos de comentários para usar como base (não copie, apenas se inspire).*

1. O futuro senador Helder mostra humildade e respeito em cada gesto.
2. Parabéns ao futuro senador Helder pela simplicidade e carinho com as pessoas.
3. O futuro senador Helder é admirado pelo trabalho e pela forma humana de agir.
4. Elegância, carisma e respeito definem o futuro senador Helder.",mensagem simples,2026-05-08 12:48:10.976+00,Engaja,251015655874706@lid,Engaja,2026-05-08 15:48:11.229532+00
17809,Pará,Engaja 2.0,Engaja 2.0 (Vermelha),120363419511068404@g.us,3A0F7631D6D05E67911A,"https://engaja.pro/08-05-engaja-03-b

Boa tarde!

Vamos lá!
Curtir, comentar, compartilhar e salvar! 🚀

*Exemplos de comentários para usar como base (não copie, apenas se inspire).*

1. O futuro senador Helder mostra humildade e respeito em cada gesto.
2. Parabéns ao futuro senador Helder pela simplicidade e carinho com as pessoas.
3. O futuro senador Helder é admirado pelo trabalho e pela forma humana de agir.
4. Elegância, carisma e respeito definem o futuro senador Helder.",mensagem simples,2026-05-08 14:37:54.895+00,Engaja,251015655874706@lid,Engaja,2026-05-08 17:37:55.299981+00
17811,Escalada,Rede Escalada,Rede Escalada,120363406995389389@g.us,3EB03D7756432AA06DCB25,"*É HOJE: O fim do seu bloqueio criativo! 🎬*

Travou no roteiro ou não sabe nem por onde começar a inscrição? Relaxa, a gente resolve isso agora. O prazo pro *Selo é 31/05*, mas o manual do *Jovens Mais Empreendedores* a gente entrega *hoje às 19h*!

📅 Hoje (08/05) às 19h
🔗 Link: meet.google.com/cti-pbyf-tgp

Posso contar com você? Responde com um ""EU VOU"" aqui embaixo! 🔥",imagem,2026-05-08 14:50:40.992+00,Central Escalada,194674308468846@lid,Central Escalada,2026-05-08 17:50:41.692372+00
17812,Mato Grosso do Sul,Engaja MS,Engaja MS,120363424459503632@g.us,3EB0039D8CF8F337520879,"*Nelsinho recebeu parlamentares americanos* no Senado para tratar de um assunto que *mexe direto com o bolso e o futuro do nosso país:* os minerais críticos e o comércio.  

O Brasil tem uma das maiores reservas de terras raras do mundo e *precisamos transformar essa riqueza em tecnologia e, principalmente, em empregos para a nossa gente.* Não podemos ficar para trás nessa corrida global.",mensagem simples,2026-05-08 14:54:48.283+00,Engaja MS,164785714897032@lid,Engaja MS,2026-05-08 17:54:48.628659+00
17813,Mato Grosso do Sul,Engaja MS,Engaja MS,120363424459503632@g.us,3EB02AC22153920692E795,"*Vamos passar lá para compartilhar e deixar um comentário e fazer essa novidade ir além!*

*Link:* https://engaja.pro/engajams01-08-05",mensagem simples,2026-05-08 14:55:05.71+00,Engaja MS,164785714897032@lid,Engaja MS,2026-05-08 17:55:06.503756+00
17814,Mato Grosso do Sul,Engaja MS,Engaja MS,120363424459503632@g.us,3EB0E4811D053AB38F47CA,Sugestões de comentários para que vocês possam adaptar:,mensagem simples,2026-05-08 14:55:11.457+00,Engaja MS,164785714897032@lid,Engaja MS,2026-05-08 17:55:12.807621+00
17815,Mato Grosso do Sul,Engaja MS,Engaja MS,120363424459503632@g.us,3EB0923F4A96D0430CCFF4,O Brasil não pode perder essa oportunidade! Trabalho gigante pelo nosso futuro. 🇧🇷👏,mensagem simples,2026-05-08 14:55:16.187+00,Engaja MS,164785714897032@lid,Engaja MS,2026-05-08 17:55:19.461339+00
17816,Mato Grosso do Sul,Engaja MS,Engaja MS,120363424459503632@g.us,3EB0E71BF74D27245B093F,Assunto de extrema importância para o nosso desenvolvimento. Pra cima! 🚀,mensagem simples,2026-05-08 14:55:19.509+00,Engaja MS,164785714897032@lid,Engaja MS,2026-05-08 17:55:20.092307+00
17817,Mato Grosso do Sul,Engaja MS,Engaja MS,120363424459503632@g.us,3EB0153AB0E235B982AB76,Visão estratégica e necessária. O campo e a indústria agradecem! 🙌,mensagem simples,2026-05-08 14:55:23.362+00,Engaja MS,164785714897032@lid,Engaja MS,2026-05-08 17:55:24.725224+00
17818,Pará,Engaja 2.0,Engaja 2.0 (Azul),120363422002705740@g.us,3A4DC7B2B58212F78A8F,"https://engaja.pro/08-05-engaja-04-a

Boa tarde!

Vamos lá!
Curtir, comentar, compartilhar e salvar! 🚀

*Exemplos de comentários para usar como base (não copie, apenas se inspire).*

1. O futuro senador Helder valoriza cada região do Pará e trabalha sempre perto do povo.
2. Parabéns ao futuro senador Helder pela parceria e pelo compromisso com o desenvolvimento dos municípios paraenses.
3. O futuro senador Helder mostra todos os dias que governar é ouvir, dialogar e cuidar das pessoas.
4. Muito bonito ver o futuro senador Helder valorizando nossa culinária e nossa cultura paraense.",mensagem simples,2026-05-08 17:12:18.739+00,Engaja,251015655874706@lid,Engaja,2026-05-08 20:12:19.286466+00
17819,Pará,Engaja 2.0,Engaja 2.0 (Vermelha),120363419511068404@g.us,3A3710E350E3164756E2,"https://engaja.pro/08-05-engaja-04-b

Boa tarde!

Vamos lá!
Curtir, comentar, compartilhar e salvar! 🚀

*Exemplos de comentários para usar como base (não copie, apenas se inspire).*

1. O futuro senador Helder valoriza cada região do Pará e trabalha sempre perto do povo.
2. Parabéns ao futuro senador Helder pela parceria e pelo compromisso com o desenvolvimento dos municípios paraenses.
3. O futuro senador Helder mostra todos os dias que governar é ouvir, dialogar e cuidar das pessoas.
4. Muito bonito ver o futuro senador Helder valorizando nossa culinária e nossa cultura paraense.",mensagem simples,2026-05-08 17:12:35.589+00,Engaja,251015655874706@lid,Engaja,2026-05-08 20:12:36.283364+00
17820,Pará,Engaja 2.0,Engaja 2.0 (Vermelha),120363419511068404@g.us,3ADACA2C4877239652AB,"https://engaja.pro/08-05-engaja-05-b

Boa tarde!

Vamos lá!
Curtir, comentar, compartilhar e salvar! 🚀

*Exemplos de comentários para usar como base (não copie, apenas se inspire).*

1. Parabéns à governadora Hana e ao futuro senador Helder por essa luta em defesa das mulheres.
2. O futuro senador Helder e a governadora Hana mostram que violência contra a mulher é assunto sério.
3. A governadora Hana tem coragem e firmeza. Parabéns também ao futuro senador Helder pelo apoio.
4. O Pará avança com o trabalho da governadora Hana e do futuro senador Helder.",mensagem simples,2026-05-08 17:27:15.126+00,Engaja,251015655874706@lid,Engaja,2026-05-08 20:27:15.738213+00
17821,Pará,Engaja 2.0,Engaja 2.0 (Azul),120363422002705740@g.us,3A723E6244FCFD2056B7,"https://engaja.pro/08-05-engaja-05-a

Boa tarde!

Vamos lá!
Curtir, comentar, compartilhar e salvar! 🚀

*Exemplos de comentários para usar como base (não copie, apenas se inspire).*

1. Parabéns à governadora Hana e ao futuro senador Helder por essa luta em defesa das mulheres.
2. O futuro senador Helder e a governadora Hana mostram que violência contra a mulher é assunto sério.
3. A governadora Hana tem coragem e firmeza. Parabéns também ao futuro senador Helder pelo apoio.
4. O Pará avança com o trabalho da governadora Hana e do futuro senador Helder.",mensagem simples,2026-05-08 17:32:08.883+00,Engaja,251015655874706@lid,Engaja,2026-05-08 20:32:09.737694+00
17822,Pará,Engaja 2.0,Engaja 2.0 (Azul),120363422002705740@g.us,3EB05BE3C7F0C5AA99D5EF,"Boa sexta pra todo mundo, pessoal!

Ainda estamos no *começo do mês*, então tem *muito espaço para fazer acontecer* e colocar as missões em prática. E sim… o final de semana também estaremos on por aqui. 🔥

Curtam, descansem, mas deixem as notificações ativadas e lembrem de dar uma passada aqui também. Qualquer coisa, chama a gente no privado, combinado?",mensagem simples,2026-05-08 18:01:31.143+00,Engaja 2.0,14406041767997@lid,Engaja 2.0,2026-05-08 21:01:31.822844+00
17824,Pará,Engaja 2.0,Engaja 2.0 (Azul),120363422002705740@g.us,3EB0E90E35DEF53754FA57,"📊 ENQUETE: Como você tá chegando pra esse final de semana? (Opções: Tô animado(a) e quero aproveitar o fim de semana pra avançar nas missões 🚀 | Tive alguns dias mais corridos, mas quero aproveitar pra me envolver mais nas próximas ações 🔄 | Preciso de um apoio pra conseguir participar mais e entrar nas missões 🤝)",enquete,2026-05-08 18:01:43.632+00,Engaja 2.0,14406041767997@lid,Engaja 2.0,2026-05-08 21:01:44.117121+00
17828,Pernambuco,Mobiliza,Mobiliza,120363425016992076@g.us,3EB08ACD2CEBA13A6B0CFF,"*🚨 MISSÃO NOVA NA ÁREA 🚨*

Rapaz, em Santa Cruz do Capibaribe, *o coro tá firme por João,* visse! A oposição vai ter que moer mais um pouco pra entender que *o nosso povo não se deixa enganar.* Vamos chegar junto, porque *aqui é trabalho e união!*

*Bora lá mostrar a força da nossa galera nos COMENTÁRIOS!!*

*Link:* https://engaja.pro/missaope01-08-05",mensagem simples,2026-05-08 20:17:53.145+00,Mobiliza PE,53610285162643@lid,Mobiliza PE,2026-05-08 23:17:53.470304+00
17829,Pernambuco,Mobiliza,Mobiliza,120363425016992076@g.us,3EB07DF7EB43B6B79D1851,"*Os comentários vocês ainda tem ai, né?",mensagem simples,2026-05-08 20:18:41.485+00,Mobiliza PE,53610285162643@lid,Mobiliza PE,2026-05-08 23:18:41.803915+00
17830,Pernambuco,Mobiliza PE,Mobiliza PE,120363405595256912@g.us,3EB0D90433E9A70964E97E,"*🚨 MISSÃO NOVA NA ÁREA 🚨*

Rapaz, em Santa Cruz do Capibaribe, *o coro tá firme por João,* visse! A oposição vai ter que moer mais um pouco pra entender que *o nosso povo não se deixa enganar.* Vamos chegar junto, porque *aqui é trabalho e união!*

*Bora lá mostrar a força da nossa galera nos COMENTÁRIOS!!*

*Link:* https://engaja.pro/missaope01-08-05",mensagem simples,2026-05-08 20:20:02.723+00,Mobiliza PE,53610285162643@lid,Mobiliza PE,2026-05-08 23:20:04.886319+00
17831,Pernambuco,Mobiliza PE,Mobiliza PE,120363405595256912@g.us,3EB0269383E2022F59E76D,"*Os comentários vocês ainda tem ai, né?!*",mensagem simples,2026-05-08 20:20:05.342+00,Mobiliza PE,53610285162643@lid,Mobiliza PE,2026-05-08 23:20:06.123216+00
17832,Pará,Engaja 2.0,Engaja 2.0 (Azul),120363422002705740@g.us,3A21B25B1C57503EC5B5,"https://engaja.pro/08-05-engaja-06-a

Boa noite!

Vamos lá!
Curtir, comentar, compartilhar e salvar! 🚀

*Exemplos de comentários para usar como base (não copie, apenas se inspire).*

1. A governadora Hana mostra sensibilidade e compromisso na proteção das mulheres paraenses.
2. Parabéns, governadora Hana. Essa iniciativa pode salvar muitas vidas e acolher quem mais precisa.
3. A governadora Hana tem feito um trabalho firme e humano em defesa das mulheres do Pará.
4. Muito importante ver a governadora Hana investindo em tecnologia e proteção para as mulheres.",mensagem simples,2026-05-08 20:33:13.921+00,Engaja,251015655874706@lid,Engaja,2026-05-08 23:33:14.205506+00
17833,Pará,Engaja 2.0,Engaja 2.0 (Vermelha),120363419511068404@g.us,3AA4E81B62290C3B4802,"https://engaja.pro/08-05-engaja-06-b

Boa noite!

Vamos lá!
Curtir, comentar, compartilhar e salvar! 🚀

*Exemplos de comentários para usar como base (não copie, apenas se inspire).*

1. A governadora Hana mostra sensibilidade e compromisso na proteção das mulheres paraenses.
2. Parabéns, governadora Hana. Essa iniciativa pode salvar muitas vidas e acolher quem mais precisa.
3. A governadora Hana tem feito um trabalho firme e humano em defesa das mulheres do Pará.
4. Muito importante ver a governadora Hana investindo em tecnologia e proteção para as mulheres.",mensagem simples,2026-05-08 20:33:34.359+00,Engaja,251015655874706@lid,Engaja,2026-05-08 23:33:34.594919+00
17834,Pernambuco,Mobiliza,Mobiliza,120363425016992076@g.us,3EB027199B6C53EB65B554,"🚨*MISSÃO NOVA NA ÁREA*🚨

Bom dia, meu povo! *O @Vitinho_Maia tá chegando pra somar com a gente nessa caminhada.* 
Aqui a gente sabe que quando juntamos forças, tudo fica mais arretado. 

*Com o time assim, a gente avança e constrói coisa grande junto. Bora pra cima!* 🚀💛

*Vamos compartilhar e comentar bastante essa notícia boa!* 

*Link:* https://engaja.pro/missao01-09-05",mensagem simples,2026-05-09 09:10:29.239+00,Mobiliza PE,111055674052635@lid,Mobiliza PE,2026-05-09 12:10:29.915727+00
17835,Pará,Engaja 2.0,Engaja 2.0 (Vermelha),120363419511068404@g.us,3A9255CB82F716144EDF,"https://engaja.pro/09-05-engaja-02-b

Bom dia!

Vamos lá!
Curtir, comentar, compartilhar e salvar! 🚀

*Exemplos de comentários para usar como base (não copie, apenas se inspire).*

1. O futuro senador Helder mudou a realidade do Pará com projetos que realmente chegam pra população. Parabéns por mais essa entrega.
2. Salinas ganhou um espaço incrível graças ao trabalho do futuro senador Helder e da governadora Hana. Orgulho demais.
3. O futuro senador Helder mostra todos os dias o compromisso que tem com o povo paraense. Trabalho sério e resultados reais.
4. Parabéns ao futuro senador Helder por transformar vidas através das Usinas da Paz. O Pará reconhece esse esforço.",mensagem simples,2026-05-09 10:19:39.749+00,Engaja,251015655874706@lid,Engaja,2026-05-09 13:19:40.146277+00
17836,Pará,Engaja 2.0,Engaja 2.0 (Azul),120363422002705740@g.us,3A6E60B2229E78F5EFF3,"https://engaja.pro/09-05-engaja-03-a

Bom dia!

Vamos lá!
Curtir, comentar, compartilhar e salvar! 🚀

*Exemplos de comentários para usar como base (não copie, apenas se inspire).*

1. A governadora Hana tem feito um trabalho lindo pelas mães e crianças do Pará. Parabéns por olhar com tanto carinho pra educação infantil.
2. Cada creche entregue pela governadora Hana representa mais dignidade, segurança e oportunidade para muitas famílias paraenses.
3. A governadora Hana mostra todos os dias que governar é cuidar das pessoas de verdade. Trabalho emocionante e necessário.
4. Parabéns à governadora Hana por investir no futuro das nossas crianças e dar mais apoio às mães do Pará.",mensagem simples,2026-05-09 11:40:29.266+00,Engaja,251015655874706@lid,Engaja,2026-05-09 14:40:29.590566+00
17837,Pará,Engaja 2.0,Engaja 2.0 (Vermelha),120363419511068404@g.us,3A871D009A7AB30B6A52,"https://engaja.pro/09-05-engaja-03-b

Bom dia!

Vamos lá!
Curtir, comentar, compartilhar e salvar! 🚀

*Exemplos de comentários para usar como base (não copie, apenas se inspire).*

1. A governadora Hana tem feito um trabalho lindo pelas mães e crianças do Pará. Parabéns por olhar com tanto carinho pra educação infantil.
2. Cada creche entregue pela governadora Hana representa mais dignidade, segurança e oportunidade para muitas famílias paraenses.
3. A governadora Hana mostra todos os dias que governar é cuidar das pessoas de verdade. Trabalho emocionante e necessário.
4. Parabéns à governadora Hana por investir no futuro das nossas crianças e dar mais apoio às mães do Pará.",mensagem simples,2026-05-09 11:40:44.556+00,Engaja,251015655874706@lid,Engaja,2026-05-09 14:40:45.016655+00
17838,Pará,Engaja 2.0,Engaja 2.0 (Azul),120363422002705740@g.us,3AD560FB800FB3803517,"https://engaja.pro/09-05-engaja-04-a

Boa tarde!

Vamos lá!
Curtir, comentar, compartilhar e salvar! 🚀

*Exemplos de comentários para usar como base (não copie, apenas se inspire).*

1. O futuro senador Helder sempre valorizando cada município do Pará. Parabéns pelo carinho e atenção com Curionópolis.
2. Curionópolis merece essa celebração linda. Parabéns ao futuro senador Helder por estar sempre presente junto ao povo.
3. O futuro senador Helder faz a diferença porque conhece de perto a realidade dos municípios paraenses.
4. Parabéns ao futuro senador Helder por continuar fortalecendo o desenvolvimento do sul do Pará com tanto compromisso.",mensagem simples,2026-05-09 12:19:33.627+00,Engaja,251015655874706@lid,Engaja,2026-05-09 15:19:34.02202+00
17840,Pará,Engaja 2.0,Engaja 2.0 (Vermelha),120363419511068404@g.us,3A2E08BCC9A41107D9DA,"https://engaja.pro/09-05-engaja-04-b

Boa tarde!

Vamos lá!
Curtir, comentar, compartilhar e salvar! 🚀

*Exemplos de comentários para usar como base (não copie, apenas se inspire).*

1. O futuro senador Helder sempre valorizando cada município do Pará. Parabéns pelo carinho e atenção com Curionópolis.
2. Curionópolis merece essa celebração linda. Parabéns ao futuro senador Helder por estar sempre presente junto ao povo.
3. O futuro senador Helder faz a diferença porque conhece de perto a realidade dos municípios paraenses.
4. Parabéns ao futuro senador Helder por continuar fortalecendo o desenvolvimento do sul do Pará com tanto compromisso.",mensagem simples,2026-05-09 12:19:58.05+00,Engaja,251015655874706@lid,Engaja,2026-05-09 15:19:58.506304+00
17842,Pará,Engaja 2.0,Engaja 2.0 (Azul),120363422002705740@g.us,3AABD7CC07C967BF9CD4,"https://engaja.pro/09-05-engaja-05-a

Boa noite!

Vamos lá!
Curtir, comentar, compartilhar e salvar! 🚀

*Exemplos de comentários para usar como base (não copie, apenas se inspire).*

1. A governadora Hana está transformando a realidade dos municípios com trabalho sério e resultado de verdade. Parabéns por mais essa entrega.
2. É muito bom ver a governadora Hana valorizando quem trabalha e movimenta a economia do Pará. Tucuruí merecia essa mudança.
3. A diferença é visível. Parabéns à governadora Hana por investir em estrutura, segurança e dignidade para a população.
4. A governadora Hana mostra todos os dias compromisso com o povo paraense e com o desenvolvimento das cidades.",mensagem simples,2026-05-09 18:41:49.539+00,Engaja,251015655874706@lid,Engaja,2026-05-09 21:41:49.90746+00
17843,Pará,Engaja 2.0,Engaja 2.0 (Azul),120363422002705740@g.us,3A83B32003EDA22FEDBB,"https://engaja.pro/09-05-engaja-06-a

Boa noite!

Vamos lá!
Curtir, comentar, compartilhar e salvar! 🚀

*Exemplos de comentários para usar como base (não copie, apenas se inspire).*

1. O futuro senador Helder faz da educação uma prioridade de verdade. Parabéns por mais essa entrega.
2. Curionópolis segue avançando com o trabalho sério do futuro senador Helder.
3. Parabéns ao futuro senador Helder por investir no futuro dos nossos estudantes.
4. O futuro senador Helder transforma vidas através da educação no Pará.",mensagem simples,2026-05-09 19:02:21.84+00,Engaja,251015655874706@lid,Engaja,2026-05-09 22:02:22.474878+00
17844,Pará,Engaja 2.0,Engaja 2.0 (Vermelha),120363419511068404@g.us,3A5E6FB3C746CBC20EBC,"https://engaja.pro/09-05-engaja-06-b

Boa noite!

Vamos lá!
Curtir, comentar, compartilhar e salvar! 🚀

*Exemplos de comentários para usar como base (não copie, apenas se inspire).*

1. O futuro senador Helder faz da educação uma prioridade de verdade. Parabéns por mais essa entrega.
2. Curionópolis segue avançando com o trabalho sério do futuro senador Helder.
3. Parabéns ao futuro senador Helder por investir no futuro dos nossos estudantes.
4. O futuro senador Helder transforma vidas através da educação no Pará.",mensagem simples,2026-05-09 19:02:26.791+00,Engaja,251015655874706@lid,Engaja,2026-05-09 22:02:27.207999+00
17845,Pará,Engaja 2.0,Engaja 2.0 (Vermelha),120363419511068404@g.us,3A22BC3690DC015DAF89,"https://engaja.pro/09-05-engaja-07-b

Boa noite!

Vamos lá!
Curtir, comentar, compartilhar e salvar! 🚀

*Exemplos de comentários para usar como base (não copie, apenas se inspire).*

1. A governadora Hana mostra todos os dias que governar é estar perto do povo e conhecer a realidade de cada região.
2. Parabéns à governadora Hana pela dedicação e pelo trabalho que vem transformando o Pará inteiro.
3. A governadora Hana não para um minuto e isso mostra o compromisso que ela tem com os paraenses.
4. Muito bonito ver a governadora Hana presente nos municípios, ouvindo as pessoas e levando resultados reais.",mensagem simples,2026-05-09 19:28:06.929+00,Engaja,251015655874706@lid,Engaja,2026-05-09 22:28:07.225779+00
17951,Pará,Engaja 2.0,Engaja 2.0 (Azul),120363422002705740@g.us,3A7C806899051FC7D74B,"https://engaja.pro/09-05-engaja-08-a

Boa noite!

Vamos lá!
Curtir, comentar, compartilhar e salvar! 🚀

*Exemplos de comentários para usar como base (não copie, apenas se inspire).*

1. O futuro senador Helder sempre presente nos municípios e dialogando com quem conhece a realidade do povo. Parabéns pelo compromisso.
2. Parauapebas segue avançando com o trabalho sério do futuro senador Helder. O Pará tem orgulho dessa liderança.
3. O futuro senador Helder mostra todos os dias que governar é ouvir, dialogar e buscar soluções para a população.
4. Parabéns ao futuro senador Helder por estar sempre construindo parcerias importantes para o desenvolvimento do Pará.",mensagem simples,2026-05-09 20:55:24.301+00,Engaja,251015655874706@lid,Engaja,2026-05-09 23:55:24.715671+00
17952,Pará,Engaja 2.0,Engaja 2.0 (Vermelha),120363419511068404@g.us,3A3557D10172141FD646,"https://engaja.pro/09-05-engaja-08-b

Boa noite!

Vamos lá!
Curtir, comentar, compartilhar e salvar! 🚀

*Exemplos de comentários para usar como base (não copie, apenas se inspire).*

1. O futuro senador Helder sempre presente nos municípios e dialogando com quem conhece a realidade do povo. Parabéns pelo compromisso.
2. Parauapebas segue avançando com o trabalho sério do futuro senador Helder. O Pará tem orgulho dessa liderança.
3. O futuro senador Helder mostra todos os dias que governar é ouvir, dialogar e buscar soluções para a população.
4. Parabéns ao futuro senador Helder por estar sempre construindo parcerias importantes para o desenvolvimento do Pará.",mensagem simples,2026-05-09 20:55:39.856+00,Engaja,251015655874706@lid,Engaja,2026-05-09 23:55:40.100003+00
17982,Pará,Engaja 2.0,Engaja 2.0 (Azul),120363422002705740@g.us,3AF24AF16D85050EE0CF,"https://engaja.pro/10-05-engaja-01-a

Bom dia!

Vamos lá!
Curtir, comentar, compartilhar e salvar! 🚀

*Exemplos de comentários para usar como base (não copie, apenas se inspire).*

1. O futuro senador Helder faz política perto do povo e isso faz toda diferença.
2. Parabéns ao futuro senador Helder pelo trabalho em todas as regiões do Pará.
3. O futuro senador Helder segue levando desenvolvimento para os municípios paraenses.
4. Muito bonito ver o futuro senador Helder acompanhando de perto os avanços das cidades.",mensagem simples,2026-05-10 08:56:24.072+00,Engaja,251015655874706@lid,Engaja,2026-05-10 11:56:24.412466+00
17983,Pará,Engaja 2.0,Engaja 2.0 (Azul),120363422002705740@g.us,3AFAADFFC740EF954073,"https://engaja.pro/10-05-engaja-03-a

Bom dia!

Vamos lá!
Curtir, comentar, compartilhar e salvar! 🚀

*Exemplos de comentários para usar como base (não copie, apenas se inspire).*

1. A governadora Hana mostra todos os dias que governar também é cuidar das pessoas.
2. Parabéns à governadora Hana pelo carinho e atenção com as mães paraenses.
3. A governadora Hana faz um trabalho humano e muito importante para o Pará.
4. Cuidado, acolhimento e compromisso. Parabéns, governadora Hana.",mensagem simples,2026-05-10 09:51:31.627+00,Engaja,251015655874706@lid,Engaja,2026-05-10 12:51:32.117897+00
17984,Pará,Engaja 2.0,Engaja 2.0 (Vermelha),120363419511068404@g.us,3AA113EFDCBD144269C1,"https://engaja.pro/10-05-engaja-03-b

Bom dia!

Vamos lá!
Curtir, comentar, compartilhar e salvar! 🚀

*Exemplos de comentários para usar como base (não copie, apenas se inspire).*

1. A governadora Hana mostra todos os dias que governar também é cuidar das pessoas.
2. Parabéns à governadora Hana pelo carinho e atenção com as mães paraenses.
3. A governadora Hana faz um trabalho humano e muito importante para o Pará.
4. Cuidado, acolhimento e compromisso. Parabéns, governadora Hana.",mensagem simples,2026-05-10 09:51:49.495+00,Engaja,251015655874706@lid,Engaja,2026-05-10 12:51:50.108437+00
17985,Pará,Engaja 2.0,Engaja 2.0 (Vermelha),120363419511068404@g.us,3A23B9118EA64930D5EC,"https://engaja.pro/10-05-engaja-05-a

Bom dia!

Vamos lá!
Curtir, comentar, compartilhar e salvar! 🚀

*Exemplos de comentários para usar como base (não copie, apenas se inspire).*

1. Muito bonita essa homenagem do futuro senador Helder às mães paraenses.
2. O futuro senador Helder sempre mostrando carinho e respeito pela família. Parabéns.
3. Belo exemplo de amor e valorização das mães. Parabéns, futuro senador Helder.
4. O futuro senador Helder tem um coração humano e muito próximo das famílias paraenses.",mensagem simples,2026-05-10 10:36:41.292+00,Engaja,251015655874706@lid,Engaja,2026-05-10 13:36:41.81392+00
17986,Pará,Engaja 2.0,Engaja 2.0 (Azul),120363422002705740@g.us,3AE27A9FCDE965CC1E15,"https://engaja.pro/10-05-engaja-06-a

Bom dia!

Vamos lá!
Curtir, comentar, compartilhar e salvar! 🚀

*Exemplos de comentários para usar como base (não copie, apenas se inspire).*

1. Linda homenagem da governadora Hana à sua mãe. Muito bonito ver esse carinho e admiração.
2. A governadora Hana transmite amor, respeito e valores familiares em cada palavra. Parabéns.
3. Que mensagem mais sensível e verdadeira. Parabéns à governadora Hana por essa homenagem tão bonita.
4. Muito bonito ver a governadora Hana valorizando a força das mães paraenses.",mensagem simples,2026-05-10 11:15:51.524+00,Engaja,251015655874706@lid,Engaja,2026-05-10 14:15:51.913538+00
17987,Pará,Engaja 2.0,Engaja 2.0 (Vermelha),120363419511068404@g.us,3A913276A0517273E987,"https://engaja.pro/10-05-engaja-06-b

Bom dia!

Vamos lá!
Curtir, comentar, compartilhar e salvar! 🚀

*Exemplos de comentários para usar como base (não copie, apenas se inspire).*

1. Linda homenagem da governadora Hana à sua mãe. Muito bonito ver esse carinho e admiração.
2. A governadora Hana transmite amor, respeito e valores familiares em cada palavra. Parabéns.
3. Que mensagem mais sensível e verdadeira. Parabéns à governadora Hana por essa homenagem tão bonita.
4. Muito bonito ver a governadora Hana valorizando a força das mães paraenses.",mensagem simples,2026-05-10 11:16:20.307+00,Engaja,251015655874706@lid,Engaja,2026-05-10 14:16:20.780501+00
17988,Pará,Engaja 2.0,Engaja 2.0 (Azul),120363422002705740@g.us,3A8ECF2CF7E10704E9D0,"https://engaja.pro/10-05-engaja-07-a

Boa tarde!

Vamos lá!
Curtir, comentar, compartilhar e salvar! 🚀

*Exemplos de comentários para usar como base (não copie, apenas se inspire).*

1. O futuro senador Helder sempre valorizando a família e os momentos simples da vida. Muito bonito.
2. Parabéns ao futuro senador Helder por mostrar esse lado tão humano e familiar.
3. Família unida e cheia de amor. Belo exemplo do futuro senador Helder.
4. Muito bonito ver o futuro senador Helder aproveitando momentos especiais ao lado da família.",mensagem simples,2026-05-10 14:08:46.216+00,Engaja,251015655874706@lid,Engaja,2026-05-10 17:08:46.631561+00
17989,Pará,Engaja 2.0,Engaja 2.0 (Vermelha),120363419511068404@g.us,3A54C4FA185FB72D28DA,"https://engaja.pro/10-05-engaja-07-b

Boa tarde!

Vamos lá!
Curtir, comentar, compartilhar e salvar! 🚀

*Exemplos de comentários para usar como base (não copie, apenas se inspire).*

1. O futuro senador Helder sempre valorizando a família e os momentos simples da vida. Muito bonito.
2. Parabéns ao futuro senador Helder por mostrar esse lado tão humano e familiar.
3. Família unida e cheia de amor. Belo exemplo do futuro senador Helder.
4. Muito bonito ver o futuro senador Helder aproveitando momentos especiais ao lado da família.",mensagem simples,2026-05-10 14:09:05.03+00,Engaja,251015655874706@lid,Engaja,2026-05-10 17:09:05.589762+00